<?xml version = '1.0' encoding = 'UTF-8'?>
<Entity class="oracle.dbtools.crest.model.design.logical.Entity" directorySegmentName="seg_0" id="0FD32AA4-C18D-34D7-A786-054DAC0BE3EF" name="Reservation">
<createdBy>oracle</createdBy>
<createdTime>2009-12-15 11:45:05 UTC</createdTime>
<ownerDesignName>sol_14_01</ownerDesignName>
<engineerTo>
<item key="4AE89146-1F00-A6BD-71E8-0B154453935B" value="true"/>
</engineerTo>
<adequatelyNormalized>NO</adequatelyNormalized>
<expectedVolumes>0</expectedVolumes>
<fwdEngineeringStrategyName>Single Table</fwdEngineeringStrategyName>
<growthPercent>0</growthPercent>
<growthType>Year</growthType>
<maxVolumes>9999999</maxVolumes>
<minVolumes>0</minVolumes>
<normalForm>Third</normalForm>
<attributes itemClass="oracle.dbtools.crest.model.design.logical.Attribute">
<Attribute name="Criuse ID" id="D4A4D973-A950-8F4C-664A-3DEAB23D2273">
<createdBy>oracle</createdBy>
<createdTime>2009-12-15 11:54:07 UTC</createdTime>
<generatorID>456DB50B-32A1-598B-CA36-867E2B4A49B6</generatorID>
<ownerDesignName>sol_14_01</ownerDesignName>
<engineerTo>
<item key="4AE89146-1F00-A6BD-71E8-0B154453935B" value="true"/>
</engineerTo>
<referedAttribute>BF1C821D-F951-AC7B-3A39-A2B874711357</referedAttribute>
<use>0</use>
<logicalDatatype>LOGDT019</logicalDatatype>
<domain>E6BCF554-4132-4C22-A931-81D9B078FBEF</domain>
</Attribute>
<Attribute name="Passenger ID" id="43CD7A76-F684-5401-7995-D9804750080D">
<createdBy>oracle</createdBy>
<createdTime>2009-12-15 11:55:59 UTC</createdTime>
<generatorID>404E6EEE-DB88-C6CA-55AC-BBBCB11650B3</generatorID>
<ownerDesignName>sol_14_01</ownerDesignName>
<engineerTo>
<item key="4AE89146-1F00-A6BD-71E8-0B154453935B" value="true"/>
</engineerTo>
<referedAttribute>EBC58A6F-68A6-AA90-8BB8-F693B954BE0C</referedAttribute>
<use>0</use>
<logicalDatatype>LOGDT019</logicalDatatype>
<domain>E6BCF554-4132-4C22-A931-81D9B078FBEF</domain>
</Attribute>
<Attribute name="Cabin Ship ID" id="74E095C9-8B4E-EE42-F133-51392FCB1D06">
<createdBy>oracle</createdBy>
<createdTime>2009-12-15 12:11:53 UTC</createdTime>
<generatorID>635F91C1-B12A-CBD4-002F-3EA5E7F3125B</generatorID>
<ownerDesignName>sol_14_01</ownerDesignName>
<engineerTo>
<item key="4AE89146-1F00-A6BD-71E8-0B154453935B" value="true"/>
</engineerTo>
<referedAttribute>F95CC8DF-E426-9D50-8555-0092BD3E5656</referedAttribute>
<use>0</use>
<logicalDatatype>LOGDT019</logicalDatatype>
<domain>E6BCF554-4132-4C22-A931-81D9B078FBEF</domain>
</Attribute>
<Attribute name="Cabin Class ID" id="1F5A4183-4DEB-0E4F-A3D9-8B0F9D58130C">
<createdBy>oracle</createdBy>
<createdTime>2009-12-15 12:12:07 UTC</createdTime>
<generatorID>635F91C1-B12A-CBD4-002F-3EA5E7F3125B</generatorID>
<ownerDesignName>sol_14_01</ownerDesignName>
<engineerTo>
<item key="4AE89146-1F00-A6BD-71E8-0B154453935B" value="true"/>
</engineerTo>
<referedAttribute>E347E0E5-A63D-38D8-3ED7-918BE74C2E7A</referedAttribute>
<use>0</use>
<logicalDatatype>LOGDT019</logicalDatatype>
<domain>E6BCF554-4132-4C22-A931-81D9B078FBEF</domain>
</Attribute>
<Attribute name="Booking_Travel Agent_ID" id="D3C94779-E45D-476B-71AB-B9AAF80E95B6">
<createdBy>oracle</createdBy>
<createdTime>2010-02-10 14:00:11 UTC</createdTime>
<generatorID>593359B4-6EFA-2174-4B47-AE513D0F0E67</generatorID>
<ownerDesignName>sol_14_01</ownerDesignName>
<engineerTo>
<item key="4AE89146-1F00-A6BD-71E8-0B154453935B" value="true"/>
</engineerTo>
<referedAttribute>E1B69067-AC61-2272-A1B3-7265DFC5F83E</referedAttribute>
<use>0</use>
<logicalDatatype>LOGDT019</logicalDatatype>
<domain>E6BCF554-4132-4C22-A931-81D9B078FBEF</domain>
</Attribute>
</attributes>
<identifiers itemClass="oracle.dbtools.crest.model.design.logical.CandidateKey">
<identifier id="0BF7D370-8BAF-9171-59E2-51F9F65FF426" name="PK_Reservation">
<createdBy>oracle</createdBy>
<createdTime>2009-12-15 12:13:22 UTC</createdTime>
<ownerDesignName>sol_14_01</ownerDesignName>
<engineerTo>
<item key="4AE89146-1F00-A6BD-71E8-0B154453935B" value="true"/>
</engineerTo>
<pk>true</pk>
<usedAttributes>
<attributeRef>74E095C9-8B4E-EE42-F133-51392FCB1D06</attributeRef>
<attributeRef>1F5A4183-4DEB-0E4F-A3D9-8B0F9D58130C</attributeRef>
<attributeRef>D4A4D973-A950-8F4C-664A-3DEAB23D2273</attributeRef>
</usedAttributes>
</identifier>
</identifiers>
</Entity>