<?xml version = '1.0' encoding = 'UTF-8'?>
<Entity class="oracle.dbtools.crest.model.design.logical.Entity" directorySegmentName="seg_0" id="15E9A95F-2A81-16CB-DB34-3440B952EE7E" name="Cruise">
<createdBy>oracle</createdBy>
<createdTime>2009-12-15 11:42:33 UTC</createdTime>
<ownerDesignName>sol_14_01</ownerDesignName>
<engineerTo>
<item key="4AE89146-1F00-A6BD-71E8-0B154453935B" value="true"/>
</engineerTo>
<adequatelyNormalized>NO</adequatelyNormalized>
<expectedVolumes>0</expectedVolumes>
<fwdEngineeringStrategyName>Single Table</fwdEngineeringStrategyName>
<growthPercent>0</growthPercent>
<growthType>Year</growthType>
<maxVolumes>9999999</maxVolumes>
<minVolumes>0</minVolumes>
<normalForm>Third</normalForm>
<attributes itemClass="oracle.dbtools.crest.model.design.logical.Attribute">
<Attribute name="ID" id="BF1C821D-F951-AC7B-3A39-A2B874711357">
<createdBy>oracle</createdBy>
<createdTime>2009-12-15 11:42:44 UTC</createdTime>
<ownerDesignName>sol_14_01</ownerDesignName>
<engineerTo>
<item key="4AE89146-1F00-A6BD-71E8-0B154453935B" value="true"/>
</engineerTo>
<use>0</use>
<logicalDatatype>LOGDT019</logicalDatatype>
<domain>E6BCF554-4132-4C22-A931-81D9B078FBEF</domain>
</Attribute>
<Attribute name="Name" id="50780A98-F39D-3C2F-62F3-9311EE5DAC8B">
<createdBy>oracle</createdBy>
<createdTime>2009-12-15 11:42:56 UTC</createdTime>
<ownerDesignName>sol_14_01</ownerDesignName>
<engineerTo>
<item key="4AE89146-1F00-A6BD-71E8-0B154453935B" value="true"/>
</engineerTo>
<nullsAllowed>true</nullsAllowed>
<use>0</use>
<logicalDatatype>LOGDT024</logicalDatatype>
<dataTypeSize>50 CHAR</dataTypeSize>
<domain>17143984-3D38-0092-CA15-93F1A735E9C0</domain>
</Attribute>
<Attribute name="Number of Days" id="D5A338A4-6D0F-AC49-FDD0-14C160CBAF0A">
<createdBy>oracle</createdBy>
<createdTime>2009-12-15 11:43:12 UTC</createdTime>
<ownerDesignName>sol_14_01</ownerDesignName>
<engineerTo>
<item key="4AE89146-1F00-A6BD-71E8-0B154453935B" value="true"/>
</engineerTo>
<nullsAllowed>true</nullsAllowed>
<useDomainConstraints>false</useDomainConstraints>
<use>1</use>
<logicalDatatype>LOGDT019</logicalDatatype>
<dataTypePrecision>3</dataTypePrecision>
<dataTypeScale>0</dataTypeScale>
</Attribute>
<Attribute name="Ship ID" id="60F9A9D7-BBA7-E4FD-5580-4BCBC2519770">
<createdBy>oracle</createdBy>
<createdTime>2009-12-15 11:58:51 UTC</createdTime>
<generatorID>ECD5D45F-CED9-2A31-5871-01842E5D99CF</generatorID>
<ownerDesignName>sol_14_01</ownerDesignName>
<engineerTo>
<item key="4AE89146-1F00-A6BD-71E8-0B154453935B" value="true"/>
</engineerTo>
<referedAttribute>E0244405-A477-5E8B-E5AF-0755A78681E3</referedAttribute>
<use>0</use>
<logicalDatatype>LOGDT019</logicalDatatype>
<domain>E6BCF554-4132-4C22-A931-81D9B078FBEF</domain>
</Attribute>
</attributes>
<identifiers itemClass="oracle.dbtools.crest.model.design.logical.CandidateKey">
<identifier id="8451053D-EF8E-0971-836A-3661DD60CB2D" name="Cruise_PK">
<createdBy>oracle</createdBy>
<createdTime>2009-12-15 11:42:55 UTC</createdTime>
<ownerDesignName>sol_14_01</ownerDesignName>
<engineerTo>
<item key="4AE89146-1F00-A6BD-71E8-0B154453935B" value="true"/>
</engineerTo>
<pk>true</pk>
<usedAttributes>
<attributeRef>BF1C821D-F951-AC7B-3A39-A2B874711357</attributeRef>
</usedAttributes>
</identifier>
</identifiers>
</Entity>