<?xml version = '1.0' encoding = 'UTF-8'?>
<Entity class="oracle.dbtools.crest.model.design.logical.Entity" directorySegmentName="seg_0" id="61A32928-F2A8-830C-9363-8F033C7EEF2B" name="Port">
<createdBy>oracle</createdBy>
<createdTime>2009-12-15 11:44:09 UTC</createdTime>
<ownerDesignName>sol_14_01</ownerDesignName>
<engineerTo>
<item key="4AE89146-1F00-A6BD-71E8-0B154453935B" value="true"/>
</engineerTo>
<adequatelyNormalized>NO</adequatelyNormalized>
<expectedVolumes>0</expectedVolumes>
<fwdEngineeringStrategyName>Single Table</fwdEngineeringStrategyName>
<growthPercent>0</growthPercent>
<growthType>Year</growthType>
<maxVolumes>9999999</maxVolumes>
<minVolumes>0</minVolumes>
<normalForm>Third</normalForm>
<attributes itemClass="oracle.dbtools.crest.model.design.logical.Attribute">
<Attribute name="ID" id="4AFA6327-BA46-6B16-719E-09786E1DA26A">
<createdBy>oracle</createdBy>
<createdTime>2009-12-15 11:44:22 UTC</createdTime>
<ownerDesignName>sol_14_01</ownerDesignName>
<engineerTo>
<item key="4AE89146-1F00-A6BD-71E8-0B154453935B" value="true"/>
</engineerTo>
<use>0</use>
<logicalDatatype>LOGDT019</logicalDatatype>
<domain>E6BCF554-4132-4C22-A931-81D9B078FBEF</domain>
</Attribute>
<Attribute name="Name" id="81C57F9F-79C6-BCF9-8F77-2AEAD3685D05">
<createdBy>oracle</createdBy>
<createdTime>2009-12-15 11:44:26 UTC</createdTime>
<ownerDesignName>sol_14_01</ownerDesignName>
<engineerTo>
<item key="4AE89146-1F00-A6BD-71E8-0B154453935B" value="true"/>
</engineerTo>
<nullsAllowed>true</nullsAllowed>
<use>0</use>
<logicalDatatype>LOGDT024</logicalDatatype>
<dataTypeSize>50 CHAR</dataTypeSize>
<domain>17143984-3D38-0092-CA15-93F1A735E9C0</domain>
</Attribute>
</attributes>
<identifiers itemClass="oracle.dbtools.crest.model.design.logical.CandidateKey">
<identifier id="741A5F14-F40E-F59E-F8BF-6FE8196533AC" name="Port_PK">
<createdBy>oracle</createdBy>
<createdTime>2009-12-15 11:44:35 UTC</createdTime>
<ownerDesignName>sol_14_01</ownerDesignName>
<engineerTo>
<item key="4AE89146-1F00-A6BD-71E8-0B154453935B" value="true"/>
</engineerTo>
<pk>true</pk>
<usedAttributes>
<attributeRef>4AFA6327-BA46-6B16-719E-09786E1DA26A</attributeRef>
</usedAttributes>
</identifier>
</identifiers>
</Entity>