<?xml version = '1.0' encoding = 'UTF-8'?>
<Entity class="oracle.dbtools.crest.model.design.logical.Entity" directorySegmentName="seg_0" id="7042EEB2-9AAD-73A4-32F3-D26941A03D10" name="Booking">
<createdBy>oracle</createdBy>
<createdTime>2009-12-15 11:47:02 UTC</createdTime>
<ownerDesignName>sol_14_01</ownerDesignName>
<engineerTo>
<item key="4AE89146-1F00-A6BD-71E8-0B154453935B" value="true"/>
</engineerTo>
<adequatelyNormalized>NO</adequatelyNormalized>
<expectedVolumes>0</expectedVolumes>
<fwdEngineeringStrategyName>Single Table</fwdEngineeringStrategyName>
<growthPercent>0</growthPercent>
<growthType>Year</growthType>
<maxVolumes>9999999</maxVolumes>
<minVolumes>0</minVolumes>
<normalForm>Third</normalForm>
<attributes itemClass="oracle.dbtools.crest.model.design.logical.Attribute">
<Attribute name="Travel Agent_ID" id="E1B69067-AC61-2272-A1B3-7265DFC5F83E">
<createdBy>oracle</createdBy>
<createdTime>2010-02-10 14:00:11 UTC</createdTime>
<generatorID>D7DD1A13-82F0-9148-4F8D-84328F13ECBD</generatorID>
<ownerDesignName>sol_14_01</ownerDesignName>
<engineerTo>
<item key="4AE89146-1F00-A6BD-71E8-0B154453935B" value="true"/>
</engineerTo>
<referedAttribute>5602043F-DD03-233B-DE73-0D7B29850329</referedAttribute>
<use>0</use>
<logicalDatatype>LOGDT019</logicalDatatype>
<domain>E6BCF554-4132-4C22-A931-81D9B078FBEF</domain>
</Attribute>
</attributes>
<identifiers itemClass="oracle.dbtools.crest.model.design.logical.CandidateKey">
<identifier id="8A8A14B9-360D-D383-2B7B-F5E014766DB7" name="PK_Booking">
<createdBy>oracle</createdBy>
<createdTime>2010-02-10 14:00:11 UTC</createdTime>
<ownerDesignName>sol_14_01</ownerDesignName>
<engineerTo>
<item key="4AE89146-1F00-A6BD-71E8-0B154453935B" value="true"/>
</engineerTo>
<pk>true</pk>
<usedAttributes>
<attributeRef>E1B69067-AC61-2272-A1B3-7265DFC5F83E</attributeRef>
</usedAttributes>
</identifier>
</identifiers>
</Entity>