<?xml version = '1.0' encoding = 'UTF-8'?>
<Entity class="oracle.dbtools.crest.model.design.logical.Entity" directorySegmentName="seg_0" id="8530C4E5-1326-E7D5-7378-5DB03BEAFAD9" name="Class">
<createdBy>oracle</createdBy>
<createdTime>2009-12-15 11:48:41 UTC</createdTime>
<ownerDesignName>sol_14_01</ownerDesignName>
<engineerTo>
<item key="4AE89146-1F00-A6BD-71E8-0B154453935B" value="true"/>
</engineerTo>
<adequatelyNormalized>NO</adequatelyNormalized>
<expectedVolumes>0</expectedVolumes>
<fwdEngineeringStrategyName>Single Table</fwdEngineeringStrategyName>
<growthPercent>0</growthPercent>
<growthType>Year</growthType>
<maxVolumes>9999999</maxVolumes>
<minVolumes>0</minVolumes>
<normalForm>Third</normalForm>
<attributes itemClass="oracle.dbtools.crest.model.design.logical.Attribute">
<Attribute name="ID" id="E04819F5-757A-3484-1F47-BED3D94EEC19">
<createdBy>oracle</createdBy>
<createdTime>2009-12-15 11:48:47 UTC</createdTime>
<ownerDesignName>sol_14_01</ownerDesignName>
<engineerTo>
<item key="4AE89146-1F00-A6BD-71E8-0B154453935B" value="true"/>
</engineerTo>
<use>0</use>
<logicalDatatype>LOGDT019</logicalDatatype>
<domain>E6BCF554-4132-4C22-A931-81D9B078FBEF</domain>
</Attribute>
</attributes>
<identifiers itemClass="oracle.dbtools.crest.model.design.logical.CandidateKey">
<identifier id="BF9567F6-55DC-2B13-6C73-30F898AE4576" name="Class_PK">
<createdBy>oracle</createdBy>
<createdTime>2009-12-15 11:48:50 UTC</createdTime>
<ownerDesignName>sol_14_01</ownerDesignName>
<engineerTo>
<item key="4AE89146-1F00-A6BD-71E8-0B154453935B" value="true"/>
</engineerTo>
<pk>true</pk>
<usedAttributes>
<attributeRef>E04819F5-757A-3484-1F47-BED3D94EEC19</attributeRef>
</usedAttributes>
</identifier>
</identifiers>
</Entity>