<?xml version = '1.0' encoding = 'UTF-8'?>
<Entity class="oracle.dbtools.crest.model.design.logical.Entity" directorySegmentName="seg_0" id="8BDE1348-5E76-D5BE-9F6D-9BD6858B56C1" name="Cruise Stop">
<createdBy>oracle</createdBy>
<createdTime>2009-12-15 11:44:41 UTC</createdTime>
<ownerDesignName>sol_14_01</ownerDesignName>
<engineerTo>
<item key="4AE89146-1F00-A6BD-71E8-0B154453935B" value="true"/>
</engineerTo>
<adequatelyNormalized>NO</adequatelyNormalized>
<expectedVolumes>0</expectedVolumes>
<fwdEngineeringStrategyName>Single Table</fwdEngineeringStrategyName>
<growthPercent>0</growthPercent>
<growthType>Year</growthType>
<maxVolumes>9999999</maxVolumes>
<minVolumes>0</minVolumes>
<normalForm>Third</normalForm>
<attributes itemClass="oracle.dbtools.crest.model.design.logical.Attribute">
<Attribute name="Cruise ID" id="A64D9E73-0B31-3124-D6AA-367AA128EA32">
<createdBy>oracle</createdBy>
<createdTime>2009-12-15 11:54:41 UTC</createdTime>
<generatorID>948FB387-CC90-FE61-7912-E43D9C0A4706</generatorID>
<ownerDesignName>sol_14_01</ownerDesignName>
<engineerTo>
<item key="4AE89146-1F00-A6BD-71E8-0B154453935B" value="true"/>
</engineerTo>
<referedAttribute>BF1C821D-F951-AC7B-3A39-A2B874711357</referedAttribute>
<use>0</use>
<logicalDatatype>LOGDT019</logicalDatatype>
<domain>E6BCF554-4132-4C22-A931-81D9B078FBEF</domain>
</Attribute>
<Attribute name="Port ID" id="179309B4-8F08-1002-875A-8D211455D345">
<createdBy>oracle</createdBy>
<createdTime>2009-12-15 11:55:16 UTC</createdTime>
<generatorID>204FBB8E-CB06-E8EF-C8CE-2955354EDB3A</generatorID>
<ownerDesignName>sol_14_01</ownerDesignName>
<engineerTo>
<item key="4AE89146-1F00-A6BD-71E8-0B154453935B" value="true"/>
</engineerTo>
<referedAttribute>4AFA6327-BA46-6B16-719E-09786E1DA26A</referedAttribute>
<use>0</use>
<logicalDatatype>LOGDT019</logicalDatatype>
<domain>E6BCF554-4132-4C22-A931-81D9B078FBEF</domain>
</Attribute>
</attributes>
<identifiers itemClass="oracle.dbtools.crest.model.design.logical.CandidateKey">
<identifier id="47AA6B6F-29BE-5884-0A28-690E75E66B93" name="PK_Cruise Stop">
<createdBy>oracle</createdBy>
<createdTime>2009-12-15 12:12:34 UTC</createdTime>
<ownerDesignName>sol_14_01</ownerDesignName>
<engineerTo>
<item key="4AE89146-1F00-A6BD-71E8-0B154453935B" value="true"/>
</engineerTo>
<pk>true</pk>
<usedAttributes>
<attributeRef>179309B4-8F08-1002-875A-8D211455D345</attributeRef>
<attributeRef>A64D9E73-0B31-3124-D6AA-367AA128EA32</attributeRef>
</usedAttributes>
</identifier>
</identifiers>
</Entity>