<?xml version = '1.0' encoding = 'UTF-8'?>
<Entity class="oracle.dbtools.crest.model.design.logical.Entity" directorySegmentName="seg_0" id="9B94C46E-736E-EFEA-FA9C-0416E1058489" name="Travel Agent">
<createdBy>oracle</createdBy>
<createdTime>2009-12-15 11:48:54 UTC</createdTime>
<ownerDesignName>sol_14_01</ownerDesignName>
<engineerTo>
<item key="4AE89146-1F00-A6BD-71E8-0B154453935B" value="true"/>
</engineerTo>
<adequatelyNormalized>NO</adequatelyNormalized>
<expectedVolumes>0</expectedVolumes>
<fwdEngineeringStrategyName>Single Table</fwdEngineeringStrategyName>
<growthPercent>0</growthPercent>
<growthType>Year</growthType>
<maxVolumes>9999999</maxVolumes>
<minVolumes>0</minVolumes>
<normalForm>Third</normalForm>
<attributes itemClass="oracle.dbtools.crest.model.design.logical.Attribute">
<Attribute name="ID" id="5602043F-DD03-233B-DE73-0D7B29850329">
<createdBy>oracle</createdBy>
<createdTime>2009-12-15 11:49:00 UTC</createdTime>
<ownerDesignName>sol_14_01</ownerDesignName>
<engineerTo>
<item key="4AE89146-1F00-A6BD-71E8-0B154453935B" value="true"/>
</engineerTo>
<use>0</use>
<logicalDatatype>LOGDT019</logicalDatatype>
<domain>E6BCF554-4132-4C22-A931-81D9B078FBEF</domain>
</Attribute>
<Attribute name="Name" id="57C12FB5-5660-CB65-8A50-9F8FA5CFC7C9">
<createdBy>oracle</createdBy>
<createdTime>2009-12-15 11:49:03 UTC</createdTime>
<ownerDesignName>sol_14_01</ownerDesignName>
<engineerTo>
<item key="4AE89146-1F00-A6BD-71E8-0B154453935B" value="true"/>
</engineerTo>
<nullsAllowed>true</nullsAllowed>
<use>0</use>
<logicalDatatype>LOGDT024</logicalDatatype>
<dataTypeSize>50 CHAR</dataTypeSize>
<domain>17143984-3D38-0092-CA15-93F1A735E9C0</domain>
</Attribute>
<Attribute name="Address" id="5639C887-4FE1-A73C-7810-DA333FECEC3D">
<createdBy>oracle</createdBy>
<createdTime>2009-12-15 11:49:05 UTC</createdTime>
<ownerDesignName>sol_14_01</ownerDesignName>
<engineerTo>
<item key="4AE89146-1F00-A6BD-71E8-0B154453935B" value="true"/>
</engineerTo>
<nullsAllowed>true</nullsAllowed>
<useDomainConstraints>false</useDomainConstraints>
<use>1</use>
<logicalDatatype>LOGDT024</logicalDatatype>
<dataTypeSize>100</dataTypeSize>
</Attribute>
<Attribute name="Phone Number" id="EBF909B9-C9B9-7226-C5E0-59FFA9D874D2">
<createdBy>oracle</createdBy>
<createdTime>2009-12-15 11:49:11 UTC</createdTime>
<ownerDesignName>sol_14_01</ownerDesignName>
<engineerTo>
<item key="4AE89146-1F00-A6BD-71E8-0B154453935B" value="true"/>
</engineerTo>
<nullsAllowed>true</nullsAllowed>
<useDomainConstraints>false</useDomainConstraints>
<use>1</use>
<logicalDatatype>LOGDT024</logicalDatatype>
<dataTypeSize>10</dataTypeSize>
</Attribute>
<Attribute name="Commission Percent" id="22955AEF-E95D-04F2-0BC1-E655788B2214">
<createdBy>oracle</createdBy>
<createdTime>2009-12-15 11:49:15 UTC</createdTime>
<ownerDesignName>sol_14_01</ownerDesignName>
<engineerTo>
<item key="4AE89146-1F00-A6BD-71E8-0B154453935B" value="true"/>
</engineerTo>
<nullsAllowed>true</nullsAllowed>
<useDomainConstraints>false</useDomainConstraints>
<use>1</use>
<logicalDatatype>LOGDT026</logicalDatatype>
<dataTypePrecision>0</dataTypePrecision>
<dataTypeScale>2</dataTypeScale>
</Attribute>
</attributes>
<identifiers itemClass="oracle.dbtools.crest.model.design.logical.CandidateKey">
<identifier id="24EE8C4C-D992-886C-C7D9-E504B6795015" name="Travel Agent_PK">
<createdBy>oracle</createdBy>
<createdTime>2009-12-15 11:49:23 UTC</createdTime>
<ownerDesignName>sol_14_01</ownerDesignName>
<engineerTo>
<item key="4AE89146-1F00-A6BD-71E8-0B154453935B" value="true"/>
</engineerTo>
<pk>true</pk>
<usedAttributes>
<attributeRef>5602043F-DD03-233B-DE73-0D7B29850329</attributeRef>
</usedAttributes>
</identifier>
</identifiers>
</Entity>