<?xml version = '1.0' encoding = 'UTF-8'?>
<Entity class="oracle.dbtools.crest.model.design.logical.Entity" directorySegmentName="seg_0" id="A9E2F8D2-462B-25E6-9968-B2CA068A9039" name="Cabin">
<createdBy>oracle</createdBy>
<createdTime>2009-12-15 11:47:54 UTC</createdTime>
<ownerDesignName>sol_14_01</ownerDesignName>
<engineerTo>
<item key="4AE89146-1F00-A6BD-71E8-0B154453935B" value="true"/>
</engineerTo>
<adequatelyNormalized>NO</adequatelyNormalized>
<expectedVolumes>0</expectedVolumes>
<fwdEngineeringStrategyName>Single Table</fwdEngineeringStrategyName>
<growthPercent>0</growthPercent>
<growthType>Year</growthType>
<maxVolumes>9999999</maxVolumes>
<minVolumes>0</minVolumes>
<normalForm>Third</normalForm>
<attributes itemClass="oracle.dbtools.crest.model.design.logical.Attribute">
<Attribute name="Price" id="F1F3A665-E845-3B41-C51A-81E2AE04C481">
<createdBy>oracle</createdBy>
<createdTime>2009-12-15 11:48:10 UTC</createdTime>
<ownerDesignName>sol_14_01</ownerDesignName>
<engineerTo>
<item key="4AE89146-1F00-A6BD-71E8-0B154453935B" value="true"/>
</engineerTo>
<nullsAllowed>true</nullsAllowed>
<useDomainConstraints>false</useDomainConstraints>
<use>1</use>
<logicalDatatype>LOGDT043</logicalDatatype>
<dataTypePrecision>10</dataTypePrecision>
<dataTypeScale>2</dataTypeScale>
</Attribute>
<Attribute name="Class ID" id="E347E0E5-A63D-38D8-3ED7-918BE74C2E7A">
<createdBy>oracle</createdBy>
<createdTime>2009-12-15 11:57:09 UTC</createdTime>
<generatorID>C1D3D3A8-FAF7-36B6-8349-927969E22AC2</generatorID>
<ownerDesignName>sol_14_01</ownerDesignName>
<engineerTo>
<item key="4AE89146-1F00-A6BD-71E8-0B154453935B" value="true"/>
</engineerTo>
<referedAttribute>E04819F5-757A-3484-1F47-BED3D94EEC19</referedAttribute>
<use>0</use>
<logicalDatatype>LOGDT019</logicalDatatype>
<domain>E6BCF554-4132-4C22-A931-81D9B078FBEF</domain>
</Attribute>
<Attribute name="Ship ID" id="F95CC8DF-E426-9D50-8555-0092BD3E5656">
<createdBy>oracle</createdBy>
<createdTime>2009-12-15 11:58:09 UTC</createdTime>
<generatorID>FE4C8154-2F2B-9385-AB82-6E393B341B29</generatorID>
<ownerDesignName>sol_14_01</ownerDesignName>
<engineerTo>
<item key="4AE89146-1F00-A6BD-71E8-0B154453935B" value="true"/>
</engineerTo>
<referedAttribute>E0244405-A477-5E8B-E5AF-0755A78681E3</referedAttribute>
<use>0</use>
<logicalDatatype>LOGDT019</logicalDatatype>
<domain>E6BCF554-4132-4C22-A931-81D9B078FBEF</domain>
</Attribute>
</attributes>
<identifiers itemClass="oracle.dbtools.crest.model.design.logical.CandidateKey">
<identifier id="A9FCB8B4-07D0-02A9-716F-922CF4031169" name="PK_Cabin">
<createdBy>oracle</createdBy>
<createdTime>2009-12-15 12:11:53 UTC</createdTime>
<ownerDesignName>sol_14_01</ownerDesignName>
<engineerTo>
<item key="4AE89146-1F00-A6BD-71E8-0B154453935B" value="true"/>
</engineerTo>
<pk>true</pk>
<usedAttributes>
<attributeRef>F95CC8DF-E426-9D50-8555-0092BD3E5656</attributeRef>
<attributeRef>E347E0E5-A63D-38D8-3ED7-918BE74C2E7A</attributeRef>
</usedAttributes>
</identifier>
</identifiers>
</Entity>