<?xml version = '1.0' encoding = 'UTF-8'?>
<TableProxyOraclev11g class="oracle.dbtools.crest.model.design.storage.oracle.v11g.TableProxyOraclev11g" name="DEPARTMENTS" directorySegmentName="seg_0" id="2168CBE7-8512-43AF-48C7-517B0CF601DA">
<createdBy>oracle</createdBy>
<createdTime>2009-12-18 15:30:38 UTC</createdTime>
<ownerDesignName>hr_schema</ownerDesignName>
<schemaObject>91BBC53F-E145-664F-70A0-ED96283330FD</schemaObject>
<iotPctThreshold>1</iotPctThreshold>
<logging>YES</logging>
<monitoring>YES</monitoring>
<partitionedRowMovement>DISABLE</partitionedRowMovement>
<segment>CF0CF955-F26F-0FE3-53FA-27086FAD4DC6</segment>
<tableSpace>8D9F9F75-2F4C-5448-22DE-977BCF0C45EF</tableSpace>
<user>EF0769EA-C6DD-D4F0-CC74-C7443578AAD5</user>
<indexProxies>
<IndexProxy class="oracle.dbtools.crest.model.design.storage.oracle.v10g.IndexProxyOraclev10g" name="DEPT_LOCATION_IX" id="6CA7A0B0-E5FA-6324-7B59-FBC3CA285A01">
<createdBy>oracle</createdBy>
<createdTime>2009-12-18 15:30:38 UTC</createdTime>
<ownerDesignName>hr_schema</ownerDesignName>
<logging>NO</logging>
<segment>C0209DC4-3513-72A4-B20D-4C5A99DAA88E</segment>
<tableSpace>8D9F9F75-2F4C-5448-22DE-977BCF0C45EF</tableSpace>
<user>EF0769EA-C6DD-D4F0-CC74-C7443578AAD5</user>
<propertyMap>
<property name="design.owner" value="hr_schema"/>
<property name="object.existsinrepository" value="true"/>
<property name="object.property.auto.DeletedInPhysicalDesign" value="false"/>
</propertyMap>
</IndexProxy>
</indexProxies>
<columnProxies itemClass="oracle.dbtools.crest.model.design.storage.oracle.v12c.ColumnProxyOraclev12c">
<ColumnProxy name="LOCATION_ID" id="2886CA64-6E41-9CEC-0CED-B1FA02A53474">
<createdBy>oracle</createdBy>
<createdTime>2009-12-18 15:30:38 UTC</createdTime>
<ownerDesignName>hr_schema</ownerDesignName>
<logging>YES</logging>
<propertyMap>
<property name="design.owner" value="hr_schema"/>
<property name="object.existsinrepository" value="true"/>
<property name="object.property.auto.DeletedInPhysicalDesign" value="false"/>
<property name="object.property.auto.SubstStructuredType" value="NO_OBJECT"/>
</propertyMap>
</ColumnProxy>
<ColumnProxy name="MANAGER_ID" id="35B7AE12-E62D-2ACD-657E-2AAD9221A0D8">
<createdBy>oracle</createdBy>
<createdTime>2009-12-18 15:30:38 UTC</createdTime>
<ownerDesignName>hr_schema</ownerDesignName>
<logging>YES</logging>
<propertyMap>
<property name="design.owner" value="hr_schema"/>
<property name="object.existsinrepository" value="true"/>
<property name="object.property.auto.DeletedInPhysicalDesign" value="false"/>
<property name="object.property.auto.SubstStructuredType" value="NO_OBJECT"/>
</propertyMap>
</ColumnProxy>
<ColumnProxy name="DEPARTMENT_NAME" id="453BE916-7F76-A511-6701-F5915743AFE2">
<createdBy>oracle</createdBy>
<createdTime>2009-12-18 15:30:38 UTC</createdTime>
<ownerDesignName>hr_schema</ownerDesignName>
<nncname>DEPT_NAME_NN</nncname>
<logging>YES</logging>
<propertyMap>
<property name="design.owner" value="hr_schema"/>
<property name="object.existsinrepository" value="true"/>
<property name="object.property.auto.DeletedInPhysicalDesign" value="false"/>
<property name="object.property.auto.SubstStructuredType" value="NO_OBJECT"/>
</propertyMap>
</ColumnProxy>
<ColumnProxy name="DEPARTMENT_ID" id="DF28A083-70FD-FDD7-AC56-B04337F67123">
<createdBy>oracle</createdBy>
<createdTime>2009-12-18 15:30:38 UTC</createdTime>
<ownerDesignName>hr_schema</ownerDesignName>
<logging>YES</logging>
<propertyMap>
<property name="design.owner" value="hr_schema"/>
<property name="object.existsinrepository" value="true"/>
<property name="object.property.auto.DeletedInPhysicalDesign" value="false"/>
<property name="object.property.auto.SubstStructuredType" value="NO_OBJECT"/>
</propertyMap>
</ColumnProxy>
</columnProxies>
<foreignKeys>
<ForeignKey class="oracle.dbtools.crest.model.design.storage.oracle.v10g.FKProxyOraclev10g" name="DEPT_MGR_FK" id="2D54AC08-F2AF-0402-E766-010460B96295">
<createdBy>oracle</createdBy>
<createdTime>2009-12-18 15:30:39 UTC</createdTime>
<ownerDesignName>hr_schema</ownerDesignName>
<propertyMap>
<property name="design.owner" value="hr_schema"/>
<property name="object.existsinrepository" value="true"/>
<property name="object.property.auto.DeletedInPhysicalDesign" value="false"/>
<property name="object.property.auto.OnDelete" value="CASCADE"/>
</propertyMap>
</ForeignKey>
<ForeignKey class="oracle.dbtools.crest.model.design.storage.oracle.v10g.FKProxyOraclev10g" name="DEPT_LOC_FK" id="509E07CC-69FA-99FA-7608-65CC8514023F">
<createdBy>oracle</createdBy>
<createdTime>2009-12-18 15:30:39 UTC</createdTime>
<ownerDesignName>hr_schema</ownerDesignName>
<propertyMap>
<property name="design.owner" value="hr_schema"/>
<property name="object.existsinrepository" value="true"/>
<property name="object.property.auto.DeletedInPhysicalDesign" value="false"/>
<property name="object.property.auto.OnDelete" value="CASCADE"/>
</propertyMap>
</ForeignKey>
</foreignKeys>
<primaryKeys>
<PrimaryKey class="oracle.dbtools.crest.model.design.storage.oracle.v10g.PKProxyOraclev10g" name="DEPT_ID_PK" id="943B23A4-CA22-86F8-106B-3A0394BA0076">
<createdBy>oracle</createdBy>
<createdTime>2009-12-18 15:30:38 UTC</createdTime>
<ownerDesignName>hr_schema</ownerDesignName>
<logging>NO</logging>
<indexSort>NO</indexSort>
<propertyMap>
<property name="design.owner" value="hr_schema"/>
<property name="object.existsinrepository" value="true"/>
<property name="object.property.auto.DeletedInPhysicalDesign" value="false"/>
</propertyMap>
</PrimaryKey>
</primaryKeys>
</TableProxyOraclev11g>