<?xml version = '1.0' encoding = 'UTF-8'?>
<TableProxyOraclev11g class="oracle.dbtools.crest.model.design.storage.oracle.v11g.TableProxyOraclev11g" name="JOB_HISTORY" directorySegmentName="seg_0" id="6F2BC1A4-E6A1-0FFC-1DF5-E47419565A76">
<createdBy>oracle</createdBy>
<createdTime>2009-12-18 15:30:38 UTC</createdTime>
<ownerDesignName>hr_schema</ownerDesignName>
<schemaObject>91BBC53F-E145-664F-70A0-ED96283330FD</schemaObject>
<iotPctThreshold>1</iotPctThreshold>
<logging>YES</logging>
<monitoring>YES</monitoring>
<partitionedRowMovement>DISABLE</partitionedRowMovement>
<segment>CF0CF955-F26F-0FE3-53FA-27086FAD4DC6</segment>
<tableSpace>8D9F9F75-2F4C-5448-22DE-977BCF0C45EF</tableSpace>
<user>EF0769EA-C6DD-D4F0-CC74-C7443578AAD5</user>
<indexProxies>
<IndexProxy class="oracle.dbtools.crest.model.design.storage.oracle.v10g.IndexProxyOraclev10g" name="JHIST_JOB_IX" id="722DBF87-11A5-5855-7692-B6DCAC4FFB98">
<createdBy>oracle</createdBy>
<createdTime>2009-12-18 15:30:38 UTC</createdTime>
<ownerDesignName>hr_schema</ownerDesignName>
<logging>NO</logging>
<segment>C0209DC4-3513-72A4-B20D-4C5A99DAA88E</segment>
<tableSpace>8D9F9F75-2F4C-5448-22DE-977BCF0C45EF</tableSpace>
<user>EF0769EA-C6DD-D4F0-CC74-C7443578AAD5</user>
<propertyMap>
<property name="design.owner" value="hr_schema"/>
<property name="object.existsinrepository" value="true"/>
<property name="object.property.auto.DeletedInPhysicalDesign" value="false"/>
</propertyMap>
</IndexProxy>
<IndexProxy class="oracle.dbtools.crest.model.design.storage.oracle.v10g.IndexProxyOraclev10g" name="JHIST_EMPLOYEE_IX" id="A08A1593-EBCF-1FE7-D6CF-4048C2EAC3DB">
<createdBy>oracle</createdBy>
<createdTime>2009-12-18 15:30:38 UTC</createdTime>
<ownerDesignName>hr_schema</ownerDesignName>
<logging>NO</logging>
<segment>C0209DC4-3513-72A4-B20D-4C5A99DAA88E</segment>
<tableSpace>8D9F9F75-2F4C-5448-22DE-977BCF0C45EF</tableSpace>
<user>EF0769EA-C6DD-D4F0-CC74-C7443578AAD5</user>
<propertyMap>
<property name="design.owner" value="hr_schema"/>
<property name="object.existsinrepository" value="true"/>
<property name="object.property.auto.DeletedInPhysicalDesign" value="false"/>
</propertyMap>
</IndexProxy>
<IndexProxy class="oracle.dbtools.crest.model.design.storage.oracle.v10g.IndexProxyOraclev10g" name="JHIST_DEPARTMENT_IX" id="BC5CEED0-CA15-712F-65B7-AD47FC9B32DD">
<createdBy>oracle</createdBy>
<createdTime>2009-12-18 15:30:38 UTC</createdTime>
<ownerDesignName>hr_schema</ownerDesignName>
<logging>NO</logging>
<segment>C0209DC4-3513-72A4-B20D-4C5A99DAA88E</segment>
<tableSpace>8D9F9F75-2F4C-5448-22DE-977BCF0C45EF</tableSpace>
<user>EF0769EA-C6DD-D4F0-CC74-C7443578AAD5</user>
<propertyMap>
<property name="design.owner" value="hr_schema"/>
<property name="object.existsinrepository" value="true"/>
<property name="object.property.auto.DeletedInPhysicalDesign" value="false"/>
</propertyMap>
</IndexProxy>
</indexProxies>
<columnProxies itemClass="oracle.dbtools.crest.model.design.storage.oracle.v12c.ColumnProxyOraclev12c">
<ColumnProxy name="END_DATE" id="598ECA8D-712A-0A83-50D6-06F4F2F6B884">
<createdBy>oracle</createdBy>
<createdTime>2009-12-18 15:30:38 UTC</createdTime>
<ownerDesignName>hr_schema</ownerDesignName>
<nncname>JHIST_END_DATE_NN</nncname>
<logging>YES</logging>
<propertyMap>
<property name="design.owner" value="hr_schema"/>
<property name="object.existsinrepository" value="true"/>
<property name="object.property.auto.DeletedInPhysicalDesign" value="false"/>
<property name="object.property.auto.SubstStructuredType" value="NO_OBJECT"/>
</propertyMap>
</ColumnProxy>
<ColumnProxy name="DEPARTMENT_ID" id="6578BE90-2BD1-3E7C-4AA9-A132B19A393D">
<createdBy>oracle</createdBy>
<createdTime>2009-12-18 15:30:38 UTC</createdTime>
<ownerDesignName>hr_schema</ownerDesignName>
<logging>YES</logging>
<propertyMap>
<property name="design.owner" value="hr_schema"/>
<property name="object.existsinrepository" value="true"/>
<property name="object.property.auto.DeletedInPhysicalDesign" value="false"/>
<property name="object.property.auto.SubstStructuredType" value="NO_OBJECT"/>
</propertyMap>
</ColumnProxy>
<ColumnProxy name="JOB_ID" id="6F7BFC07-5DC7-AB1C-C265-AF2B559077CE">
<createdBy>oracle</createdBy>
<createdTime>2009-12-18 15:30:38 UTC</createdTime>
<ownerDesignName>hr_schema</ownerDesignName>
<nncname>JHIST_JOB_NN</nncname>
<logging>YES</logging>
<propertyMap>
<property name="design.owner" value="hr_schema"/>
<property name="object.existsinrepository" value="true"/>
<property name="object.property.auto.DeletedInPhysicalDesign" value="false"/>
<property name="object.property.auto.SubstStructuredType" value="NO_OBJECT"/>
</propertyMap>
</ColumnProxy>
<ColumnProxy name="EMPLOYEE_ID" id="9876A59F-3711-2168-7C0A-29DF3FFE2078">
<createdBy>oracle</createdBy>
<createdTime>2009-12-18 15:30:38 UTC</createdTime>
<ownerDesignName>hr_schema</ownerDesignName>
<nncname>JHIST_EMPLOYEE_NN</nncname>
<logging>YES</logging>
<propertyMap>
<property name="design.owner" value="hr_schema"/>
<property name="object.existsinrepository" value="true"/>
<property name="object.property.auto.DeletedInPhysicalDesign" value="false"/>
<property name="object.property.auto.SubstStructuredType" value="NO_OBJECT"/>
</propertyMap>
</ColumnProxy>
<ColumnProxy name="START_DATE" id="D7932A67-8FB9-4D2C-4753-9D612365D2C3">
<createdBy>oracle</createdBy>
<createdTime>2009-12-18 15:30:38 UTC</createdTime>
<ownerDesignName>hr_schema</ownerDesignName>
<nncname>JHIST_START_DATE_NN</nncname>
<logging>YES</logging>
<propertyMap>
<property name="design.owner" value="hr_schema"/>
<property name="object.existsinrepository" value="true"/>
<property name="object.property.auto.DeletedInPhysicalDesign" value="false"/>
<property name="object.property.auto.SubstStructuredType" value="NO_OBJECT"/>
</propertyMap>
</ColumnProxy>
</columnProxies>
<foreignKeys>
<ForeignKey class="oracle.dbtools.crest.model.design.storage.oracle.v10g.FKProxyOraclev10g" name="JHIST_JOB_FK" id="0B173A7F-CE4B-8F19-0B6A-73F8856181DB">
<createdBy>oracle</createdBy>
<createdTime>2009-12-18 15:30:39 UTC</createdTime>
<ownerDesignName>hr_schema</ownerDesignName>
<propertyMap>
<property name="design.owner" value="hr_schema"/>
<property name="object.existsinrepository" value="true"/>
<property name="object.property.auto.DeletedInPhysicalDesign" value="false"/>
<property name="object.property.auto.OnDelete" value="CASCADE"/>
</propertyMap>
</ForeignKey>
<ForeignKey class="oracle.dbtools.crest.model.design.storage.oracle.v10g.FKProxyOraclev10g" name="JHIST_EMP_FK" id="55A07436-6557-6FED-695D-C0C68727B0E0">
<createdBy>oracle</createdBy>
<createdTime>2009-12-18 15:30:39 UTC</createdTime>
<ownerDesignName>hr_schema</ownerDesignName>
<propertyMap>
<property name="design.owner" value="hr_schema"/>
<property name="object.existsinrepository" value="true"/>
<property name="object.property.auto.DeletedInPhysicalDesign" value="false"/>
<property name="object.property.auto.OnDelete" value="CASCADE"/>
</propertyMap>
</ForeignKey>
<ForeignKey class="oracle.dbtools.crest.model.design.storage.oracle.v10g.FKProxyOraclev10g" name="JHIST_DEPT_FK" id="9FB1A3F8-FEC9-DC6F-C2AE-5E245D9EB139">
<createdBy>oracle</createdBy>
<createdTime>2009-12-18 15:30:39 UTC</createdTime>
<ownerDesignName>hr_schema</ownerDesignName>
<propertyMap>
<property name="design.owner" value="hr_schema"/>
<property name="object.existsinrepository" value="true"/>
<property name="object.property.auto.DeletedInPhysicalDesign" value="false"/>
<property name="object.property.auto.OnDelete" value="CASCADE"/>
</propertyMap>
</ForeignKey>
</foreignKeys>
<primaryKeys>
<PrimaryKey class="oracle.dbtools.crest.model.design.storage.oracle.v10g.PKProxyOraclev10g" name="JHIST_EMP_ID_ST_DATE_PK" id="B6634645-7236-AE07-78B6-90B1C7F22243">
<createdBy>oracle</createdBy>
<createdTime>2009-12-18 15:30:38 UTC</createdTime>
<ownerDesignName>hr_schema</ownerDesignName>
<logging>NO</logging>
<indexSort>NO</indexSort>
<propertyMap>
<property name="design.owner" value="hr_schema"/>
<property name="object.existsinrepository" value="true"/>
<property name="object.property.auto.DeletedInPhysicalDesign" value="false"/>
</propertyMap>
</PrimaryKey>
</primaryKeys>
<tableCheckConstraints itemClass="oracle.dbtools.crest.model.design.storage.oracle.TableCheckConstraintOracle">
<TableCheckConstraint name="TCC2" id="971FE171-ED87-3E41-719C-3B349BE2E74E">
<createdBy>oracle</createdBy>
<createdTime>2009-12-18 15:30:38 UTC</createdTime>
<ownerDesignName>hr_schema</ownerDesignName>
<nameChanged>true</nameChanged>
<propertyMap>
<property name="design.owner" value="hr_schema"/>
<property name="object.existsinrepository" value="true"/>
<property name="object.property.auto.ConstraintName" value="JHIST_DATE_INTERVAL"/>
</propertyMap>
</TableCheckConstraint>
</tableCheckConstraints>
</TableProxyOraclev11g>