<?xml version = '1.0' encoding = 'UTF-8'?>
<TableProxyOraclev11g class="oracle.dbtools.crest.model.design.storage.oracle.v11g.TableProxyOraclev11g" name="EMPLOYEES" directorySegmentName="seg_0" id="DC6A08B0-832F-B2FC-69CA-0F7B4160D912">
<createdBy>oracle</createdBy>
<createdTime>2009-12-18 15:30:38 UTC</createdTime>
<ownerDesignName>hr_schema</ownerDesignName>
<schemaObject>91BBC53F-E145-664F-70A0-ED96283330FD</schemaObject>
<iotPctThreshold>1</iotPctThreshold>
<logging>YES</logging>
<monitoring>YES</monitoring>
<partitionedRowMovement>DISABLE</partitionedRowMovement>
<segment>CF0CF955-F26F-0FE3-53FA-27086FAD4DC6</segment>
<tableSpace>8D9F9F75-2F4C-5448-22DE-977BCF0C45EF</tableSpace>
<user>EF0769EA-C6DD-D4F0-CC74-C7443578AAD5</user>
<indexProxies>
<IndexProxy class="oracle.dbtools.crest.model.design.storage.oracle.v10g.IndexProxyOraclev10g" name="EMP_MANAGER_IX" id="37519BB8-C284-DDEB-BB24-B42073121EB4">
<createdBy>oracle</createdBy>
<createdTime>2009-12-18 15:30:38 UTC</createdTime>
<ownerDesignName>hr_schema</ownerDesignName>
<logging>NO</logging>
<segment>C0209DC4-3513-72A4-B20D-4C5A99DAA88E</segment>
<tableSpace>8D9F9F75-2F4C-5448-22DE-977BCF0C45EF</tableSpace>
<user>EF0769EA-C6DD-D4F0-CC74-C7443578AAD5</user>
<propertyMap>
<property name="design.owner" value="hr_schema"/>
<property name="object.existsinrepository" value="true"/>
<property name="object.property.auto.DeletedInPhysicalDesign" value="false"/>
</propertyMap>
</IndexProxy>
<IndexProxy class="oracle.dbtools.crest.model.design.storage.oracle.v10g.IndexProxyOraclev10g" name="EMP_DEPARTMENT_IX" id="88740CF6-9CC8-5679-7BF3-1F20A2D58551">
<createdBy>oracle</createdBy>
<createdTime>2009-12-18 15:30:38 UTC</createdTime>
<ownerDesignName>hr_schema</ownerDesignName>
<logging>NO</logging>
<segment>C0209DC4-3513-72A4-B20D-4C5A99DAA88E</segment>
<tableSpace>8D9F9F75-2F4C-5448-22DE-977BCF0C45EF</tableSpace>
<user>EF0769EA-C6DD-D4F0-CC74-C7443578AAD5</user>
<propertyMap>
<property name="design.owner" value="hr_schema"/>
<property name="object.existsinrepository" value="true"/>
<property name="object.property.auto.DeletedInPhysicalDesign" value="false"/>
</propertyMap>
</IndexProxy>
<IndexProxy class="oracle.dbtools.crest.model.design.storage.oracle.v10g.IndexProxyOraclev10g" name="EMP_JOB_IX" id="B3BC5CEA-A301-EFD3-34A4-DB3A747ED30D">
<createdBy>oracle</createdBy>
<createdTime>2009-12-18 15:30:38 UTC</createdTime>
<ownerDesignName>hr_schema</ownerDesignName>
<logging>NO</logging>
<segment>C0209DC4-3513-72A4-B20D-4C5A99DAA88E</segment>
<tableSpace>8D9F9F75-2F4C-5448-22DE-977BCF0C45EF</tableSpace>
<user>EF0769EA-C6DD-D4F0-CC74-C7443578AAD5</user>
<propertyMap>
<property name="design.owner" value="hr_schema"/>
<property name="object.existsinrepository" value="true"/>
<property name="object.property.auto.DeletedInPhysicalDesign" value="false"/>
</propertyMap>
</IndexProxy>
<IndexProxy class="oracle.dbtools.crest.model.design.storage.oracle.v10g.IndexProxyOraclev10g" name="EMP_NAME_IX" id="B9EC2A14-42AE-3F07-90C7-CE654E21127B">
<createdBy>oracle</createdBy>
<createdTime>2009-12-18 15:30:38 UTC</createdTime>
<ownerDesignName>hr_schema</ownerDesignName>
<logging>NO</logging>
<segment>C0209DC4-3513-72A4-B20D-4C5A99DAA88E</segment>
<tableSpace>8D9F9F75-2F4C-5448-22DE-977BCF0C45EF</tableSpace>
<user>EF0769EA-C6DD-D4F0-CC74-C7443578AAD5</user>
<propertyMap>
<property name="design.owner" value="hr_schema"/>
<property name="object.existsinrepository" value="true"/>
<property name="object.property.auto.DeletedInPhysicalDesign" value="false"/>
</propertyMap>
</IndexProxy>
</indexProxies>
<columnProxies itemClass="oracle.dbtools.crest.model.design.storage.oracle.v12c.ColumnProxyOraclev12c">
<ColumnProxy name="MANAGER_ID" id="2AE97F27-F70A-3032-2582-DA9E50F7DB7F">
<createdBy>oracle</createdBy>
<createdTime>2009-12-18 15:30:38 UTC</createdTime>
<ownerDesignName>hr_schema</ownerDesignName>
<logging>YES</logging>
<propertyMap>
<property name="design.owner" value="hr_schema"/>
<property name="object.existsinrepository" value="true"/>
<property name="object.property.auto.DeletedInPhysicalDesign" value="false"/>
<property name="object.property.auto.SubstStructuredType" value="NO_OBJECT"/>
</propertyMap>
</ColumnProxy>
<ColumnProxy name="EMPLOYEE_ID" id="51D57A81-11E6-3D7A-C6BD-23F9B2FCC0BD">
<createdBy>oracle</createdBy>
<createdTime>2009-12-18 15:30:38 UTC</createdTime>
<ownerDesignName>hr_schema</ownerDesignName>
<logging>YES</logging>
<propertyMap>
<property name="design.owner" value="hr_schema"/>
<property name="object.existsinrepository" value="true"/>
<property name="object.property.auto.DeletedInPhysicalDesign" value="false"/>
<property name="object.property.auto.SubstStructuredType" value="NO_OBJECT"/>
</propertyMap>
</ColumnProxy>
<ColumnProxy name="HIRE_DATE" id="591CFC0F-1D35-FA29-C263-46A382A32EF3">
<createdBy>oracle</createdBy>
<createdTime>2009-12-18 15:30:38 UTC</createdTime>
<ownerDesignName>hr_schema</ownerDesignName>
<nncname>EMP_HIRE_DATE_NN</nncname>
<logging>YES</logging>
<propertyMap>
<property name="design.owner" value="hr_schema"/>
<property name="object.existsinrepository" value="true"/>
<property name="object.property.auto.DeletedInPhysicalDesign" value="false"/>
<property name="object.property.auto.SubstStructuredType" value="NO_OBJECT"/>
</propertyMap>
</ColumnProxy>
<ColumnProxy name="JOB_ID" id="8A1B8141-8CF1-E258-9F96-FCB2C7348B5E">
<createdBy>oracle</createdBy>
<createdTime>2009-12-18 15:30:38 UTC</createdTime>
<ownerDesignName>hr_schema</ownerDesignName>
<nncname>EMP_JOB_NN</nncname>
<logging>YES</logging>
<propertyMap>
<property name="design.owner" value="hr_schema"/>
<property name="object.existsinrepository" value="true"/>
<property name="object.property.auto.DeletedInPhysicalDesign" value="false"/>
<property name="object.property.auto.SubstStructuredType" value="NO_OBJECT"/>
</propertyMap>
</ColumnProxy>
<ColumnProxy name="PHONE_NUMBER" id="A1B3E632-5FF6-FD5F-98B8-FF26CFEC0DF5">
<createdBy>oracle</createdBy>
<createdTime>2009-12-18 15:30:38 UTC</createdTime>
<ownerDesignName>hr_schema</ownerDesignName>
<logging>YES</logging>
<propertyMap>
<property name="design.owner" value="hr_schema"/>
<property name="object.existsinrepository" value="true"/>
<property name="object.property.auto.DeletedInPhysicalDesign" value="false"/>
<property name="object.property.auto.SubstStructuredType" value="NO_OBJECT"/>
</propertyMap>
</ColumnProxy>
<ColumnProxy name="COMMISSION_PCT" id="B74541E0-98BC-A0DA-D264-0EAB95BC31BA">
<createdBy>oracle</createdBy>
<createdTime>2009-12-18 15:30:38 UTC</createdTime>
<ownerDesignName>hr_schema</ownerDesignName>
<logging>YES</logging>
<propertyMap>
<property name="design.owner" value="hr_schema"/>
<property name="object.existsinrepository" value="true"/>
<property name="object.property.auto.DeletedInPhysicalDesign" value="false"/>
<property name="object.property.auto.SubstStructuredType" value="NO_OBJECT"/>
</propertyMap>
</ColumnProxy>
<ColumnProxy name="LAST_NAME" id="BF15C32D-BAE0-1C68-45EA-E15B5ADC0B16">
<createdBy>oracle</createdBy>
<createdTime>2009-12-18 15:30:38 UTC</createdTime>
<ownerDesignName>hr_schema</ownerDesignName>
<nncname>EMP_LAST_NAME_NN</nncname>
<logging>YES</logging>
<propertyMap>
<property name="design.owner" value="hr_schema"/>
<property name="object.existsinrepository" value="true"/>
<property name="object.property.auto.DeletedInPhysicalDesign" value="false"/>
<property name="object.property.auto.SubstStructuredType" value="NO_OBJECT"/>
</propertyMap>
</ColumnProxy>
<ColumnProxy name="DEPARTMENT_ID" id="C7343EE9-8E5E-B883-BFC3-F24436EE5037">
<createdBy>oracle</createdBy>
<createdTime>2009-12-18 15:30:38 UTC</createdTime>
<ownerDesignName>hr_schema</ownerDesignName>
<logging>YES</logging>
<propertyMap>
<property name="design.owner" value="hr_schema"/>
<property name="object.existsinrepository" value="true"/>
<property name="object.property.auto.DeletedInPhysicalDesign" value="false"/>
<property name="object.property.auto.SubstStructuredType" value="NO_OBJECT"/>
</propertyMap>
</ColumnProxy>
<ColumnProxy name="EMAIL" id="D33D0CA6-7DEA-8772-7E9B-FD86FB79CD5B">
<createdBy>oracle</createdBy>
<createdTime>2009-12-18 15:30:38 UTC</createdTime>
<ownerDesignName>hr_schema</ownerDesignName>
<nncname>EMP_EMAIL_NN</nncname>
<logging>YES</logging>
<propertyMap>
<property name="design.owner" value="hr_schema"/>
<property name="object.existsinrepository" value="true"/>
<property name="object.property.auto.DeletedInPhysicalDesign" value="false"/>
<property name="object.property.auto.SubstStructuredType" value="NO_OBJECT"/>
</propertyMap>
</ColumnProxy>
<ColumnProxy name="SALARY" id="D8A51B23-5994-2A13-D397-1D56DBB6B154">
<createdBy>oracle</createdBy>
<createdTime>2009-12-18 15:30:38 UTC</createdTime>
<ownerDesignName>hr_schema</ownerDesignName>
<logging>YES</logging>
<propertyMap>
<property name="design.owner" value="hr_schema"/>
<property name="object.existsinrepository" value="true"/>
<property name="object.property.auto.DeletedInPhysicalDesign" value="false"/>
<property name="object.property.auto.SubstStructuredType" value="NO_OBJECT"/>
</propertyMap>
</ColumnProxy>
<ColumnProxy name="FIRST_NAME" id="FDD2EE20-C015-C17D-F2B0-1D0093A50251">
<createdBy>oracle</createdBy>
<createdTime>2009-12-18 15:30:38 UTC</createdTime>
<ownerDesignName>hr_schema</ownerDesignName>
<logging>YES</logging>
<propertyMap>
<property name="design.owner" value="hr_schema"/>
<property name="object.existsinrepository" value="true"/>
<property name="object.property.auto.DeletedInPhysicalDesign" value="false"/>
<property name="object.property.auto.SubstStructuredType" value="NO_OBJECT"/>
</propertyMap>
</ColumnProxy>
</columnProxies>
<foreignKeys>
<ForeignKey class="oracle.dbtools.crest.model.design.storage.oracle.v10g.FKProxyOraclev10g" name="EMP_JOB_FK" id="388DF15C-EE31-4690-4E00-D690A58D9F75">
<createdBy>oracle</createdBy>
<createdTime>2009-12-18 15:30:39 UTC</createdTime>
<ownerDesignName>hr_schema</ownerDesignName>
<propertyMap>
<property name="design.owner" value="hr_schema"/>
<property name="object.existsinrepository" value="true"/>
<property name="object.property.auto.DeletedInPhysicalDesign" value="false"/>
<property name="object.property.auto.OnDelete" value="CASCADE"/>
</propertyMap>
</ForeignKey>
<ForeignKey class="oracle.dbtools.crest.model.design.storage.oracle.v10g.FKProxyOraclev10g" name="EMP_DEPT_FK" id="5C8145EE-630A-CCC0-5F6A-0A0B30C7D15D">
<createdBy>oracle</createdBy>
<createdTime>2009-12-18 15:30:39 UTC</createdTime>
<ownerDesignName>hr_schema</ownerDesignName>
<propertyMap>
<property name="design.owner" value="hr_schema"/>
<property name="object.existsinrepository" value="true"/>
<property name="object.property.auto.DeletedInPhysicalDesign" value="false"/>
<property name="object.property.auto.OnDelete" value="CASCADE"/>
</propertyMap>
</ForeignKey>
<ForeignKey class="oracle.dbtools.crest.model.design.storage.oracle.v10g.FKProxyOraclev10g" name="EMP_MANAGER_FK" id="A3287B4F-8681-02E8-5BB4-6743643B09FD">
<createdBy>oracle</createdBy>
<createdTime>2009-12-18 15:30:39 UTC</createdTime>
<ownerDesignName>hr_schema</ownerDesignName>
<propertyMap>
<property name="design.owner" value="hr_schema"/>
<property name="object.existsinrepository" value="true"/>
<property name="object.property.auto.DeletedInPhysicalDesign" value="false"/>
<property name="object.property.auto.OnDelete" value="CASCADE"/>
</propertyMap>
</ForeignKey>
</foreignKeys>
<primaryKeys>
<PrimaryKey class="oracle.dbtools.crest.model.design.storage.oracle.v10g.PKProxyOraclev10g" name="EMP_EMP_ID_PK" id="A8096854-4BF3-53AC-BF1B-9C53C6C5F9BC">
<createdBy>oracle</createdBy>
<createdTime>2009-12-18 15:30:38 UTC</createdTime>
<ownerDesignName>hr_schema</ownerDesignName>
<logging>NO</logging>
<indexSort>NO</indexSort>
<propertyMap>
<property name="design.owner" value="hr_schema"/>
<property name="object.existsinrepository" value="true"/>
<property name="object.property.auto.DeletedInPhysicalDesign" value="false"/>
</propertyMap>
</PrimaryKey>
</primaryKeys>
<uniqueKeys>
<UniqueKey class="oracle.dbtools.crest.model.design.storage.oracle.v10g.UniqueOraclev10g" name="EMP_EMAIL_UK" id="E818346C-B4C1-DDEE-7CB9-FD5D7107CA19">
<createdBy>oracle</createdBy>
<createdTime>2009-12-18 15:30:38 UTC</createdTime>
<ownerDesignName>hr_schema</ownerDesignName>
<logging>NO</logging>
<propertyMap>
<property name="design.owner" value="hr_schema"/>
<property name="object.existsinrepository" value="true"/>
<property name="object.property.auto.DeletedInPhysicalDesign" value="false"/>
</propertyMap>
</UniqueKey>
</uniqueKeys>
</TableProxyOraclev11g>