<?xml version = '1.0' encoding = 'UTF-8'?>
<TableProxyOraclev11g class="oracle.dbtools.crest.model.design.storage.oracle.v11g.TableProxyOraclev11g" name="JOBS" directorySegmentName="seg_0" id="F2AB040E-C4DA-4A90-0669-94A558E06E60">
<createdBy>oracle</createdBy>
<createdTime>2009-12-18 15:30:38 UTC</createdTime>
<ownerDesignName>hr_schema</ownerDesignName>
<schemaObject>91BBC53F-E145-664F-70A0-ED96283330FD</schemaObject>
<iotPctThreshold>1</iotPctThreshold>
<logging>YES</logging>
<monitoring>YES</monitoring>
<partitionedRowMovement>DISABLE</partitionedRowMovement>
<segment>CF0CF955-F26F-0FE3-53FA-27086FAD4DC6</segment>
<tableSpace>8D9F9F75-2F4C-5448-22DE-977BCF0C45EF</tableSpace>
<user>EF0769EA-C6DD-D4F0-CC74-C7443578AAD5</user>
<columnProxies itemClass="oracle.dbtools.crest.model.design.storage.oracle.v12c.ColumnProxyOraclev12c">
<ColumnProxy name="JOB_TITLE" id="44FC78E3-3B57-EE97-B46A-27207807B96F">
<createdBy>oracle</createdBy>
<createdTime>2009-12-18 15:30:38 UTC</createdTime>
<ownerDesignName>hr_schema</ownerDesignName>
<nncname>JOB_TITLE_NN</nncname>
<logging>YES</logging>
<propertyMap>
<property name="design.owner" value="hr_schema"/>
<property name="object.existsinrepository" value="true"/>
<property name="object.property.auto.DeletedInPhysicalDesign" value="false"/>
<property name="object.property.auto.SubstStructuredType" value="NO_OBJECT"/>
</propertyMap>
</ColumnProxy>
<ColumnProxy name="MIN_SALARY" id="888730A9-5307-2D1F-2DC4-33F2B643370C">
<createdBy>oracle</createdBy>
<createdTime>2009-12-18 15:30:38 UTC</createdTime>
<ownerDesignName>hr_schema</ownerDesignName>
<logging>YES</logging>
<propertyMap>
<property name="design.owner" value="hr_schema"/>
<property name="object.existsinrepository" value="true"/>
<property name="object.property.auto.DeletedInPhysicalDesign" value="false"/>
<property name="object.property.auto.SubstStructuredType" value="NO_OBJECT"/>
</propertyMap>
</ColumnProxy>
<ColumnProxy name="MAX_SALARY" id="CE4EBE76-C078-807F-C954-2CC9AE6517D8">
<createdBy>oracle</createdBy>
<createdTime>2009-12-18 15:30:38 UTC</createdTime>
<ownerDesignName>hr_schema</ownerDesignName>
<logging>YES</logging>
<propertyMap>
<property name="design.owner" value="hr_schema"/>
<property name="object.existsinrepository" value="true"/>
<property name="object.property.auto.DeletedInPhysicalDesign" value="false"/>
<property name="object.property.auto.SubstStructuredType" value="NO_OBJECT"/>
</propertyMap>
</ColumnProxy>
<ColumnProxy name="JOB_ID" id="F49234C5-AE6B-54B5-3478-0BDA8093FD2B">
<createdBy>oracle</createdBy>
<createdTime>2009-12-18 15:30:38 UTC</createdTime>
<ownerDesignName>hr_schema</ownerDesignName>
<logging>YES</logging>
<propertyMap>
<property name="design.owner" value="hr_schema"/>
<property name="object.existsinrepository" value="true"/>
<property name="object.property.auto.DeletedInPhysicalDesign" value="false"/>
<property name="object.property.auto.SubstStructuredType" value="NO_OBJECT"/>
</propertyMap>
</ColumnProxy>
</columnProxies>
<primaryKeys>
<PrimaryKey class="oracle.dbtools.crest.model.design.storage.oracle.v10g.PKProxyOraclev10g" name="JOB_ID_PK" id="F6DDA131-761A-18E1-26C3-C8A517678DD2">
<createdBy>oracle</createdBy>
<createdTime>2009-12-18 15:30:38 UTC</createdTime>
<ownerDesignName>hr_schema</ownerDesignName>
<logging>NO</logging>
<indexSort>NO</indexSort>
<propertyMap>
<property name="design.owner" value="hr_schema"/>
<property name="object.existsinrepository" value="true"/>
<property name="object.property.auto.DeletedInPhysicalDesign" value="false"/>
</propertyMap>
</PrimaryKey>
</primaryKeys>
</TableProxyOraclev11g>