<?xml version = '1.0' encoding = 'UTF-8'?>
<TableProxyOraclev11g class="oracle.dbtools.crest.model.design.storage.oracle.v11g.TableProxyOraclev11g" name="LOCATIONS" directorySegmentName="seg_0" id="F59CED9A-4D43-AE7B-1C14-3B7E3B448C59">
<createdBy>oracle</createdBy>
<createdTime>2009-12-18 15:30:38 UTC</createdTime>
<ownerDesignName>hr_schema</ownerDesignName>
<schemaObject>91BBC53F-E145-664F-70A0-ED96283330FD</schemaObject>
<iotPctThreshold>1</iotPctThreshold>
<logging>YES</logging>
<monitoring>YES</monitoring>
<partitionedRowMovement>DISABLE</partitionedRowMovement>
<segment>CF0CF955-F26F-0FE3-53FA-27086FAD4DC6</segment>
<tableSpace>8D9F9F75-2F4C-5448-22DE-977BCF0C45EF</tableSpace>
<user>EF0769EA-C6DD-D4F0-CC74-C7443578AAD5</user>
<indexProxies>
<IndexProxy class="oracle.dbtools.crest.model.design.storage.oracle.v10g.IndexProxyOraclev10g" name="LOC_CITY_IX" id="28AEA37C-61A2-712F-8806-D9A91F360284">
<createdBy>oracle</createdBy>
<createdTime>2009-12-18 15:30:38 UTC</createdTime>
<ownerDesignName>hr_schema</ownerDesignName>
<logging>NO</logging>
<segment>C0209DC4-3513-72A4-B20D-4C5A99DAA88E</segment>
<tableSpace>8D9F9F75-2F4C-5448-22DE-977BCF0C45EF</tableSpace>
<user>EF0769EA-C6DD-D4F0-CC74-C7443578AAD5</user>
<propertyMap>
<property name="design.owner" value="hr_schema"/>
<property name="object.existsinrepository" value="true"/>
<property name="object.property.auto.DeletedInPhysicalDesign" value="false"/>
</propertyMap>
</IndexProxy>
<IndexProxy class="oracle.dbtools.crest.model.design.storage.oracle.v10g.IndexProxyOraclev10g" name="LOC_STATE_PROVINCE_IX" id="AA04C832-4234-7AB3-A00E-B95EE7A4B950">
<createdBy>oracle</createdBy>
<createdTime>2009-12-18 15:30:38 UTC</createdTime>
<ownerDesignName>hr_schema</ownerDesignName>
<logging>NO</logging>
<segment>C0209DC4-3513-72A4-B20D-4C5A99DAA88E</segment>
<tableSpace>8D9F9F75-2F4C-5448-22DE-977BCF0C45EF</tableSpace>
<user>EF0769EA-C6DD-D4F0-CC74-C7443578AAD5</user>
<propertyMap>
<property name="design.owner" value="hr_schema"/>
<property name="object.existsinrepository" value="true"/>
<property name="object.property.auto.DeletedInPhysicalDesign" value="false"/>
</propertyMap>
</IndexProxy>
<IndexProxy class="oracle.dbtools.crest.model.design.storage.oracle.v10g.IndexProxyOraclev10g" name="LOC_COUNTRY_IX" id="F3D3AA0B-C18A-B6DE-B383-063BA2F47B05">
<createdBy>oracle</createdBy>
<createdTime>2009-12-18 15:30:38 UTC</createdTime>
<ownerDesignName>hr_schema</ownerDesignName>
<logging>NO</logging>
<segment>C0209DC4-3513-72A4-B20D-4C5A99DAA88E</segment>
<tableSpace>8D9F9F75-2F4C-5448-22DE-977BCF0C45EF</tableSpace>
<user>EF0769EA-C6DD-D4F0-CC74-C7443578AAD5</user>
<propertyMap>
<property name="design.owner" value="hr_schema"/>
<property name="object.existsinrepository" value="true"/>
<property name="object.property.auto.DeletedInPhysicalDesign" value="false"/>
</propertyMap>
</IndexProxy>
</indexProxies>
<columnProxies itemClass="oracle.dbtools.crest.model.design.storage.oracle.v12c.ColumnProxyOraclev12c">
<ColumnProxy name="LOCATION_ID" id="3286A712-0761-E343-8E98-D19C909F6AC8">
<createdBy>oracle</createdBy>
<createdTime>2009-12-18 15:30:38 UTC</createdTime>
<ownerDesignName>hr_schema</ownerDesignName>
<logging>YES</logging>
<propertyMap>
<property name="design.owner" value="hr_schema"/>
<property name="object.existsinrepository" value="true"/>
<property name="object.property.auto.DeletedInPhysicalDesign" value="false"/>
<property name="object.property.auto.SubstStructuredType" value="NO_OBJECT"/>
</propertyMap>
</ColumnProxy>
<ColumnProxy name="STATE_PROVINCE" id="4E8ADA62-DE84-190E-C7F4-21242916D9E5">
<createdBy>oracle</createdBy>
<createdTime>2009-12-18 15:30:38 UTC</createdTime>
<ownerDesignName>hr_schema</ownerDesignName>
<logging>YES</logging>
<propertyMap>
<property name="design.owner" value="hr_schema"/>
<property name="object.existsinrepository" value="true"/>
<property name="object.property.auto.DeletedInPhysicalDesign" value="false"/>
<property name="object.property.auto.SubstStructuredType" value="NO_OBJECT"/>
</propertyMap>
</ColumnProxy>
<ColumnProxy name="STREET_ADDRESS" id="61EE2392-5B90-C053-5E60-E99A35FE87AB">
<createdBy>oracle</createdBy>
<createdTime>2009-12-18 15:30:38 UTC</createdTime>
<ownerDesignName>hr_schema</ownerDesignName>
<logging>YES</logging>
<propertyMap>
<property name="design.owner" value="hr_schema"/>
<property name="object.existsinrepository" value="true"/>
<property name="object.property.auto.DeletedInPhysicalDesign" value="false"/>
<property name="object.property.auto.SubstStructuredType" value="NO_OBJECT"/>
</propertyMap>
</ColumnProxy>
<ColumnProxy name="COUNTRY_ID" id="95FDCE9B-BCC7-836C-2A01-91D2D5E322CF">
<createdBy>oracle</createdBy>
<createdTime>2009-12-18 15:30:38 UTC</createdTime>
<ownerDesignName>hr_schema</ownerDesignName>
<logging>YES</logging>
<propertyMap>
<property name="design.owner" value="hr_schema"/>
<property name="object.existsinrepository" value="true"/>
<property name="object.property.auto.DeletedInPhysicalDesign" value="false"/>
<property name="object.property.auto.SubstStructuredType" value="NO_OBJECT"/>
</propertyMap>
</ColumnProxy>
<ColumnProxy name="POSTAL_CODE" id="D263FD2C-7628-F4D7-E26B-CFF917384088">
<createdBy>oracle</createdBy>
<createdTime>2009-12-18 15:30:38 UTC</createdTime>
<ownerDesignName>hr_schema</ownerDesignName>
<logging>YES</logging>
<propertyMap>
<property name="design.owner" value="hr_schema"/>
<property name="object.existsinrepository" value="true"/>
<property name="object.property.auto.DeletedInPhysicalDesign" value="false"/>
<property name="object.property.auto.SubstStructuredType" value="NO_OBJECT"/>
</propertyMap>
</ColumnProxy>
<ColumnProxy name="CITY" id="D81B8D1B-3EE8-F3DC-FAD9-5105601397B4">
<createdBy>oracle</createdBy>
<createdTime>2009-12-18 15:30:38 UTC</createdTime>
<ownerDesignName>hr_schema</ownerDesignName>
<nncname>LOC_CITY_NN</nncname>
<logging>YES</logging>
<propertyMap>
<property name="design.owner" value="hr_schema"/>
<property name="object.existsinrepository" value="true"/>
<property name="object.property.auto.DeletedInPhysicalDesign" value="false"/>
<property name="object.property.auto.SubstStructuredType" value="NO_OBJECT"/>
</propertyMap>
</ColumnProxy>
</columnProxies>
<foreignKeys>
<ForeignKey class="oracle.dbtools.crest.model.design.storage.oracle.v10g.FKProxyOraclev10g" name="LOC_C_ID_FK" id="DC513F8E-F4A5-5530-1161-FE19422ACE44">
<createdBy>oracle</createdBy>
<createdTime>2009-12-18 15:30:39 UTC</createdTime>
<ownerDesignName>hr_schema</ownerDesignName>
<propertyMap>
<property name="design.owner" value="hr_schema"/>
<property name="object.existsinrepository" value="true"/>
<property name="object.property.auto.DeletedInPhysicalDesign" value="false"/>
<property name="object.property.auto.OnDelete" value="CASCADE"/>
</propertyMap>
</ForeignKey>
</foreignKeys>
<primaryKeys>
<PrimaryKey class="oracle.dbtools.crest.model.design.storage.oracle.v10g.PKProxyOraclev10g" name="LOC_ID_PK" id="83E3CA90-5BDF-B278-0368-31D060941A48">
<createdBy>oracle</createdBy>
<createdTime>2009-12-18 15:30:38 UTC</createdTime>
<ownerDesignName>hr_schema</ownerDesignName>
<logging>NO</logging>
<indexSort>NO</indexSort>
<propertyMap>
<property name="design.owner" value="hr_schema"/>
<property name="object.existsinrepository" value="true"/>
<property name="object.property.auto.DeletedInPhysicalDesign" value="false"/>
</propertyMap>
</PrimaryKey>
</primaryKeys>
</TableProxyOraclev11g>