<?xml version = '1.0' encoding = 'UTF-8'?>
<TableProxyOraclev11g class="oracle.dbtools.crest.model.design.storage.oracle.v11g.TableProxyOraclev11g" name="PRODUCT_INFORMATION" directorySegmentName="seg_0" id="3CB96374-0EA4-A360-3C30-EB8415AFC2CE">
<createdBy>smharper</createdBy>
<createdTime>2011-01-07 13:02:56 UTC</createdTime>
<ownerDesignName>OE_Sample</ownerDesignName>
<schemaObject>AB99E18F-10A1-579F-F11A-EFD5EB37B0D7</schemaObject>
<logging>YES</logging>
<indexProxies>
<IndexProxy class="oracle.dbtools.crest.model.design.storage.oracle.v10g.IndexProxyOraclev10g" name="PROD_SUPPLIER_IX" id="FE4C9B57-0296-542C-9407-98E756B77105">
<createdBy>smharper</createdBy>
<createdTime>2011-01-07 13:02:56 UTC</createdTime>
<ownerDesignName>OE_Sample</ownerDesignName>
</IndexProxy>
</indexProxies>
<columnProxies itemClass="oracle.dbtools.crest.model.design.storage.oracle.v12c.ColumnProxyOraclev12c">
<ColumnProxy name="PRODUCT_ID" id="0107D555-7835-9007-41C5-0C4BA65E366E">
<createdBy>smharper</createdBy>
<createdTime>2011-01-07 13:02:56 UTC</createdTime>
<ownerDesignName>OE_Sample</ownerDesignName>
</ColumnProxy>
<ColumnProxy name="WEIGHT_CLASS" id="1723EF5B-8CB6-4C1C-CC4C-DBD26589E35C">
<createdBy>smharper</createdBy>
<createdTime>2011-01-07 13:02:56 UTC</createdTime>
<ownerDesignName>OE_Sample</ownerDesignName>
</ColumnProxy>
<ColumnProxy name="WARRANTY_PERIOD" id="27C2FC14-995E-C622-1F5E-513F2936F81F">
<createdBy>smharper</createdBy>
<createdTime>2011-01-07 13:02:56 UTC</createdTime>
<ownerDesignName>OE_Sample</ownerDesignName>
</ColumnProxy>
<ColumnProxy name="MIN_PRICE" id="2EC5FDF3-A9D6-7648-96B3-B2267B2BE388">
<createdBy>smharper</createdBy>
<createdTime>2011-01-07 13:02:56 UTC</createdTime>
<ownerDesignName>OE_Sample</ownerDesignName>
</ColumnProxy>
<ColumnProxy name="PRODUCT_STATUS" id="372A66FC-889A-9D5D-C4F5-B71A63770CE9">
<createdBy>smharper</createdBy>
<createdTime>2011-01-07 13:02:56 UTC</createdTime>
<ownerDesignName>OE_Sample</ownerDesignName>
</ColumnProxy>
<ColumnProxy name="PRODUCT_NAME" id="862F26AB-6BE5-A3BA-D253-D9B10A37A570">
<createdBy>smharper</createdBy>
<createdTime>2011-01-07 13:02:56 UTC</createdTime>
<ownerDesignName>OE_Sample</ownerDesignName>
</ColumnProxy>
<ColumnProxy name="CATALOG_URL" id="B5DFC7A5-B1A6-6DC0-9E1A-65495B677511">
<createdBy>smharper</createdBy>
<createdTime>2011-01-07 13:02:56 UTC</createdTime>
<ownerDesignName>OE_Sample</ownerDesignName>
</ColumnProxy>
<ColumnProxy name="SUPPLIER_ID" id="BA594F8C-58D5-F4FE-6929-8E9E265B4CE1">
<createdBy>smharper</createdBy>
<createdTime>2011-01-07 13:02:56 UTC</createdTime>
<ownerDesignName>OE_Sample</ownerDesignName>
</ColumnProxy>
<ColumnProxy name="PRODUCT_DESCRIPTION" id="C99779CF-49EE-5CD8-B1B0-020F71DE91E3">
<createdBy>smharper</createdBy>
<createdTime>2011-01-07 13:02:56 UTC</createdTime>
<ownerDesignName>OE_Sample</ownerDesignName>
</ColumnProxy>
<ColumnProxy name="LIST_PRICE" id="CCFBA05E-19A7-18F6-6619-B559DC8C140F">
<createdBy>smharper</createdBy>
<createdTime>2011-01-07 13:02:56 UTC</createdTime>
<ownerDesignName>OE_Sample</ownerDesignName>
</ColumnProxy>
<ColumnProxy name="CATEGORY_ID" id="EE444035-D905-D8FA-BACF-AD052F2E861F">
<createdBy>smharper</createdBy>
<createdTime>2011-01-07 13:02:56 UTC</createdTime>
<ownerDesignName>OE_Sample</ownerDesignName>
</ColumnProxy>
</columnProxies>
<primaryKeys>
<PrimaryKey class="oracle.dbtools.crest.model.design.storage.oracle.v10g.PKProxyOraclev10g" name="PRODUCT_INFORMATION_PK" id="3B9194DB-8A03-689A-9565-576735FC5B3B">
<createdBy>smharper</createdBy>
<createdTime>2011-01-07 13:02:56 UTC</createdTime>
<ownerDesignName>OE_Sample</ownerDesignName>
<indexSort>NO</indexSort>
</PrimaryKey>
</primaryKeys>
</TableProxyOraclev11g>