<?xml version = '1.0' encoding = 'UTF-8'?>
<TableProxyOraclev11g class="oracle.dbtools.crest.model.design.storage.oracle.v11g.TableProxyOraclev11g" name="ORDERS" directorySegmentName="seg_0" id="A70EC580-C328-E52D-CA16-FDB8D77BA7D7">
<createdBy>smharper</createdBy>
<createdTime>2011-01-07 13:02:56 UTC</createdTime>
<ownerDesignName>OE_Sample</ownerDesignName>
<schemaObject>AB99E18F-10A1-579F-F11A-EFD5EB37B0D7</schemaObject>
<logging>YES</logging>
<indexProxies>
<IndexProxy class="oracle.dbtools.crest.model.design.storage.oracle.v10g.IndexProxyOraclev10g" name="ORD_CUSTOMER_IX" id="03B44637-9030-9DA9-60C2-FEBFF8A3F13D">
<createdBy>smharper</createdBy>
<createdTime>2011-01-07 13:02:56 UTC</createdTime>
<ownerDesignName>OE_Sample</ownerDesignName>
</IndexProxy>
<IndexProxy class="oracle.dbtools.crest.model.design.storage.oracle.v10g.IndexProxyOraclev10g" name="ORD_ORDER_DATE_IX" id="423BCCD7-9AA9-0444-650A-65E47866DEEA">
<createdBy>smharper</createdBy>
<createdTime>2011-01-07 13:02:56 UTC</createdTime>
<ownerDesignName>OE_Sample</ownerDesignName>
</IndexProxy>
<IndexProxy class="oracle.dbtools.crest.model.design.storage.oracle.v10g.IndexProxyOraclev10g" name="ORD_SALES_REP_IX" id="87AD4175-F269-6E2D-5FAE-B440507325F8">
<createdBy>smharper</createdBy>
<createdTime>2011-01-07 13:02:56 UTC</createdTime>
<ownerDesignName>OE_Sample</ownerDesignName>
</IndexProxy>
</indexProxies>
<columnProxies itemClass="oracle.dbtools.crest.model.design.storage.oracle.v12c.ColumnProxyOraclev12c">
<ColumnProxy name="CUSTOMER_ID" id="22F95B2C-2793-65CC-8B4C-F5A4D2C9691B">
<createdBy>smharper</createdBy>
<createdTime>2011-01-07 13:02:56 UTC</createdTime>
<ownerDesignName>OE_Sample</ownerDesignName>
</ColumnProxy>
<ColumnProxy name="SALES_REP_ID" id="6BC6E713-11AB-584D-4DBD-84F7C283B7B5">
<createdBy>smharper</createdBy>
<createdTime>2011-01-07 13:02:56 UTC</createdTime>
<ownerDesignName>OE_Sample</ownerDesignName>
</ColumnProxy>
<ColumnProxy name="PROMOTION_ID" id="859DE9B6-F24A-ABA0-464F-D107B25332F8">
<createdBy>smharper</createdBy>
<createdTime>2011-01-07 13:02:56 UTC</createdTime>
<ownerDesignName>OE_Sample</ownerDesignName>
</ColumnProxy>
<ColumnProxy name="ORDER_DATE" id="9CE5E811-008A-F5D7-3380-D5264EA0AEA9">
<createdBy>smharper</createdBy>
<createdTime>2011-01-07 13:02:56 UTC</createdTime>
<ownerDesignName>OE_Sample</ownerDesignName>
</ColumnProxy>
<ColumnProxy name="ORDER_TOTAL" id="C28F6EB4-FCD3-CC78-9D14-20C8AA36B0C3">
<createdBy>smharper</createdBy>
<createdTime>2011-01-07 13:02:56 UTC</createdTime>
<ownerDesignName>OE_Sample</ownerDesignName>
</ColumnProxy>
<ColumnProxy name="ORDER_ID" id="C30CA638-3056-F9CA-D348-59DC517E8CAB">
<createdBy>smharper</createdBy>
<createdTime>2011-01-07 13:02:56 UTC</createdTime>
<ownerDesignName>OE_Sample</ownerDesignName>
</ColumnProxy>
<ColumnProxy name="ORDER_STATUS" id="CECE4DD7-804E-6680-DB0B-59DD194CAF1D">
<createdBy>smharper</createdBy>
<createdTime>2011-01-07 13:02:56 UTC</createdTime>
<ownerDesignName>OE_Sample</ownerDesignName>
</ColumnProxy>
<ColumnProxy name="ORDER_MODE" id="FC8D22B9-80A7-B3E3-7FE9-BB916B65F28C">
<createdBy>smharper</createdBy>
<createdTime>2011-01-07 13:02:56 UTC</createdTime>
<ownerDesignName>OE_Sample</ownerDesignName>
</ColumnProxy>
</columnProxies>
<foreignKeys>
<ForeignKey class="oracle.dbtools.crest.model.design.storage.oracle.v10g.FKProxyOraclev10g" name="ORDERS_CUSTOMER_ID_FK" id="FB4D5F18-87E8-8D94-8F08-A397FC03EEAC">
<createdBy>smharper</createdBy>
<createdTime>2011-01-07 13:02:56 UTC</createdTime>
<ownerDesignName>OE_Sample</ownerDesignName>
</ForeignKey>
</foreignKeys>
<primaryKeys>
<PrimaryKey class="oracle.dbtools.crest.model.design.storage.oracle.v10g.PKProxyOraclev10g" name="ORDER_PK" id="C682B4F5-AC9C-E9BE-BAD8-9F8501176DB8">
<createdBy>smharper</createdBy>
<createdTime>2011-01-07 13:02:56 UTC</createdTime>
<ownerDesignName>OE_Sample</ownerDesignName>
<indexSort>NO</indexSort>
</PrimaryKey>
</primaryKeys>
</TableProxyOraclev11g>