<?xml version = '1.0' encoding = 'UTF-8'?>
<TableProxyOraclev11g class="oracle.dbtools.crest.model.design.storage.oracle.v11g.TableProxyOraclev11g" name="PURCHASEORDER" directorySegmentName="seg_0" id="A813CABD-6658-B542-73D6-7E4C1F9D5023">
<createdBy>smharper</createdBy>
<createdTime>2011-01-07 13:02:56 UTC</createdTime>
<ownerDesignName>OE_Sample</ownerDesignName>
<schemaObject>AB99E18F-10A1-579F-F11A-EFD5EB37B0D7</schemaObject>
<logging>YES</logging>
<columnProxies itemClass="oracle.dbtools.crest.model.design.storage.oracle.v12c.ColumnProxyOraclev12c">
<ColumnProxy name="Oid" id="8B115A64-E752-9EAE-9E0E-DF417BBA293E">
<createdBy>smharper</createdBy>
<createdTime>2011-01-07 13:02:56 UTC</createdTime>
<ownerDesignName>OE_Sample</ownerDesignName>
</ColumnProxy>
</columnProxies>
<primaryKeys>
<PrimaryKey class="oracle.dbtools.crest.model.design.storage.oracle.v10g.PKProxyOraclev10g" name="Oid_PK_PURCHASEORDER" id="EF743A0F-269C-7713-8C87-61BC071B032B">
<createdBy>smharper</createdBy>
<createdTime>2011-01-07 13:02:56 UTC</createdTime>
<ownerDesignName>OE_Sample</ownerDesignName>
<indexSort>NO</indexSort>
</PrimaryKey>
</primaryKeys>
</TableProxyOraclev11g>