<?xml version = '1.0' encoding = 'UTF-8'?>
<Arc class="oracle.dbtools.crest.model.design.logical.Arc" directorySegmentName="seg_0" id="96D65F06-8DB3-6E25-2828-6D1C582A990C" name="Arc_1">
<createdBy>oracle</createdBy>
<createdTime>2009-12-15 12:13:49 UTC</createdTime>
<ownerDesignName>lab14-1</ownerDesignName>
<engineerTo>
<item key="4AE89146-1F00-A6BD-71E8-0B154453935B" value="true"/>
</engineerTo>
<entity>0FD32AA4-C18D-34D7-A786-054DAC0BE3EF</entity>
<relations>
<relationID>404E6EEE-DB88-C6CA-55AC-BBBCB11650B3</relationID>
<relationID>593359B4-6EFA-2174-4B47-AE513D0F0E67</relationID>
</relations>
</Arc>