<?xml version = '1.0' encoding = 'UTF-8'?>
<Relation class="oracle.dbtools.crest.model.design.logical.Relation" name="DEPT_MGR_FK" directorySegmentName="seg_0" id="14CF6A4D-D3E0-DA96-E693-5565A3A46DE0">
<createdBy>oracle</createdBy>
<createdTime>2011-11-14 09:54:30 UTC</createdTime>
<generatorID>559A3B81-707B-E8B3-73F2-257A18A7BAD0</generatorID>
<ownerDesignName>sol_19_01</ownerDesignName>
<engineerTo>
<item key="2C593812-CBA1-65FE-F9AA-5B6F4EFA8912" value="true"/>
<item key="26422F9F-4DF2-FEC0-08AE-5485848DD93C" value="true"/>
</engineerTo>
<sourcePk>525A8C03-5243-F5E2-20DD-62EA25D5CE71</sourcePk>
<identifying>false</identifying>
<optionalSource>true</optionalSource>
<optionalTarget>true</optionalTarget>
<sourceCardinality>1</sourceCardinality>
<sourceEntity>80BD1D78-50A9-837E-0E18-923B058D7EAC</sourceEntity>
<targetCardinalityString>*</targetCardinalityString>
<targetEntity>A6423129-C813-E977-E000-CD6DB7CAAA12</targetEntity>
<transferable>true</transferable>
</Relation>