<?xml version = '1.0' encoding = 'UTF-8'?>
<Relation class="oracle.dbtools.crest.model.design.logical.Relation" name="Relation_11" directorySegmentName="seg_0" id="1C860810-6E11-BDA7-910D-0B4B99546D5A">
<createdBy>oracle</createdBy>
<createdTime>2011-11-14 10:03:39 UTC</createdTime>
<ownerDesignName>sol_19_01</ownerDesignName>
<engineerTo>
<item key="2C593812-CBA1-65FE-F9AA-5B6F4EFA8912" value="true"/>
<item key="26422F9F-4DF2-FEC0-08AE-5485848DD93C" value="true"/>
</engineerTo>
<sourcePk>525A8C03-5243-F5E2-20DD-62EA25D5CE71</sourcePk>
<identifying>true</identifying>
<optionalSource>true</optionalSource>
<optionalTarget>false</optionalTarget>
<sourceCardinality>1</sourceCardinality>
<sourceEntity>80BD1D78-50A9-837E-0E18-923B058D7EAC</sourceEntity>
<targetCardinalityString>*</targetCardinalityString>
<targetEntity>DE663A99-8C4C-73D9-009B-ED6932C92FA7</targetEntity>
<transferable>true</transferable>
</Relation>