<?xml version = '1.0' encoding = 'UTF-8'?>
<Relation class="oracle.dbtools.crest.model.design.logical.Relation" name="EMP_JOB_FK" directorySegmentName="seg_0" id="1EFE48E1-FADF-E74C-2E39-4A329A9E7389">
<createdBy>oracle</createdBy>
<createdTime>2011-11-14 09:54:30 UTC</createdTime>
<generatorID>6D16D30B-EEAB-0692-4B81-1A3325E6EC6F</generatorID>
<ownerDesignName>sol_19_01</ownerDesignName>
<engineerTo>
<item key="2C593812-CBA1-65FE-F9AA-5B6F4EFA8912" value="true"/>
<item key="26422F9F-4DF2-FEC0-08AE-5485848DD93C" value="true"/>
</engineerTo>
<sourcePk>020FB30F-44EE-4EEA-4CD9-D590D620EEDB</sourcePk>
<identifying>false</identifying>
<optionalSource>true</optionalSource>
<optionalTarget>false</optionalTarget>
<sourceCardinality>1</sourceCardinality>
<sourceEntity>91C8E099-3E8F-DAA5-7976-B4C01A3EE99C</sourceEntity>
<targetCardinalityString>*</targetCardinalityString>
<targetEntity>80BD1D78-50A9-837E-0E18-923B058D7EAC</targetEntity>
<transferable>true</transferable>
</Relation>