<?xml version = '1.0' encoding = 'UTF-8'?>
<Relation class="oracle.dbtools.crest.model.design.logical.Relation" name="JHIST_DEPT_FK" directorySegmentName="seg_0" id="8302B540-5DD3-23E7-E7BC-DE0C6C63A7BE">
<createdBy>oracle</createdBy>
<createdTime>2011-11-14 09:54:30 UTC</createdTime>
<generatorID>9AA06AC6-7D6A-C00A-40F2-E5FC359C5BA2</generatorID>
<ownerDesignName>sol_19_01</ownerDesignName>
<engineerTo>
<item key="2C593812-CBA1-65FE-F9AA-5B6F4EFA8912" value="true"/>
<item key="26422F9F-4DF2-FEC0-08AE-5485848DD93C" value="true"/>
</engineerTo>
<sourcePk>D7F194E8-90DF-4773-4339-5546BDFD502B</sourcePk>
<identifying>false</identifying>
<optionalSource>true</optionalSource>
<optionalTarget>true</optionalTarget>
<sourceCardinality>1</sourceCardinality>
<sourceEntity>A6423129-C813-E977-E000-CD6DB7CAAA12</sourceEntity>
<targetCardinalityString>*</targetCardinalityString>
<targetEntity>3891E9B5-9F40-7A15-8142-C556514B7AD4</targetEntity>
<transferable>true</transferable>
</Relation>