<?xml version = '1.0' encoding = 'UTF-8'?>
<Relation class="oracle.dbtools.crest.model.design.logical.Relation" name="JHIST_JOB_FK" directorySegmentName="seg_0" id="8DFCC093-6768-E08E-FA48-1FCE643EA37F">
<createdBy>oracle</createdBy>
<createdTime>2011-11-14 09:54:30 UTC</createdTime>
<generatorID>37C4E0A5-3E7F-6DC6-78C6-BC850AC65DBD</generatorID>
<ownerDesignName>sol_19_01</ownerDesignName>
<engineerTo>
<item key="2C593812-CBA1-65FE-F9AA-5B6F4EFA8912" value="true"/>
<item key="26422F9F-4DF2-FEC0-08AE-5485848DD93C" value="true"/>
</engineerTo>
<sourcePk>020FB30F-44EE-4EEA-4CD9-D590D620EEDB</sourcePk>
<identifying>false</identifying>
<optionalSource>true</optionalSource>
<optionalTarget>false</optionalTarget>
<sourceCardinality>1</sourceCardinality>
<sourceEntity>91C8E099-3E8F-DAA5-7976-B4C01A3EE99C</sourceEntity>
<targetCardinalityString>*</targetCardinalityString>
<targetEntity>3891E9B5-9F40-7A15-8142-C556514B7AD4</targetEntity>
<transferable>true</transferable>
</Relation>