<?xml version = '1.0' encoding = 'UTF-8'?>
<Relation class="oracle.dbtools.crest.model.design.logical.Relation" name="EMP_DEPT_FK" directorySegmentName="seg_0" id="9275E559-11AE-8840-6FAD-6C2E0855E60B">
<createdBy>oracle</createdBy>
<createdTime>2011-11-14 09:54:30 UTC</createdTime>
<generatorID>E62ACA8A-F2F0-3013-F7B2-D606F75FB22E</generatorID>
<ownerDesignName>sol_19_01</ownerDesignName>
<engineerTo>
<item key="2C593812-CBA1-65FE-F9AA-5B6F4EFA8912" value="true"/>
<item key="26422F9F-4DF2-FEC0-08AE-5485848DD93C" value="true"/>
</engineerTo>
<sourcePk>D7F194E8-90DF-4773-4339-5546BDFD502B</sourcePk>
<identifying>false</identifying>
<optionalSource>true</optionalSource>
<optionalTarget>true</optionalTarget>
<sourceCardinality>1</sourceCardinality>
<sourceEntity>A6423129-C813-E977-E000-CD6DB7CAAA12</sourceEntity>
<targetCardinalityString>*</targetCardinalityString>
<targetEntity>80BD1D78-50A9-837E-0E18-923B058D7EAC</targetEntity>
<transferable>true</transferable>
</Relation>