<?xml version = '1.0' encoding = 'UTF-8'?>
<Relation class="oracle.dbtools.crest.model.design.logical.Relation" name="COUNTR_REG_FK" directorySegmentName="seg_0" id="946C0B6A-8C68-C2A6-0204-1FE3F8B83648">
<createdBy>oracle</createdBy>
<createdTime>2011-11-14 09:54:30 UTC</createdTime>
<generatorID>FFC93A7E-85FD-0694-0BB2-00603FAFD7AC</generatorID>
<ownerDesignName>sol_19_01</ownerDesignName>
<engineerTo>
<item key="2C593812-CBA1-65FE-F9AA-5B6F4EFA8912" value="true"/>
<item key="26422F9F-4DF2-FEC0-08AE-5485848DD93C" value="true"/>
</engineerTo>
<sourcePk>1F2EAEA2-9C31-0475-24A2-DB6476C68DC9</sourcePk>
<identifying>false</identifying>
<optionalSource>true</optionalSource>
<optionalTarget>true</optionalTarget>
<sourceCardinality>1</sourceCardinality>
<sourceEntity>4C0E3860-EE1E-F30C-86DE-B193D5AD3506</sourceEntity>
<targetCardinalityString>*</targetCardinalityString>
<targetEntity>F6D600F0-64D4-782C-3D9C-129CF39C790F</targetEntity>
<transferable>true</transferable>
</Relation>