<?xml version = '1.0' encoding = 'UTF-8'?>
<Relation class="oracle.dbtools.crest.model.design.logical.Relation" name="JHIST_EMP_FK" directorySegmentName="seg_0" id="970EF68C-708C-1DA8-7385-944796283240">
<createdBy>oracle</createdBy>
<createdTime>2011-11-14 09:54:30 UTC</createdTime>
<generatorID>41BC346C-19DB-A81F-DF06-9CAF3682CF25</generatorID>
<ownerDesignName>sol_19_01</ownerDesignName>
<engineerTo>
<item key="2C593812-CBA1-65FE-F9AA-5B6F4EFA8912" value="true"/>
<item key="26422F9F-4DF2-FEC0-08AE-5485848DD93C" value="true"/>
</engineerTo>
<sourcePk>525A8C03-5243-F5E2-20DD-62EA25D5CE71</sourcePk>
<identifying>true</identifying>
<optionalSource>true</optionalSource>
<optionalTarget>false</optionalTarget>
<sourceCardinality>1</sourceCardinality>
<sourceEntity>80BD1D78-50A9-837E-0E18-923B058D7EAC</sourceEntity>
<targetCardinalityString>*</targetCardinalityString>
<targetEntity>3891E9B5-9F40-7A15-8142-C556514B7AD4</targetEntity>
<transferable>true</transferable>
</Relation>