<?xml version = '1.0' encoding = 'UTF-8'?>
<Relation class="oracle.dbtools.crest.model.design.logical.Relation" name="DEPT_LOC_FK" directorySegmentName="seg_0" id="9DC35E3F-932E-9FEA-431A-5D2DF23B156D">
<createdBy>oracle</createdBy>
<createdTime>2011-11-14 09:54:30 UTC</createdTime>
<generatorID>74EE2001-F76E-D5A8-BE2D-20D5475CEB63</generatorID>
<ownerDesignName>sol_19_01</ownerDesignName>
<engineerTo>
<item key="2C593812-CBA1-65FE-F9AA-5B6F4EFA8912" value="true"/>
<item key="26422F9F-4DF2-FEC0-08AE-5485848DD93C" value="true"/>
</engineerTo>
<sourcePk>61B4D8BE-E828-B58A-669F-116A1A155F97</sourcePk>
<identifying>false</identifying>
<optionalSource>true</optionalSource>
<optionalTarget>true</optionalTarget>
<sourceCardinality>1</sourceCardinality>
<sourceEntity>D448A679-7F4C-083F-2C66-4D5B9D2E18BE</sourceEntity>
<targetCardinalityString>*</targetCardinalityString>
<targetEntity>A6423129-C813-E977-E000-CD6DB7CAAA12</targetEntity>
<transferable>true</transferable>
</Relation>