<?xml version = '1.0' encoding = 'UTF-8'?>
<Relation class="oracle.dbtools.crest.model.design.logical.Relation" name="LOC_C_ID_FK" directorySegmentName="seg_0" id="ABB9CCC2-4A66-E875-261A-DA145C8B7276">
<createdBy>oracle</createdBy>
<createdTime>2011-11-14 09:54:30 UTC</createdTime>
<generatorID>BF7116A8-94ED-F999-E5F8-F8C076EBC695</generatorID>
<ownerDesignName>sol_19_01</ownerDesignName>
<engineerTo>
<item key="2C593812-CBA1-65FE-F9AA-5B6F4EFA8912" value="true"/>
<item key="26422F9F-4DF2-FEC0-08AE-5485848DD93C" value="true"/>
</engineerTo>
<sourcePk>C84DB7C5-6377-7158-D3BA-BBCF55C0DC6C</sourcePk>
<identifying>false</identifying>
<optionalSource>true</optionalSource>
<optionalTarget>true</optionalTarget>
<sourceCardinality>1</sourceCardinality>
<sourceEntity>F6D600F0-64D4-782C-3D9C-129CF39C790F</sourceEntity>
<targetCardinalityString>*</targetCardinalityString>
<targetEntity>D448A679-7F4C-083F-2C66-4D5B9D2E18BE</targetEntity>
<transferable>true</transferable>
</Relation>