<?xml version = '1.0' encoding = 'UTF-8'?>
<Relation class="oracle.dbtools.crest.model.design.logical.Relation" name="EMP_MANAGER_FK" directorySegmentName="seg_0" id="ED2E3021-4797-F711-FD93-FA42F930B57A">
<createdBy>oracle</createdBy>
<createdTime>2011-11-14 09:54:30 UTC</createdTime>
<generatorID>2563F683-7D47-3D67-03A4-8E4632A33776</generatorID>
<ownerDesignName>sol_19_01</ownerDesignName>
<engineerTo>
<item key="2C593812-CBA1-65FE-F9AA-5B6F4EFA8912" value="true"/>
<item key="26422F9F-4DF2-FEC0-08AE-5485848DD93C" value="true"/>
</engineerTo>
<targetPk>525A8C03-5243-F5E2-20DD-62EA25D5CE71</targetPk>
<identifying>false</identifying>
<optionalSource>true</optionalSource>
<optionalTarget>true</optionalTarget>
<sourceCardinality>1</sourceCardinality>
<sourceEntity>80BD1D78-50A9-837E-0E18-923B058D7EAC</sourceEntity>
<targetCardinalityString>*</targetCardinalityString>
<targetEntity>80BD1D78-50A9-837E-0E18-923B058D7EAC</targetEntity>
<transferable>true</transferable>
</Relation>