<?xml version = '1.0' encoding = 'UTF-8'?>
<Diagram class="oracle.dbtools.crest.swingui.logical.DPVLogical" name="Logical" id="AD14133E-8BA3-FFA0-3C3A-FD69C0FA8873">
<createdBy>oracle</createdBy>
<createdTime>2009-12-01 22:03:34 UTC</createdTime>
<autoRoute>false</autoRoute>
<boxInbox>false</boxInbox>
<showLegend>false</showLegend>
<showLabels>true</showLabels>
<showRelAttributes>false</showRelAttributes>
<showGrid>false</showGrid>
<diagramColor>-1</diagramColor>
<display>false</display>
<notation>1</notation>
<objectViews>
<OView class="oracle.dbtools.crest.swingui.logical.TVEntity" oid="03AA80C1-F439-D523-F5E8-CBC314E85462" otype="Entity" vid="3E902C1F-FCAD-7CD3-F1C7-3BF506A4C018">
<hideElementsInCurrentOnly>false</hideElementsInCurrentOnly>
<bounds x="420" y="119" width="170" height="110"/>
</OView>
<OView class="oracle.dbtools.crest.swingui.logical.TVEntity" oid="6BD48D4D-C42F-8C9D-E0CB-8F44103CB672" otype="Entity" vid="1644DBFB-FA1B-8F67-56B2-024736BB8F38">
<hideElementsInCurrentOnly>false</hideElementsInCurrentOnly>
<bounds x="111" y="122" width="170" height="110"/>
</OView>
<OView class="oracle.dbtools.crest.swingui.logical.TVEntity" oid="D65CDEC7-E791-7A65-AB93-B82ACCE1E4EC" otype="Entity" vid="47954A50-97AB-BDDC-F7BF-A5350D07A524">
<hideElementsInCurrentOnly>false</hideElementsInCurrentOnly>
<bounds x="277" y="290" width="170" height="110"/>
</OView>
</objectViews>
<connectors>
<Connector class="oracle.dbtools.crest.swingui.logical.TVRelation" oid="603C999A-F041-DD1A-7695-DCD039B9D0B0" otype="Relation" vid_source="1644DBFB-FA1B-8F67-56B2-024736BB8F38" vid_target="47954A50-97AB-BDDC-F7BF-A5350D07A524">
<hideElementsInCurrentOnly>false</hideElementsInCurrentOnly>
<lineWidth>1</lineWidth>
<sourceLabel class="oracle.dbtools.crest.model.design.Label">
<site>0</site>
<labelBounds x="193" y="261" width="54" height="20"/>
<fonts itemClass="oracle.dbtools.crest.model.design.FontObjectWr">
<FontObject>
<foType>Text</foType>
<colorRGB>-16777216</colorRGB>
</FontObject>
</fonts>
</sourceLabel>
<targetLabel class="oracle.dbtools.crest.model.design.Label">
<site>2</site>
<labelBounds x="259" y="338" width="50" height="20"/>
<fonts itemClass="oracle.dbtools.crest.model.design.FontObjectWr">
<FontObject>
<foType>Text</foType>
<colorRGB>-16777216</colorRGB>
</FontObject>
</fonts>
</targetLabel>
<points>
<point x="180" y="232"/>
<point x="190" y="350"/>
<point x="277" y="360"/>
</points>
</Connector>
<Connector class="oracle.dbtools.crest.swingui.logical.TVRelation" oid="B0DF4D1A-2F9E-CEB1-25E0-3D8715975DF8" otype="Relation" vid_source="3E902C1F-FCAD-7CD3-F1C7-3BF506A4C018" vid_target="47954A50-97AB-BDDC-F7BF-A5350D07A524">
<hideElementsInCurrentOnly>false</hideElementsInCurrentOnly>
<lineWidth>1</lineWidth>
<sourceLabel class="oracle.dbtools.crest.model.design.Label">
<site>0</site>
<labelBounds x="513" y="259" width="57" height="20"/>
<fonts itemClass="oracle.dbtools.crest.model.design.FontObjectWr">
<FontObject>
<foType>Text</foType>
<colorRGB>-16777216</colorRGB>
</FontObject>
</fonts>
</sourceLabel>
<targetLabel class="oracle.dbtools.crest.model.design.Label">
<site>2</site>
<labelBounds x="466" y="338" width="24" height="20"/>
<fonts itemClass="oracle.dbtools.crest.model.design.FontObjectWr">
<FontObject>
<foType>Text</foType>
<colorRGB>-16777216</colorRGB>
</FontObject>
</fonts>
</targetLabel>
<points>
<point x="433" y="229"/>
<point x="510" y="350"/>
<point x="433" y="290"/>
</points>
</Connector>
</connectors>
</Diagram>