<?xml version = '1.0' encoding = 'UTF-8'?>
<Table class="oracle.dbtools.crest.model.design.relational.Table" directorySegmentName="seg_0" id="30A96D3E-7613-89AD-6A51-3788C784D8E5" name="Individual">
<createdBy>oracle</createdBy>
<createdTime>2014-02-14 01:22:15 UTC</createdTime>
<generatorID>41607443-C885-2325-E292-9BE4E01B1838</generatorID>
<ownerDesignName>sol_15_02</ownerDesignName>
<allowColumnReorder>false</allowColumnReorder>
<existDependencyGenerateInDDl>true</existDependencyGenerateInDDl>
<columns itemClass="oracle.dbtools.crest.model.design.relational.Column">
<Column name="Driver&apos;s_License_State" id="61B88FFA-B192-9181-A8B1-E88C4C7075D8">
<createdBy>oracle</createdBy>
<createdTime>2014-02-14 01:22:15 UTC</createdTime>
<generatorID>4728DBDB-06DB-0E3E-26FA-2BC50E76F350</generatorID>
<ownerDesignName>sol_15_02</ownerDesignName>
<useDomainConstraints>false</useDomainConstraints>
<use>1</use>
<logicalDatatype>LOGDT025</logicalDatatype>
<dataTypeSize>2</dataTypeSize>
<autoIncrementCycle>false</autoIncrementCycle>
</Column>
<Column name="Driver&apos;s_License_Number" id="9D41B6B0-E2A2-42D8-1F58-289AAA4E4CEF">
<createdBy>oracle</createdBy>
<createdTime>2014-02-14 01:22:15 UTC</createdTime>
<generatorID>6324E3F8-5842-B98B-0E7C-950D4497DD00</generatorID>
<ownerDesignName>sol_15_02</ownerDesignName>
<use>0</use>
<logicalDatatype>LOGDT019</logicalDatatype>
<domain>B8552587-2E6A-CB3F-7721-F45E81EA16F6</domain>
<autoIncrementCycle>false</autoIncrementCycle>
</Column>
<Column name="Expiration_Date" id="5BF494E2-08D2-B975-5179-5EF84554F642">
<createdBy>oracle</createdBy>
<createdTime>2014-02-14 01:22:15 UTC</createdTime>
<generatorID>69BBD441-C672-ECD7-F559-3F6B73E5D956</generatorID>
<ownerDesignName>sol_15_02</ownerDesignName>
<nullsAllowed>true</nullsAllowed>
<useDomainConstraints>false</useDomainConstraints>
<use>1</use>
<logicalDatatype>LOGDT007</logicalDatatype>
<autoIncrementCycle>false</autoIncrementCycle>
</Column>
<Column name="First_Name" id="310D548D-F45B-2FA0-2A54-BCEBDA063DFB">
<createdBy>oracle</createdBy>
<createdTime>2014-02-14 01:22:15 UTC</createdTime>
<generatorID>4C0D98E6-DF7E-9AF7-9E38-B2E344E6123E</generatorID>
<ownerDesignName>sol_15_02</ownerDesignName>
<nullsAllowed>true</nullsAllowed>
<use>0</use>
<logicalDatatype>LOGDT024</logicalDatatype>
<dataTypeSize>50 CHAR</dataTypeSize>
<domain>785C3EC1-5620-CBEB-E381-CE19C3E0533F</domain>
<autoIncrementCycle>false</autoIncrementCycle>
</Column>
<Column name="Last_Name" id="9812FF06-2D36-F3DD-398A-3F1550D54471">
<createdBy>oracle</createdBy>
<createdTime>2014-02-14 01:22:15 UTC</createdTime>
<generatorID>20BB9E70-356E-E7B1-CF5D-5A151C6303A6</generatorID>
<ownerDesignName>sol_15_02</ownerDesignName>
<nullsAllowed>true</nullsAllowed>
<use>0</use>
<logicalDatatype>LOGDT024</logicalDatatype>
<dataTypeSize>50 CHAR</dataTypeSize>
<domain>785C3EC1-5620-CBEB-E381-CE19C3E0533F</domain>
<autoIncrementCycle>false</autoIncrementCycle>
</Column>
<Column name="Address" id="582DCE71-27BF-CEDD-A4EE-06ED83ABB257">
<createdBy>oracle</createdBy>
<createdTime>2014-02-14 01:22:15 UTC</createdTime>
<generatorID>63F3634E-998E-0E78-AD61-B56B0EBC2C03</generatorID>
<ownerDesignName>sol_15_02</ownerDesignName>
<nullsAllowed>true</nullsAllowed>
<useDomainConstraints>false</useDomainConstraints>
<use>3</use>
<structuredType>99E94568-CDB5-7B79-7F93-A5C7B30CE290</structuredType>
<autoIncrementCycle>false</autoIncrementCycle>
</Column>
<Column name="Phone" id="2BE743DB-BF35-8A89-627F-C34032AA9127">
<createdBy>oracle</createdBy>
<createdTime>2014-02-14 01:22:15 UTC</createdTime>
<generatorID>A8466062-1657-FE3B-33E0-90327C195541</generatorID>
<ownerDesignName>sol_15_02</ownerDesignName>
<nullsAllowed>true</nullsAllowed>
<useDomainConstraints>false</useDomainConstraints>
<use>1</use>
<logicalDatatype>LOGDT019</logicalDatatype>
<autoIncrementCycle>false</autoIncrementCycle>
</Column>
<Column name="Risk" id="7DBA52C3-9E98-4103-02C6-A9CDEFA64BC9">
<createdBy>oracle</createdBy>
<createdTime>2014-02-14 01:22:15 UTC</createdTime>
<generatorID>36A6ACE8-4022-B1B0-1310-E3A433513017</generatorID>
<ownerDesignName>sol_15_02</ownerDesignName>
<nullsAllowed>true</nullsAllowed>
<useDomainConstraints>false</useDomainConstraints>
<use>1</use>
<logicalDatatype>LOGDT024</logicalDatatype>
<dataTypeSize>10</dataTypeSize>
<autoIncrementCycle>false</autoIncrementCycle>
</Column>
</columns>
<nestedColumns itemClass="oracle.dbtools.crest.model.design.relational.Column">
<nestedColumn name="Address.Street" id="523A3816-D060-E075-FB41-2B1F2703021E">
<createdBy>oracle</createdBy>
<createdTime>2014-02-14 01:22:15 UTC</createdTime>
<ownerDesignName>sol_15_02</ownerDesignName>
<nullsAllowed>true</nullsAllowed>
<parentObject>582DCE71-27BF-CEDD-A4EE-06ED83ABB257</parentObject>
<structAttributeID>63BD2D22-2F3E-6EFE-48D0-87AC304D2EDE</structAttributeID>
<useDomainConstraints>false</useDomainConstraints>
<use>1</use>
<logicalDatatype>LOGDT024</logicalDatatype>
<dataTypePrecision>0</dataTypePrecision>
<dataTypeScale>0</dataTypeScale>
<dataTypeSize>50</dataTypeSize>
<autoIncrementCycle>false</autoIncrementCycle>
</nestedColumn>
<nestedColumn name="Address.City" id="8999A71F-FF62-856F-BF06-7396244E4D56">
<createdBy>oracle</createdBy>
<createdTime>2014-02-14 01:22:15 UTC</createdTime>
<ownerDesignName>sol_15_02</ownerDesignName>
<nullsAllowed>true</nullsAllowed>
<parentObject>582DCE71-27BF-CEDD-A4EE-06ED83ABB257</parentObject>
<structAttributeID>5D0F06AE-578E-8F86-8D4C-AEADE500EDF9</structAttributeID>
<useDomainConstraints>false</useDomainConstraints>
<use>1</use>
<logicalDatatype>LOGDT024</logicalDatatype>
<dataTypePrecision>0</dataTypePrecision>
<dataTypeScale>0</dataTypeScale>
<dataTypeSize>50</dataTypeSize>
<autoIncrementCycle>false</autoIncrementCycle>
</nestedColumn>
<nestedColumn name="Address.State" id="E5F4AF62-AF3C-D6F9-138F-7402AD924CA0">
<createdBy>oracle</createdBy>
<createdTime>2014-02-14 01:22:15 UTC</createdTime>
<ownerDesignName>sol_15_02</ownerDesignName>
<nullsAllowed>true</nullsAllowed>
<parentObject>582DCE71-27BF-CEDD-A4EE-06ED83ABB257</parentObject>
<structAttributeID>A9BE8EDF-1AA5-337E-7D3C-3740BD8D6D94</structAttributeID>
<useDomainConstraints>false</useDomainConstraints>
<use>1</use>
<logicalDatatype>LOGDT025</logicalDatatype>
<dataTypePrecision>0</dataTypePrecision>
<dataTypeScale>0</dataTypeScale>
<dataTypeSize>0</dataTypeSize>
<autoIncrementCycle>false</autoIncrementCycle>
</nestedColumn>
<nestedColumn name="Address.Zip Code" id="7C7E91FE-7D76-2F6B-FABA-BB5FC98C9002">
<createdBy>oracle</createdBy>
<createdTime>2014-02-14 01:22:15 UTC</createdTime>
<ownerDesignName>sol_15_02</ownerDesignName>
<nullsAllowed>true</nullsAllowed>
<parentObject>582DCE71-27BF-CEDD-A4EE-06ED83ABB257</parentObject>
<structAttributeID>A519844E-6447-FA7E-E9DE-EA204D6FCC99</structAttributeID>
<useDomainConstraints>false</useDomainConstraints>
<use>1</use>
<logicalDatatype>LOGDT024</logicalDatatype>
<dataTypePrecision>0</dataTypePrecision>
<dataTypeScale>0</dataTypeScale>
<dataTypeSize>11</dataTypeSize>
<autoIncrementCycle>false</autoIncrementCycle>
</nestedColumn>
</nestedColumns>
<indexes itemClass="oracle.dbtools.crest.model.design.relational.Index">
<ind_PK_UK id="229AD990-119E-0352-56C8-063306BD1867" name="Individual_PK">
<createdBy>oracle</createdBy>
<createdTime>2014-02-14 01:22:15 UTC</createdTime>
<generatorID>5680CFA0-1AF9-8DC2-AD5C-7376B09BDFAC</generatorID>
<ownerDesignName>sol_15_02</ownerDesignName>
<pk>true</pk>
<indexState>Primary Constraint</indexState>
<isSurrogateKey>false</isSurrogateKey>
<indexColumnUsage>
<colUsage columnID="61B88FFA-B192-9181-A8B1-E88C4C7075D8"/>
<colUsage columnID="9D41B6B0-E2A2-42D8-1F58-289AAA4E4CEF"/>
</indexColumnUsage>
</ind_PK_UK>
</indexes>
</Table>