<?xml version = '1.0' encoding = 'UTF-8'?>
<Table class="oracle.dbtools.crest.model.design.relational.Table" directorySegmentName="seg_0" id="4A29C079-8175-E990-2D99-A5191B4EDC2A" name="Vehicle">
<createdBy>oracle</createdBy>
<createdTime>2014-02-14 01:22:15 UTC</createdTime>
<generatorID>E6958574-63BB-DAAB-B042-CB0F42D6833A</generatorID>
<ownerDesignName>sol_15_02</ownerDesignName>
<allowColumnReorder>false</allowColumnReorder>
<existDependencyGenerateInDDl>true</existDependencyGenerateInDDl>
<columns itemClass="oracle.dbtools.crest.model.design.relational.Column">
<Column name="ID" id="97D18D8A-4346-E8A1-A967-818621A51A8E">
<createdBy>oracle</createdBy>
<createdTime>2014-02-14 01:22:15 UTC</createdTime>
<generatorID>E6D1A456-1996-F2D9-5F3F-84388A65DA5C</generatorID>
<ownerDesignName>sol_15_02</ownerDesignName>
<use>0</use>
<logicalDatatype>LOGDT019</logicalDatatype>
<domain>B8552587-2E6A-CB3F-7721-F45E81EA16F6</domain>
<autoIncrementCycle>false</autoIncrementCycle>
</Column>
<Column name="State_of_Registration" id="6498D4D9-13E5-FD4E-AE87-46D6FA31C9AC">
<createdBy>oracle</createdBy>
<createdTime>2014-02-14 01:22:15 UTC</createdTime>
<generatorID>4B2B0EBA-F1A2-93AC-F43E-A89A65BBBB0C</generatorID>
<ownerDesignName>sol_15_02</ownerDesignName>
<nullsAllowed>true</nullsAllowed>
<useDomainConstraints>false</useDomainConstraints>
<use>1</use>
<logicalDatatype>LOGDT025</logicalDatatype>
<dataTypeSize>2</dataTypeSize>
<autoIncrementCycle>false</autoIncrementCycle>
</Column>
<Column name="Registration_Number" id="41972F45-8206-28FE-2A3B-21217C17CA8C">
<createdBy>oracle</createdBy>
<createdTime>2014-02-14 01:22:15 UTC</createdTime>
<generatorID>FC601634-8BA4-DAEC-530D-A63AC669E419</generatorID>
<ownerDesignName>sol_15_02</ownerDesignName>
<nullsAllowed>true</nullsAllowed>
<use>0</use>
<logicalDatatype>LOGDT019</logicalDatatype>
<domain>B8552587-2E6A-CB3F-7721-F45E81EA16F6</domain>
<autoIncrementCycle>false</autoIncrementCycle>
</Column>
<Column name="Date_of_Last_Maintenance" id="1C3BDF01-FEB5-E1D4-7AB6-8A2210A6C784">
<createdBy>oracle</createdBy>
<createdTime>2014-02-14 01:22:15 UTC</createdTime>
<generatorID>28F53598-5239-E79D-57AE-0C8A4B035AEF</generatorID>
<ownerDesignName>sol_15_02</ownerDesignName>
<nullsAllowed>true</nullsAllowed>
<useDomainConstraints>false</useDomainConstraints>
<use>1</use>
<logicalDatatype>LOGDT007</logicalDatatype>
<autoIncrementCycle>false</autoIncrementCycle>
</Column>
<Column name="Date_of_registration_expiration" id="7E45C5FD-AFF7-8109-318F-52FA01525ACB">
<createdBy>oracle</createdBy>
<createdTime>2014-02-14 01:22:15 UTC</createdTime>
<generatorID>0DED38B9-F80E-623F-1BAA-CD47692C573D</generatorID>
<ownerDesignName>sol_15_02</ownerDesignName>
<nullsAllowed>true</nullsAllowed>
<useDomainConstraints>false</useDomainConstraints>
<use>1</use>
<logicalDatatype>LOGDT007</logicalDatatype>
<autoIncrementCycle>false</autoIncrementCycle>
</Column>
<Column name="Code" id="D9474B61-9705-53CD-B935-B0AD46E5E6AC">
<createdBy>oracle</createdBy>
<createdTime>2014-02-14 01:22:15 UTC</createdTime>
<generatorID>4F14B136-90A2-3392-FDD4-FF125E2A533B</generatorID>
<ownerDesignName>sol_15_02</ownerDesignName>
<use>0</use>
<logicalDatatype>LOGDT019</logicalDatatype>
<domain>B8552587-2E6A-CB3F-7721-F45E81EA16F6</domain>
<delegate>B1F95983-3709-9618-B244-9FBFB7C52A77</delegate>
<previousColumn>false</previousColumn>
<autoIncrementCycle>false</autoIncrementCycle>
<associations>
<colAssociation fkAssociation="72B270FD-FA38-F1DB-5ACB-AEDBC3D5F825" referredColumn="B1F95983-3709-9618-B244-9FBFB7C52A77"/>
</associations>
</Column>
<Column name="Number" id="9452A587-7D43-5CA9-B450-9AD4BE4F22CC">
<createdBy>oracle</createdBy>
<createdTime>2014-02-14 01:22:15 UTC</createdTime>
<generatorID>4BA87C76-8E04-88D2-D806-8A4305F64B62</generatorID>
<ownerDesignName>sol_15_02</ownerDesignName>
<use>0</use>
<logicalDatatype>LOGDT019</logicalDatatype>
<domain>B8552587-2E6A-CB3F-7721-F45E81EA16F6</domain>
<delegate>066C22FF-3E1A-1A08-9D1E-7189D1988BFE</delegate>
<previousColumn>false</previousColumn>
<autoIncrementCycle>false</autoIncrementCycle>
<associations>
<colAssociation fkAssociation="EF5AB1A9-E986-6831-2838-8BC90F29A008" referredColumn="066C22FF-3E1A-1A08-9D1E-7189D1988BFE"/>
</associations>
</Column>
</columns>
<indexes itemClass="oracle.dbtools.crest.model.design.relational.Index">
<ind_PK_UK id="1177A813-F967-A78A-FD95-48C52669428F" name="Vehicle_PK">
<createdBy>oracle</createdBy>
<createdTime>2014-02-14 01:22:15 UTC</createdTime>
<generatorID>63D63A53-0489-4865-A8DD-9BF2D8B4BDBE</generatorID>
<ownerDesignName>sol_15_02</ownerDesignName>
<pk>true</pk>
<indexState>Primary Constraint</indexState>
<isSurrogateKey>false</isSurrogateKey>
<indexColumnUsage>
<colUsage columnID="97D18D8A-4346-E8A1-A967-818621A51A8E"/>
</indexColumnUsage>
</ind_PK_UK>
<ind_PK_UK id="81245272-40F5-B56C-0F4E-87F250222F6F" name="Relation_5">
<createdBy>oracle</createdBy>
<createdTime>2014-02-14 01:22:15 UTC</createdTime>
<generatorID>16A781C6-5C12-9B34-F91C-B00C73C8BEDF</generatorID>
<ownerDesignName>sol_15_02</ownerDesignName>
<indexState>Foreign Key</indexState>
<isSurrogateKey>false</isSurrogateKey>
<indexColumnUsage>
<colUsage columnID="D9474B61-9705-53CD-B935-B0AD46E5E6AC"/>
</indexColumnUsage>
</ind_PK_UK>
<ind_PK_UK id="F5B462F2-5C65-0D70-EE7F-401BFA7F0977" name="Relation_8">
<createdBy>oracle</createdBy>
<createdTime>2014-02-14 01:22:15 UTC</createdTime>
<generatorID>C7224D5A-69D5-D23E-8057-C7A24DB04704</generatorID>
<ownerDesignName>sol_15_02</ownerDesignName>
<indexState>Foreign Key</indexState>
<isSurrogateKey>false</isSurrogateKey>
<indexColumnUsage>
<colUsage columnID="9452A587-7D43-5CA9-B450-9AD4BE4F22CC"/>
</indexColumnUsage>
</ind_PK_UK>
</indexes>
</Table>