<?xml version = '1.0' encoding = 'UTF-8'?>
<Table class="oracle.dbtools.crest.model.design.relational.Table" directorySegmentName="seg_0" id="89E3B085-B8E3-1132-8BAE-11454721681D" name="Trailer">
<createdBy>oracle</createdBy>
<createdTime>2014-02-14 01:22:15 UTC</createdTime>
<generatorID>BA95C539-66B5-8598-F32B-EB0FEBCFF1FC</generatorID>
<ownerDesignName>sol_15_02</ownerDesignName>
<allowColumnReorder>false</allowColumnReorder>
<existDependencyGenerateInDDl>true</existDependencyGenerateInDDl>
<columns itemClass="oracle.dbtools.crest.model.design.relational.Column">
<Column name="ID" id="F0ABDC04-0AD2-6AA7-EDE0-97EE88F2B3FC">
<createdBy>oracle</createdBy>
<createdTime>2014-02-14 01:22:15 UTC</createdTime>
<generatorID>E6D1A456-1996-F2D9-5F3F-84388A65DA5C</generatorID>
<ownerDesignName>sol_15_02</ownerDesignName>
<use>0</use>
<logicalDatatype>LOGDT019</logicalDatatype>
<domain>B8552587-2E6A-CB3F-7721-F45E81EA16F6</domain>
<delegate>97D18D8A-4346-E8A1-A967-818621A51A8E</delegate>
<autoIncrementCycle>false</autoIncrementCycle>
<associations>
<colAssociation fkAssociation="9A374A3B-0965-A0AA-4039-D5A2641936AE" referredColumn="97D18D8A-4346-E8A1-A967-818621A51A8E"/>
</associations>
</Column>
</columns>
<indexes itemClass="oracle.dbtools.crest.model.design.relational.Index">
<ind_PK_UK id="CF7830B1-1D41-D6C5-B042-98C5CC40C81D" name="Trailer_PK">
<createdBy>oracle</createdBy>
<createdTime>2014-02-14 01:22:15 UTC</createdTime>
<generatorID>63D63A53-0489-4865-A8DD-9BF2D8B4BDBE</generatorID>
<ownerDesignName>sol_15_02</ownerDesignName>
<pk>true</pk>
<indexState>Primary Constraint</indexState>
<isSurrogateKey>false</isSurrogateKey>
<indexColumnUsage>
<colUsage columnID="F0ABDC04-0AD2-6AA7-EDE0-97EE88F2B3FC"/>
</indexColumnUsage>
</ind_PK_UK>
<ind_PK_UK id="1976B1A0-B241-D5D9-7422-D876B5F23932" name="FK_ASS_2">
<createdBy>oracle</createdBy>
<createdTime>2014-02-14 01:22:15 UTC</createdTime>
<generatorID>FC6D0313-07F7-6F3C-06FF-922A70A868C4</generatorID>
<ownerDesignName>sol_15_02</ownerDesignName>
<indexState>Foreign Key</indexState>
<isSurrogateKey>false</isSurrogateKey>
<indexColumnUsage>
<colUsage columnID="F0ABDC04-0AD2-6AA7-EDE0-97EE88F2B3FC"/>
</indexColumnUsage>
</ind_PK_UK>
</indexes>
</Table>