<?xml version = '1.0' encoding = 'UTF-8'?>
<Table class="oracle.dbtools.crest.model.design.relational.Table" directorySegmentName="seg_0" id="B05EF8A7-38B9-2465-166B-D5F9ABD5F4FF" name="Truck">
<createdBy>oracle</createdBy>
<createdTime>2014-02-14 01:22:15 UTC</createdTime>
<generatorID>4F68BFCA-83AF-4B32-7E00-772B5271C090</generatorID>
<ownerDesignName>sol_15_02</ownerDesignName>
<allowColumnReorder>false</allowColumnReorder>
<existDependencyGenerateInDDl>true</existDependencyGenerateInDDl>
<columns itemClass="oracle.dbtools.crest.model.design.relational.Column">
<Column name="ID" id="C79A2B01-2206-4ED9-A48C-0EAB45AB8461">
<createdBy>oracle</createdBy>
<createdTime>2014-02-14 01:22:15 UTC</createdTime>
<generatorID>E6D1A456-1996-F2D9-5F3F-84388A65DA5C</generatorID>
<ownerDesignName>sol_15_02</ownerDesignName>
<use>0</use>
<logicalDatatype>LOGDT019</logicalDatatype>
<domain>B8552587-2E6A-CB3F-7721-F45E81EA16F6</domain>
<delegate>97D18D8A-4346-E8A1-A967-818621A51A8E</delegate>
<autoIncrementCycle>false</autoIncrementCycle>
<associations>
<colAssociation fkAssociation="3D0FF77A-2ED5-F84E-C6E8-108BF950C15D" referredColumn="97D18D8A-4346-E8A1-A967-818621A51A8E"/>
</associations>
</Column>
<Column name="Current_Odometer_Reading" id="CEAEDBA2-75BA-E744-D6FE-93D9A72C6E31">
<createdBy>oracle</createdBy>
<createdTime>2014-02-14 01:22:15 UTC</createdTime>
<generatorID>430630C9-F72F-6E85-1FE6-BEA1AC7C87D2</generatorID>
<ownerDesignName>sol_15_02</ownerDesignName>
<nullsAllowed>true</nullsAllowed>
<useDomainConstraints>false</useDomainConstraints>
<use>1</use>
<logicalDatatype>LOGDT019</logicalDatatype>
<dataTypePrecision>10</dataTypePrecision>
<dataTypeScale>0</dataTypeScale>
<autoIncrementCycle>false</autoIncrementCycle>
</Column>
<Column name="Working_Radio" id="E52259F3-9533-0AD1-16BD-41AB91B89FD6">
<createdBy>oracle</createdBy>
<createdTime>2014-02-14 01:22:15 UTC</createdTime>
<generatorID>A7786A72-F3FA-D4A2-D31D-EEC80A9B1546</generatorID>
<ownerDesignName>sol_15_02</ownerDesignName>
<nullsAllowed>true</nullsAllowed>
<useDomainConstraints>false</useDomainConstraints>
<use>1</use>
<logicalDatatype>LOGDT024</logicalDatatype>
<dataTypeSize>3</dataTypeSize>
<autoIncrementCycle>false</autoIncrementCycle>
</Column>
<Column name="Gas_Tank_Capacity" id="1857C93B-028B-15FB-7967-5A3AE5E4F42F">
<createdBy>oracle</createdBy>
<createdTime>2014-02-14 01:22:15 UTC</createdTime>
<generatorID>8D3CAF11-0429-C20A-7DC4-9F3E9895A880</generatorID>
<ownerDesignName>sol_15_02</ownerDesignName>
<nullsAllowed>true</nullsAllowed>
<useDomainConstraints>false</useDomainConstraints>
<use>1</use>
<logicalDatatype>LOGDT019</logicalDatatype>
<dataTypePrecision>10</dataTypePrecision>
<dataTypeScale>0</dataTypeScale>
<autoIncrementCycle>false</autoIncrementCycle>
</Column>
</columns>
<indexes itemClass="oracle.dbtools.crest.model.design.relational.Index">
<ind_PK_UK id="01E3A185-C0A3-5B2B-EBB2-E497211FEC46" name="Truck_PK">
<createdBy>oracle</createdBy>
<createdTime>2014-02-14 01:22:15 UTC</createdTime>
<generatorID>63D63A53-0489-4865-A8DD-9BF2D8B4BDBE</generatorID>
<ownerDesignName>sol_15_02</ownerDesignName>
<pk>true</pk>
<indexState>Primary Constraint</indexState>
<isSurrogateKey>false</isSurrogateKey>
<indexColumnUsage>
<colUsage columnID="C79A2B01-2206-4ED9-A48C-0EAB45AB8461"/>
</indexColumnUsage>
</ind_PK_UK>
<ind_PK_UK id="000AA8D4-5201-E0B1-7470-428A6E50F45D" name="FK_ASS_1">
<createdBy>oracle</createdBy>
<createdTime>2014-02-14 01:22:15 UTC</createdTime>
<generatorID>F70067C0-4964-5F22-E063-C9F7B87C2A24</generatorID>
<ownerDesignName>sol_15_02</ownerDesignName>
<indexState>Foreign Key</indexState>
<isSurrogateKey>false</isSurrogateKey>
<indexColumnUsage>
<colUsage columnID="C79A2B01-2206-4ED9-A48C-0EAB45AB8461"/>
</indexColumnUsage>
</ind_PK_UK>
</indexes>
</Table>