<?xml version = '1.0' encoding = 'UTF-8'?>
<Table class="oracle.dbtools.crest.model.design.relational.Table" directorySegmentName="seg_0" id="F9EAA380-BFA7-1404-991E-81D7AE4CAA16" name="Office">
<createdBy>oracle</createdBy>
<createdTime>2014-02-14 01:22:15 UTC</createdTime>
<generatorID>EF13EC74-7B77-A761-5AAF-695083F94641</generatorID>
<ownerDesignName>sol_15_02</ownerDesignName>
<allowColumnReorder>false</allowColumnReorder>
<existDependencyGenerateInDDl>true</existDependencyGenerateInDDl>
<columns itemClass="oracle.dbtools.crest.model.design.relational.Column">
<Column name="Number" id="066C22FF-3E1A-1A08-9D1E-7189D1988BFE">
<createdBy>oracle</createdBy>
<createdTime>2014-02-14 01:22:15 UTC</createdTime>
<generatorID>09D8D2EA-9604-4341-38C9-14828063E15C</generatorID>
<ownerDesignName>sol_15_02</ownerDesignName>
<use>0</use>
<logicalDatatype>LOGDT019</logicalDatatype>
<domain>B8552587-2E6A-CB3F-7721-F45E81EA16F6</domain>
<autoIncrementCycle>false</autoIncrementCycle>
</Column>
<Column name="Name" id="676C0DF2-DCB3-8C9F-B0AC-9E7D0E917A65">
<createdBy>oracle</createdBy>
<createdTime>2014-02-14 01:22:15 UTC</createdTime>
<generatorID>7F56F141-C586-5473-B3B9-5748DA6CD8FE</generatorID>
<ownerDesignName>sol_15_02</ownerDesignName>
<nullsAllowed>true</nullsAllowed>
<use>0</use>
<logicalDatatype>LOGDT024</logicalDatatype>
<dataTypeSize>50 CHAR</dataTypeSize>
<domain>785C3EC1-5620-CBEB-E381-CE19C3E0533F</domain>
<autoIncrementCycle>false</autoIncrementCycle>
</Column>
<Column name="Address" id="721A9575-3089-A911-9D04-E91D87F61831">
<createdBy>oracle</createdBy>
<createdTime>2014-02-14 01:22:15 UTC</createdTime>
<generatorID>F9E0FD62-D323-3CEE-B8F6-63E6532E0083</generatorID>
<ownerDesignName>sol_15_02</ownerDesignName>
<nullsAllowed>true</nullsAllowed>
<useDomainConstraints>false</useDomainConstraints>
<use>3</use>
<structuredType>99E94568-CDB5-7B79-7F93-A5C7B30CE290</structuredType>
<autoIncrementCycle>false</autoIncrementCycle>
</Column>
</columns>
<nestedColumns itemClass="oracle.dbtools.crest.model.design.relational.Column">
<nestedColumn name="Address.Street" id="98CFBD8E-38FD-863F-3BCB-81A842FFA973">
<createdBy>oracle</createdBy>
<createdTime>2014-02-14 01:22:15 UTC</createdTime>
<ownerDesignName>sol_15_02</ownerDesignName>
<nullsAllowed>true</nullsAllowed>
<parentObject>721A9575-3089-A911-9D04-E91D87F61831</parentObject>
<structAttributeID>63BD2D22-2F3E-6EFE-48D0-87AC304D2EDE</structAttributeID>
<useDomainConstraints>false</useDomainConstraints>
<use>1</use>
<logicalDatatype>LOGDT024</logicalDatatype>
<dataTypePrecision>0</dataTypePrecision>
<dataTypeScale>0</dataTypeScale>
<dataTypeSize>50</dataTypeSize>
<autoIncrementCycle>false</autoIncrementCycle>
</nestedColumn>
<nestedColumn name="Address.City" id="79C00BA6-2EED-9671-4FA5-D7DF0D159C5E">
<createdBy>oracle</createdBy>
<createdTime>2014-02-14 01:22:15 UTC</createdTime>
<ownerDesignName>sol_15_02</ownerDesignName>
<nullsAllowed>true</nullsAllowed>
<parentObject>721A9575-3089-A911-9D04-E91D87F61831</parentObject>
<structAttributeID>5D0F06AE-578E-8F86-8D4C-AEADE500EDF9</structAttributeID>
<useDomainConstraints>false</useDomainConstraints>
<use>1</use>
<logicalDatatype>LOGDT024</logicalDatatype>
<dataTypePrecision>0</dataTypePrecision>
<dataTypeScale>0</dataTypeScale>
<dataTypeSize>50</dataTypeSize>
<autoIncrementCycle>false</autoIncrementCycle>
</nestedColumn>
<nestedColumn name="Address.State" id="8DEA93C3-C8D4-BA82-44AE-F49E292056CE">
<createdBy>oracle</createdBy>
<createdTime>2014-02-14 01:22:15 UTC</createdTime>
<ownerDesignName>sol_15_02</ownerDesignName>
<nullsAllowed>true</nullsAllowed>
<parentObject>721A9575-3089-A911-9D04-E91D87F61831</parentObject>
<structAttributeID>A9BE8EDF-1AA5-337E-7D3C-3740BD8D6D94</structAttributeID>
<useDomainConstraints>false</useDomainConstraints>
<use>1</use>
<logicalDatatype>LOGDT025</logicalDatatype>
<dataTypePrecision>0</dataTypePrecision>
<dataTypeScale>0</dataTypeScale>
<dataTypeSize>0</dataTypeSize>
<autoIncrementCycle>false</autoIncrementCycle>
</nestedColumn>
<nestedColumn name="Address.Zip Code" id="C3D42ED0-87CD-16DC-F425-DBAD843E3306">
<createdBy>oracle</createdBy>
<createdTime>2014-02-14 01:22:15 UTC</createdTime>
<ownerDesignName>sol_15_02</ownerDesignName>
<nullsAllowed>true</nullsAllowed>
<parentObject>721A9575-3089-A911-9D04-E91D87F61831</parentObject>
<structAttributeID>A519844E-6447-FA7E-E9DE-EA204D6FCC99</structAttributeID>
<useDomainConstraints>false</useDomainConstraints>
<use>1</use>
<logicalDatatype>LOGDT024</logicalDatatype>
<dataTypePrecision>0</dataTypePrecision>
<dataTypeScale>0</dataTypeScale>
<dataTypeSize>11</dataTypeSize>
<autoIncrementCycle>false</autoIncrementCycle>
</nestedColumn>
</nestedColumns>
<indexes itemClass="oracle.dbtools.crest.model.design.relational.Index">
<ind_PK_UK id="630458C4-8F13-B477-F897-1CDDAE2F0B99" name="Office_PK">
<createdBy>oracle</createdBy>
<createdTime>2014-02-14 01:22:15 UTC</createdTime>
<generatorID>0F1EDB45-F4A2-E4D6-61C2-AFA83AC6D10D</generatorID>
<ownerDesignName>sol_15_02</ownerDesignName>
<pk>true</pk>
<indexState>Primary Constraint</indexState>
<isSurrogateKey>false</isSurrogateKey>
<indexColumnUsage>
<colUsage columnID="066C22FF-3E1A-1A08-9D1E-7189D1988BFE"/>
</indexColumnUsage>
</ind_PK_UK>
</indexes>
</Table>