<?xml version = '1.0' encoding = 'UTF-8'?>
<Diagram class="oracle.dbtools.crest.swingui.relational.DPVRelational" name="Relational_2" id="E2AD1EB9-3B26-FD31-4550-5EC2C2B5A673">
<createdBy>oracle</createdBy>
<createdTime>2011-11-14 10:07:05 UTC</createdTime>
<autoRoute>true</autoRoute>
<boxInbox>true</boxInbox>
<showLegend>false</showLegend>
<showLabels>false</showLabels>
<showRelAttributes>false</showRelAttributes>
<showGrid>false</showGrid>
<diagramColor>-1</diagramColor>
<display>false</display>
<notation>1</notation>
<objectViews>
<OView class="oracle.dbtools.crest.swingui.relational.TVTable" oid="2DCEACA1-6ECB-63AD-6EBC-148934342274" otype="Table" vid="A3223919-3925-D670-7667-77BA3821447D">
<hideElementsInCurrentOnly>false</hideElementsInCurrentOnly>
<bounds x="372" y="242" width="258" height="280"/>
</OView>
<OView class="oracle.dbtools.crest.swingui.relational.TVTable" oid="3267EF57-DB8D-4300-7468-2B66797BE7B8" otype="Table" vid="5E18FD6F-11EE-8E26-5974-D6AB7CA6C1A5">
<hideElementsInCurrentOnly>false</hideElementsInCurrentOnly>
<bounds x="427" y="20" width="234" height="105"/>
</OView>
<OView class="oracle.dbtools.crest.swingui.relational.TVTable" oid="6F31F983-B62D-FD91-2703-332E215AA7EA" otype="Table" vid="F66C478E-2645-F99B-8851-46484A517A71">
<hideElementsInCurrentOnly>false</hideElementsInCurrentOnly>
<bounds x="21" y="658" width="253" height="90"/>
</OView>
<OView class="oracle.dbtools.crest.swingui.relational.TVTable" oid="79FDA800-2B02-50E8-6BED-67146DDE0B29" otype="Table" vid="366F250C-4C16-41DB-453F-F808FE20DB8C">
<hideElementsInCurrentOnly>false</hideElementsInCurrentOnly>
<bounds x="21" y="808" width="240" height="75"/>
</OView>
<OView class="oracle.dbtools.crest.swingui.relational.TVTable" oid="7CE678F7-78B3-E9B3-E366-717A80FAB2A1" otype="Table" vid="D2D122D8-E8FA-6998-3689-716F2D3BC4A8">
<hideElementsInCurrentOnly>false</hideElementsInCurrentOnly>
<bounds x="21" y="421" width="267" height="177"/>
</OView>
<OView class="oracle.dbtools.crest.swingui.relational.TVTable" oid="B4CDAF13-531F-A700-A04A-22D2A14ECC59" otype="Table" vid="4A3ABFAE-1DE2-AFA8-BD9E-DCE310053D09">
<hideElementsInCurrentOnly>false</hideElementsInCurrentOnly>
<bounds x="20" y="20" width="311" height="162"/>
</OView>
<OView class="oracle.dbtools.crest.swingui.relational.TVTable" oid="D3D1D4D8-6815-E1FC-F8C8-E19838A1E46F" otype="Table" vid="D96F7B4D-4B78-AB48-AA57-5BAE984CB61F">
<hideElementsInCurrentOnly>false</hideElementsInCurrentOnly>
<bounds x="691" y="214" width="170" height="110"/>
</OView>
<OView class="oracle.dbtools.crest.swingui.relational.TVTable" oid="F9C10437-59E4-4884-F4DD-799DC59DAA43" otype="Table" vid="AD65BB23-D271-E5AC-270D-13AD2239E9D5">
<hideElementsInCurrentOnly>false</hideElementsInCurrentOnly>
<bounds x="20" y="242" width="272" height="119"/>
</OView>
</objectViews>
<connectors>
<Connector class="oracle.dbtools.crest.swingui.relational.TVFKRelation" oid="50AA63ED-E511-75EE-0ACE-1E475EDE7955" otype="FKIndexAssociation" vid_source="F66C478E-2645-F99B-8851-46484A517A71" vid_target="D2D122D8-E8FA-6998-3689-716F2D3BC4A8">
<hideElementsInCurrentOnly>false</hideElementsInCurrentOnly>
<lineWidth>1</lineWidth>
<points>
<point x="21" y="658"/>
<point x="147" y="584"/>
<point x="154" y="584"/>
<point x="21" y="421"/>
</points>
</Connector>
<Connector class="oracle.dbtools.crest.swingui.relational.TVFKRelation" oid="5B99EC93-94C2-64F2-BC20-A521543394A5" otype="FKIndexAssociation" vid_source="5E18FD6F-11EE-8E26-5974-D6AB7CA6C1A5" vid_target="A3223919-3925-D670-7667-77BA3821447D">
<hideElementsInCurrentOnly>false</hideElementsInCurrentOnly>
<lineWidth>1</lineWidth>
<points>
<point x="427" y="20"/>
<point x="551" y="176"/>
<point x="508" y="176"/>
<point x="372" y="242"/>
</points>
</Connector>
<Connector class="oracle.dbtools.crest.swingui.relational.TVFKRelation" oid="5BF79C01-15BD-109B-6A1F-237DF402A7AE" otype="FKIndexAssociation" vid_source="D2D122D8-E8FA-6998-3689-716F2D3BC4A8" vid_target="AD65BB23-D271-E5AC-270D-13AD2239E9D5">
<hideElementsInCurrentOnly>false</hideElementsInCurrentOnly>
<lineWidth>1</lineWidth>
<points>
<point x="21" y="421"/>
<point x="147" y="427"/>
<point x="149" y="427"/>
<point x="20" y="242"/>
</points>
</Connector>
<Connector class="oracle.dbtools.crest.swingui.relational.TVFKRelation" oid="76A0BAF4-CCF1-5EF8-87D1-5DC26A9F1E6D" otype="FKIndexAssociation" vid_source="A3223919-3925-D670-7667-77BA3821447D" vid_target="D96F7B4D-4B78-AB48-AA57-5BAE984CB61F">
<hideElementsInCurrentOnly>false</hideElementsInCurrentOnly>
<lineWidth>1</lineWidth>
<points>
<point x="372" y="242"/>
<point x="639" y="403"/>
<point x="639" y="290"/>
<point x="691" y="214"/>
</points>
</Connector>
<Connector class="oracle.dbtools.crest.swingui.relational.TVFKRelation" oid="778B532F-04BE-5FAC-46A2-FB5D1B5B5757" otype="FKIndexAssociation" vid_source="A3223919-3925-D670-7667-77BA3821447D" vid_target="4A3ABFAE-1DE2-AFA8-BD9E-DCE310053D09">
<hideElementsInCurrentOnly>false</hideElementsInCurrentOnly>
<lineWidth>1</lineWidth>
<points>
<point x="372" y="242"/>
<point x="304" y="403"/>
<point x="304" y="122"/>
<point x="20" y="20"/>
</points>
</Connector>
<Connector class="oracle.dbtools.crest.swingui.relational.TVFKRelation" oid="7E58D3FD-5F47-E1D3-AFA1-083B242154E6" otype="FKIndexAssociation" vid_source="366F250C-4C16-41DB-453F-F808FE20DB8C" vid_target="F66C478E-2645-F99B-8851-46484A517A71">
<hideElementsInCurrentOnly>false</hideElementsInCurrentOnly>
<lineWidth>1</lineWidth>
<points>
<point x="21" y="808"/>
<point x="141" y="770"/>
<point x="147" y="770"/>
<point x="21" y="658"/>
</points>
</Connector>
<Connector class="oracle.dbtools.crest.swingui.relational.TVFKRelation" oid="998F9447-3A5C-409F-B29E-70ECDB0C86E5" otype="FKIndexAssociation" vid_source="5E18FD6F-11EE-8E26-5974-D6AB7CA6C1A5" vid_target="4A3ABFAE-1DE2-AFA8-BD9E-DCE310053D09">
<hideElementsInCurrentOnly>false</hideElementsInCurrentOnly>
<lineWidth>1</lineWidth>
<points>
<point x="427" y="20"/>
<point x="319" y="93"/>
<point x="319" y="122"/>
<point x="20" y="20"/>
</points>
</Connector>
<Connector class="oracle.dbtools.crest.swingui.relational.TVFKRelation" oid="AAE4D966-C627-F9B9-4D55-1B8C4462ABA7" otype="FKIndexAssociation" vid_source="A3223919-3925-D670-7667-77BA3821447D" vid_target="AD65BB23-D271-E5AC-270D-13AD2239E9D5">
<hideElementsInCurrentOnly>false</hideElementsInCurrentOnly>
<lineWidth>1</lineWidth>
<points>
<point x="372" y="242"/>
<point x="346" y="361"/>
<point x="346" y="280"/>
<point x="20" y="242"/>
</points>
</Connector>
<Connector class="oracle.dbtools.crest.swingui.relational.TVFKRelation" oid="AD8CE2BA-469C-2E3D-70D0-A74E3B03AAE5" otype="FKIndexAssociation" vid_source="AD65BB23-D271-E5AC-270D-13AD2239E9D5" vid_target="4A3ABFAE-1DE2-AFA8-BD9E-DCE310053D09">
<hideElementsInCurrentOnly>false</hideElementsInCurrentOnly>
<lineWidth>1</lineWidth>
<points>
<point x="20" y="242"/>
<point x="149" y="197"/>
<point x="168" y="197"/>
<point x="20" y="20"/>
</points>
</Connector>
<Connector class="oracle.dbtools.crest.swingui.relational.TVFKRelation" oid="BF0A901B-10F5-FA73-3C98-5925C47FC86F" otype="FKIndexAssociation" vid_source="A3223919-3925-D670-7667-77BA3821447D" vid_target="A3223919-3925-D670-7667-77BA3821447D">
<hideElementsInCurrentOnly>false</hideElementsInCurrentOnly>
<lineWidth>1</lineWidth>
<points>
<point x="372" y="242"/>
<point x="655" y="382"/>
<point x="655" y="547"/>
<point x="501" y="547"/>
<point x="372" y="242"/>
</points>
</Connector>
<Connector class="oracle.dbtools.crest.swingui.relational.TVFKRelation" oid="E04A6676-D44C-951E-305E-04513913037B" otype="FKIndexAssociation" vid_source="AD65BB23-D271-E5AC-270D-13AD2239E9D5" vid_target="A3223919-3925-D670-7667-77BA3821447D">
<hideElementsInCurrentOnly>false</hideElementsInCurrentOnly>
<lineWidth>1</lineWidth>
<points>
<point x="20" y="242"/>
<point x="311" y="322"/>
<point x="311" y="403"/>
<point x="372" y="242"/>
</points>
</Connector>
</connectors>
</Diagram>