<?xml version = '1.0' encoding = 'UTF-8'?>
<CollectionType class="oracle.dbtools.crest.model.design.datatypes.CollectionType" name="SDO_ELEM_INFO_ARRAY" directorySegmentName="seg_0" id="3B4D0CB4-2460-44D8-058C-E6D177C60F1A">
<createdBy>Administrator</createdBy>
<createdTime>2008-11-20 16:11:34 UTC</createdTime>
<ownerDesignName>OE_Sample</ownerDesignName>
<predefined>false</predefined>
<dataTypeDescr class="oracle.dbtools.crest.model.design.datatypes.CollectionType$DataTypeWrapper">
<type>DOM3000004</type>
<isreference>false</isreference>
</dataTypeDescr>
<maxElement>1048576</maxElement>
<type>ARRAY</type>
</CollectionType>