<?xml version = '1.0' encoding = 'UTF-8'?>
<CollectionType class="oracle.dbtools.crest.model.design.datatypes.CollectionType" name="INVENTORY_LIST_TYP" directorySegmentName="seg_0" id="C243E351-7F74-78FE-5E60-C68B59B05AB5">
<createdBy>Administrator</createdBy>
<createdTime>2008-11-20 16:11:34 UTC</createdTime>
<ownerDesignName>OE_Sample</ownerDesignName>
<predefined>false</predefined>
<dataTypeDescr class="oracle.dbtools.crest.model.design.datatypes.CollectionType$DataTypeWrapper">
<type>DOM3000004</type>
<isreference>false</isreference>
</dataTypeDescr>
<maxElement>1</maxElement>
<type>COLLECTION</type>
</CollectionType>