<?xml version = '1.0' encoding = 'UTF-8'?>
<CollectionType class="oracle.dbtools.crest.model.design.datatypes.CollectionType" name="ORDER_LIST_TYP" directorySegmentName="seg_0" id="C2D8D4FF-31A9-ED37-DF1D-8F96B1FD63D2">
<createdBy>Administrator</createdBy>
<createdTime>2008-11-20 16:11:34 UTC</createdTime>
<ownerDesignName>OE_Sample</ownerDesignName>
<predefined>false</predefined>
<dataTypeDescr class="oracle.dbtools.crest.model.design.datatypes.CollectionType$DataTypeWrapper">
<type>DOM3000004</type>
<isreference>false</isreference>
</dataTypeDescr>
<maxElement>1</maxElement>
<type>COLLECTION</type>
</CollectionType>