<?xml version = '1.0' encoding = 'UTF-8'?>
<Diagram class="oracle.dbtools.crest.swingui.relational.DPVRelational" name="Relational_1" id="90AB0576-9E6B-82D6-CF22-6741D9E48EF9">
<createdBy>oracle</createdBy>
<createdTime>2009-12-15 12:26:58 UTC</createdTime>
<autoRoute>false</autoRoute>
<boxInbox>true</boxInbox>
<showLegend>false</showLegend>
<showLabels>false</showLabels>
<showRelAttributes>false</showRelAttributes>
<showGrid>false</showGrid>
<diagramColor>-1</diagramColor>
<display>false</display>
<notation>1</notation>
<objectViews>
<OView class="oracle.dbtools.crest.swingui.relational.TVTable" oid="0B0E02FF-EFF9-4340-60CE-9B5360C710A3" otype="Table" vid="A726C615-0903-2A3D-8723-6DE15C98212B">
<hideElementsInCurrentOnly>false</hideElementsInCurrentOnly>
<bounds x="38" y="169" width="215" height="130"/>
<useDefaultColor>false</useDefaultColor>
<backgroundColor>-5971457</backgroundColor>
<foregroundColor>-16776961</foregroundColor>
</OView>
<OView class="oracle.dbtools.crest.swingui.relational.TVTable" oid="16375D13-6901-71EB-F39F-D118C7C1C810" otype="Table" vid="1ACE3A16-24CA-4690-59C8-003FA2039706">
<hideElementsInCurrentOnly>false</hideElementsInCurrentOnly>
<bounds x="493" y="488" width="169" height="74"/>
<useDefaultColor>false</useDefaultColor>
<backgroundColor>-5971457</backgroundColor>
<foregroundColor>-16776961</foregroundColor>
</OView>
<OView class="oracle.dbtools.crest.swingui.relational.TVTable" oid="4CF3E672-8B23-CCF7-7F7D-CE99015479BD" otype="Table" vid="7AAF77CA-45F9-BBCF-C413-1FFE00579BB2">
<hideElementsInCurrentOnly>false</hideElementsInCurrentOnly>
<bounds x="42" y="369" width="141" height="60"/>
<useDefaultColor>false</useDefaultColor>
<backgroundColor>-5971457</backgroundColor>
<foregroundColor>-16776961</foregroundColor>
</OView>
<OView class="oracle.dbtools.crest.swingui.relational.TVTable" oid="7ED45C6A-1121-E79B-192A-81B417E486FA" otype="Table" vid="26AE407E-141C-9FED-CB96-C2537C1B9009">
<hideElementsInCurrentOnly>false</hideElementsInCurrentOnly>
<bounds x="138" y="30" width="233" height="102"/>
<useDefaultColor>false</useDefaultColor>
<backgroundColor>-5971457</backgroundColor>
<foregroundColor>-16776961</foregroundColor>
</OView>
<OView class="oracle.dbtools.crest.swingui.relational.TVTable" oid="9F1E313B-BAAD-ACC5-3E99-85A08D4883F0" otype="Table" vid="E35DC138-A69B-AB3F-95CF-EFC51A70412E">
<hideElementsInCurrentOnly>false</hideElementsInCurrentOnly>
<bounds x="234" y="381" width="200" height="108"/>
<useDefaultColor>false</useDefaultColor>
<backgroundColor>-5971457</backgroundColor>
<foregroundColor>-16776961</foregroundColor>
</OView>
<OView class="oracle.dbtools.crest.swingui.relational.TVTable" oid="B8FD119A-1CFD-9D2A-A3D0-1FDE33574008" otype="Table" vid="8E142B15-5BDE-1D75-F886-011CAE751829">
<hideElementsInCurrentOnly>false</hideElementsInCurrentOnly>
<bounds x="62" y="471" width="120" height="71"/>
<useDefaultColor>false</useDefaultColor>
<backgroundColor>-5971457</backgroundColor>
<foregroundColor>-16776961</foregroundColor>
</OView>
<OView class="oracle.dbtools.crest.swingui.relational.TVTable" oid="BA141405-E536-359E-163B-679DED1F7A7E" otype="Table" vid="82AA16CB-B693-D08B-49CD-C93B912D7160">
<hideElementsInCurrentOnly>false</hideElementsInCurrentOnly>
<bounds x="489" y="324" width="170" height="85"/>
<useDefaultColor>false</useDefaultColor>
<backgroundColor>-5971457</backgroundColor>
<foregroundColor>-16776961</foregroundColor>
</OView>
<OView class="oracle.dbtools.crest.swingui.relational.TVTable" oid="CFAAE336-27AD-08EA-D843-8F01652150E1" otype="Table" vid="46BCA55E-9590-7A34-A86B-16AC20FEE272">
<hideElementsInCurrentOnly>false</hideElementsInCurrentOnly>
<bounds x="433" y="80" width="178" height="102"/>
<useDefaultColor>false</useDefaultColor>
<backgroundColor>-5971457</backgroundColor>
<foregroundColor>-16776961</foregroundColor>
</OView>
<OView class="oracle.dbtools.crest.swingui.relational.TVTable" oid="EB13D3B7-8DBC-9C50-A3C0-A39D6C731B9F" otype="Table" vid="099E77EA-2157-DE55-DE60-2987F4A564A0">
<hideElementsInCurrentOnly>false</hideElementsInCurrentOnly>
<bounds x="539" y="213" width="118" height="68"/>
<useDefaultColor>false</useDefaultColor>
<backgroundColor>-5971457</backgroundColor>
<foregroundColor>-16776961</foregroundColor>
</OView>
<OView class="oracle.dbtools.crest.swingui.relational.TVTable" oid="F771C595-B8C8-A9D0-60F3-2CD3469C4546" otype="Table" vid="779A9E5D-B09E-164F-7B57-E54CDC7736A5">
<hideElementsInCurrentOnly>false</hideElementsInCurrentOnly>
<bounds x="323" y="221" width="149" height="80"/>
<useDefaultColor>false</useDefaultColor>
<backgroundColor>-5971457</backgroundColor>
<foregroundColor>-16776961</foregroundColor>
</OView>
</objectViews>
<connectors>
<Connector class="oracle.dbtools.crest.swingui.relational.TVFKRelation" oid="3038F2AC-A679-D1DC-3511-6C5DDCFC495A" otype="FKIndexAssociation" vid_source="E35DC138-A69B-AB3F-95CF-EFC51A70412E" vid_target="A726C615-0903-2A3D-8723-6DE15C98212B">
<hideElementsInCurrentOnly>false</hideElementsInCurrentOnly>
<lineWidth>1</lineWidth>
<points>
<point x="260" y="381"/>
<point x="260" y="340"/>
<point x="150" y="340"/>
<point x="150" y="299"/>
</points>
</Connector>
<Connector class="oracle.dbtools.crest.swingui.relational.TVFKRelation" oid="6ADC7E9A-D3C0-F29C-A92E-69EA8AE5638E" otype="FKIndexAssociation" vid_source="26AE407E-141C-9FED-CB96-C2537C1B9009" vid_target="46BCA55E-9590-7A34-A86B-16AC20FEE272">
<hideElementsInCurrentOnly>false</hideElementsInCurrentOnly>
<lineWidth>1</lineWidth>
<points>
<point x="371" y="106"/>
<point x="433" y="106"/>
</points>
</Connector>
<Connector class="oracle.dbtools.crest.swingui.relational.TVFKRelation" oid="82265BEF-71D0-9620-B78D-3858BCA65FD8" otype="FKIndexAssociation" vid_source="E35DC138-A69B-AB3F-95CF-EFC51A70412E" vid_target="7AAF77CA-45F9-BBCF-C413-1FFE00579BB2">
<hideElementsInCurrentOnly>false</hideElementsInCurrentOnly>
<lineWidth>1</lineWidth>
<points>
<point x="234" y="405"/>
<point x="183" y="405"/>
</points>
</Connector>
<Connector class="oracle.dbtools.crest.swingui.relational.TVFKRelation" oid="86361DE0-90CB-9FFC-398B-8AF9AD95A743" otype="FKIndexAssociation" vid_source="1ACE3A16-24CA-4690-59C8-003FA2039706" vid_target="E35DC138-A69B-AB3F-95CF-EFC51A70412E">
<hideElementsInCurrentOnly>false</hideElementsInCurrentOnly>
<lineWidth>1</lineWidth>
<points>
<point x="493" y="518"/>
<point x="368" y="518"/>
<point x="368" y="489"/>
</points>
</Connector>
<Connector class="oracle.dbtools.crest.swingui.relational.TVFKRelation" oid="97721C70-70FF-D19B-0DDE-CE4E6370295A" otype="FKIndexAssociation" vid_source="779A9E5D-B09E-164F-7B57-E54CDC7736A5" vid_target="A726C615-0903-2A3D-8723-6DE15C98212B">
<hideElementsInCurrentOnly>false</hideElementsInCurrentOnly>
<lineWidth>1</lineWidth>
<points>
<point x="323" y="270"/>
<point x="253" y="270"/>
</points>
</Connector>
<Connector class="oracle.dbtools.crest.swingui.relational.TVFKRelation" oid="AAC91220-EA1D-1DA1-209B-F6CB4D809297" otype="FKIndexAssociation" vid_source="46BCA55E-9590-7A34-A86B-16AC20FEE272" vid_target="A726C615-0903-2A3D-8723-6DE15C98212B">
<hideElementsInCurrentOnly>false</hideElementsInCurrentOnly>
<lineWidth>1</lineWidth>
<points>
<point x="470" y="182"/>
<point x="470" y="210"/>
<point x="253" y="210"/>
</points>
</Connector>
<Connector class="oracle.dbtools.crest.swingui.relational.TVFKRelation" oid="C2014A14-8197-1B97-C01A-586D1FAAC92D" otype="FKIndexAssociation" vid_source="1ACE3A16-24CA-4690-59C8-003FA2039706" vid_target="82AA16CB-B693-D08B-49CD-C93B912D7160">
<hideElementsInCurrentOnly>false</hideElementsInCurrentOnly>
<lineWidth>1</lineWidth>
<points>
<point x="552" y="488"/>
<point x="552" y="409"/>
</points>
</Connector>
<Connector class="oracle.dbtools.crest.swingui.relational.TVFKRelation" oid="CEE83E04-10DC-A678-3FC9-52E35DCFB8DA" otype="FKIndexAssociation" vid_source="099E77EA-2157-DE55-DE60-2987F4A564A0" vid_target="82AA16CB-B693-D08B-49CD-C93B912D7160">
<hideElementsInCurrentOnly>false</hideElementsInCurrentOnly>
<lineWidth>1</lineWidth>
<points>
<point x="598" y="281"/>
<point x="598" y="324"/>
</points>
</Connector>
<Connector class="oracle.dbtools.crest.swingui.relational.TVFKRelation" oid="E9C3687C-8D7D-DE8B-B78B-EA008731F717" otype="FKIndexAssociation" vid_source="82AA16CB-B693-D08B-49CD-C93B912D7160" vid_target="A726C615-0903-2A3D-8723-6DE15C98212B">
<hideElementsInCurrentOnly>false</hideElementsInCurrentOnly>
<lineWidth>1</lineWidth>
<points>
<point x="489" y="330"/>
<point x="240" y="330"/>
<point x="240" y="299"/>
</points>
</Connector>
<Connector class="oracle.dbtools.crest.swingui.relational.TVFKRelation" oid="EB78FD88-1F0B-F9F4-1107-B29E131D5191" otype="FKIndexAssociation" vid_source="8E142B15-5BDE-1D75-F886-011CAE751829" vid_target="7AAF77CA-45F9-BBCF-C413-1FFE00579BB2">
<hideElementsInCurrentOnly>false</hideElementsInCurrentOnly>
<lineWidth>1</lineWidth>
<points>
<point x="122" y="471"/>
<point x="122" y="429"/>
</points>
</Connector>
</connectors>
<arcs>
<Arc class="oracle.dbtools.crest.swingui.relational.TVFKArc" oid="34CF33C4-C2BE-27C3-1D85-C2BA20C926E0" otype="FKArc" vid="3EE16D7E-4783-9146-7A4D-5AC82EBDDC34">
<hideElementsInCurrentOnly>false</hideElementsInCurrentOnly>
<bounds x="18" y="149" width="255" height="170"/>
</Arc>
</arcs>
</Diagram>