<?xml version = '1.0' encoding = 'UTF-8'?>
<Relation class="oracle.dbtools.crest.model.design.logical.InheritanceRelation" name="Hierarchy_1" directorySegmentName="seg_0" id="FC6D0313-07F7-6F3C-06FF-922A70A868C4">
<createdBy>oracle</createdBy>
<createdTime>2009-12-08 15:05:51 UTC</createdTime>
<ownerDesignName>lab12-5</ownerDesignName>
<engineerTo>
<item key="8AE5E53E-8372-8DFA-5DED-F0FF639897E2" value="true"/>
</engineerTo>
<identifying>false</identifying>
<nameOnSource>Super Type</nameOnSource>
<nameOnTarget>Sub Type</nameOnTarget>
<optionalSource>true</optionalSource>
<optionalTarget>true</optionalTarget>
<sourceEntity>E6958574-63BB-DAAB-B042-CB0F42D6833A</sourceEntity>
<targetEntity>BA95C539-66B5-8598-F32B-EB0FEBCFF1FC</targetEntity>
<transferable>true</transferable>
</Relation>