<?xml version = '1.0' encoding = 'UTF-8'?>
<FunctionOracle class="oracle.dbtools.crest.model.design.storage.oracle.FunctionOracle" name="get_phone_number_f" directorySegmentName="seg_0" id="4F34103B-EA9C-D8B7-A70A-F985DE91E3A7">
<createdBy>smharper</createdBy>
<createdTime>2011-01-07 13:05:27 UTC</createdTime>
<ownerDesignName>OE_Sample</ownerDesignName>
<owner>D6670C27-0286-8380-C2AB-1B6A7FDD2E54</owner>
<source>CREATE OR REPLACE FUNCTION OE.get_phone_number_f&lt;br&gt;  (p_in INTEGER, p_phonelist phone_list_typ)&lt;br&gt;RETURN VARCHAR2 AS&lt;br&gt;  TYPE phone_list IS VARRAY(5) OF VARCHAR2(25);&lt;br&gt;  phone_out varchar2(25) := null;&lt;br&gt;  v_size INTEGER;&lt;br&gt;BEGIN&lt;br&gt;    IF p_phonelist.FIRST IS NULL OR&lt;br&gt;       p_in &gt; (p_phonelist.LAST + 1) - p_phonelist.FIRST THEN&lt;br&gt;      RETURN phone_out;&lt;br&gt;    ELSE&lt;br&gt;      phone_out := p_phonelist(p_in);&lt;br&gt;      RETURN phone_out;&lt;br&gt;    END IF;&lt;br&gt;END;</source>
</FunctionOracle>