<?xml version = '1.0' encoding = 'UTF-8'?>
<Diagram class="oracle.dbtools.crest.swingui.logical.DPVLogical" name="Logical" id="A5AAE61F-4F16-4D7F-E157-67D04F1D1D64">
<createdBy>oracle</createdBy>
<createdTime>2011-11-14 09:54:30 UTC</createdTime>
<autoRoute>false</autoRoute>
<boxInbox>true</boxInbox>
<showLegend>false</showLegend>
<showLabels>false</showLabels>
<showRelAttributes>false</showRelAttributes>
<showGrid>false</showGrid>
<diagramColor>-1</diagramColor>
<display>false</display>
<notation>1</notation>
<objectViews>
<OView class="oracle.dbtools.crest.swingui.logical.TVEntity" oid="3891E9B5-9F40-7A15-8142-C556514B7AD4" otype="Entity" vid="95C9FAC6-594B-B2FA-E3D4-E3ECD7C3E911">
<hideElementsInCurrentOnly>false</hideElementsInCurrentOnly>
<bounds x="20" y="20" width="311" height="162"/>
</OView>
<OView class="oracle.dbtools.crest.swingui.logical.TVEntity" oid="4C0E3860-EE1E-F30C-86DE-B193D5AD3506" otype="Entity" vid="CAF779C9-B73C-952E-1E47-2D37B6730A12">
<hideElementsInCurrentOnly>false</hideElementsInCurrentOnly>
<bounds x="21" y="808" width="240" height="75"/>
</OView>
<OView class="oracle.dbtools.crest.swingui.logical.TVEntity" oid="80BD1D78-50A9-837E-0E18-923B058D7EAC" otype="Entity" vid="6BF400D4-492F-8AB3-D461-70CFBAF2DBC0">
<hideElementsInCurrentOnly>false</hideElementsInCurrentOnly>
<bounds x="372" y="242" width="258" height="280"/>
</OView>
<OView class="oracle.dbtools.crest.swingui.logical.TVEntity" oid="91C8E099-3E8F-DAA5-7976-B4C01A3EE99C" otype="Entity" vid="DA62E6A5-1D3D-668A-D07D-954D3099C715">
<hideElementsInCurrentOnly>false</hideElementsInCurrentOnly>
<bounds x="427" y="20" width="234" height="105"/>
</OView>
<OView class="oracle.dbtools.crest.swingui.logical.TVEntity" oid="A6423129-C813-E977-E000-CD6DB7CAAA12" otype="Entity" vid="DBC58D05-13A5-7DFA-FC92-D7F454233717">
<hideElementsInCurrentOnly>false</hideElementsInCurrentOnly>
<bounds x="20" y="242" width="272" height="119"/>
</OView>
<OView class="oracle.dbtools.crest.swingui.logical.TVEntity" oid="D448A679-7F4C-083F-2C66-4D5B9D2E18BE" otype="Entity" vid="A77C0450-54A9-BB96-5220-8C03199D6744">
<hideElementsInCurrentOnly>false</hideElementsInCurrentOnly>
<bounds x="21" y="421" width="267" height="177"/>
</OView>
<OView class="oracle.dbtools.crest.swingui.logical.TVEntity" oid="DE663A99-8C4C-73D9-009B-ED6932C92FA7" otype="Entity" vid="A420922D-2D1D-777D-B4D8-5764D8B74A3D">
<hideElementsInCurrentOnly>false</hideElementsInCurrentOnly>
<bounds x="691" y="214" width="170" height="110"/>
</OView>
<OView class="oracle.dbtools.crest.swingui.logical.TVEntity" oid="F6D600F0-64D4-782C-3D9C-129CF39C790F" otype="Entity" vid="FA2AA014-54DF-57EA-5153-6654555D3ED0">
<hideElementsInCurrentOnly>false</hideElementsInCurrentOnly>
<bounds x="21" y="658" width="253" height="90"/>
</OView>
</objectViews>
<connectors>
<Connector class="oracle.dbtools.crest.swingui.logical.TVRelation" oid="14CF6A4D-D3E0-DA96-E693-5565A3A46DE0" otype="Relation" vid_source="6BF400D4-492F-8AB3-D461-70CFBAF2DBC0" vid_target="DBC58D05-13A5-7DFA-FC92-D7F454233717">
<hideElementsInCurrentOnly>false</hideElementsInCurrentOnly>
<lineWidth>1</lineWidth>
<points>
<point x="372" y="375"/>
<point x="332" y="375"/>
<point x="332" y="294"/>
<point x="292" y="294"/>
</points>
</Connector>
<Connector class="oracle.dbtools.crest.swingui.logical.TVRelation" oid="1C860810-6E11-BDA7-910D-0B4B99546D5A" otype="Relation" vid_source="6BF400D4-492F-8AB3-D461-70CFBAF2DBC0" vid_target="A420922D-2D1D-777D-B4D8-5764D8B74A3D">
<hideElementsInCurrentOnly>false</hideElementsInCurrentOnly>
<lineWidth>1</lineWidth>
<points>
<point x="630" y="283"/>
<point x="691" y="283"/>
</points>
</Connector>
<Connector class="oracle.dbtools.crest.swingui.logical.TVRelation" oid="1EFE48E1-FADF-E74C-2E39-4A329A9E7389" otype="Relation" vid_source="DA62E6A5-1D3D-668A-D07D-954D3099C715" vid_target="6BF400D4-492F-8AB3-D461-70CFBAF2DBC0">
<hideElementsInCurrentOnly>false</hideElementsInCurrentOnly>
<lineWidth>1</lineWidth>
<points>
<point x="523" y="125"/>
<point x="523" y="204"/>
<point x="480" y="204"/>
<point x="480" y="242"/>
</points>
</Connector>
<Connector class="oracle.dbtools.crest.swingui.logical.TVRelation" oid="8302B540-5DD3-23E7-E7BC-DE0C6C63A7BE" otype="Relation" vid_source="DBC58D05-13A5-7DFA-FC92-D7F454233717" vid_target="95C9FAC6-594B-B2FA-E3D4-E3ECD7C3E911">
<hideElementsInCurrentOnly>false</hideElementsInCurrentOnly>
<lineWidth>1</lineWidth>
<points>
<point x="135" y="242"/>
<point x="135" y="211"/>
<point x="162" y="211"/>
<point x="162" y="182"/>
</points>
</Connector>
<Connector class="oracle.dbtools.crest.swingui.logical.TVRelation" oid="8DFCC093-6768-E08E-FA48-1FCE643EA37F" otype="Relation" vid_source="DA62E6A5-1D3D-668A-D07D-954D3099C715" vid_target="95C9FAC6-594B-B2FA-E3D4-E3ECD7C3E911">
<hideElementsInCurrentOnly>false</hideElementsInCurrentOnly>
<lineWidth>1</lineWidth>
<points>
<point x="427" y="93"/>
<point x="319" y="93"/>
<point x="319" y="122"/>
<point x="331" y="101"/>
</points>
</Connector>
<Connector class="oracle.dbtools.crest.swingui.logical.TVRelation" oid="9275E559-11AE-8840-6FAD-6C2E0855E60B" otype="Relation" vid_source="DBC58D05-13A5-7DFA-FC92-D7F454233717" vid_target="6BF400D4-492F-8AB3-D461-70CFBAF2DBC0">
<hideElementsInCurrentOnly>false</hideElementsInCurrentOnly>
<lineWidth>1</lineWidth>
<points>
<point x="292" y="308"/>
<point x="325" y="308"/>
<point x="325" y="389"/>
<point x="372" y="389"/>
</points>
</Connector>
<Connector class="oracle.dbtools.crest.swingui.logical.TVRelation" oid="946C0B6A-8C68-C2A6-0204-1FE3F8B83648" otype="Relation" vid_source="CAF779C9-B73C-952E-1E47-2D37B6730A12" vid_target="FA2AA014-54DF-57EA-5153-6654555D3ED0">
<hideElementsInCurrentOnly>false</hideElementsInCurrentOnly>
<lineWidth>1</lineWidth>
<points>
<point x="141" y="808"/>
<point x="141" y="770"/>
<point x="147" y="770"/>
<point x="147" y="748"/>
</points>
</Connector>
<Connector class="oracle.dbtools.crest.swingui.logical.TVRelation" oid="970EF68C-708C-1DA8-7385-944796283240" otype="Relation" vid_source="6BF400D4-492F-8AB3-D461-70CFBAF2DBC0" vid_target="95C9FAC6-594B-B2FA-E3D4-E3ECD7C3E911">
<hideElementsInCurrentOnly>false</hideElementsInCurrentOnly>
<lineWidth>1</lineWidth>
<points>
<point x="372" y="361"/>
<point x="346" y="361"/>
<point x="350" y="150"/>
<point x="331" y="150"/>
</points>
</Connector>
<Connector class="oracle.dbtools.crest.swingui.logical.TVRelation" oid="9DC35E3F-932E-9FEA-431A-5D2DF23B156D" otype="Relation" vid_source="A77C0450-54A9-BB96-5220-8C03199D6744" vid_target="DBC58D05-13A5-7DFA-FC92-D7F454233717">
<hideElementsInCurrentOnly>false</hideElementsInCurrentOnly>
<lineWidth>1</lineWidth>
<points>
<point x="161" y="421"/>
<point x="161" y="413"/>
<point x="163" y="413"/>
<point x="163" y="361"/>
</points>
</Connector>
<Connector class="oracle.dbtools.crest.swingui.logical.TVRelation" oid="ABB9CCC2-4A66-E875-261A-DA145C8B7276" otype="Relation" vid_source="FA2AA014-54DF-57EA-5153-6654555D3ED0" vid_target="A77C0450-54A9-BB96-5220-8C03199D6744">
<hideElementsInCurrentOnly>false</hideElementsInCurrentOnly>
<lineWidth>1</lineWidth>
<points>
<point x="147" y="658"/>
<point x="147" y="584"/>
<point x="154" y="584"/>
<point x="154" y="598"/>
</points>
</Connector>
<Connector class="oracle.dbtools.crest.swingui.logical.TVRelation" oid="ED2E3021-4797-F711-FD93-FA42F930B57A" otype="Relation" vid_source="6BF400D4-492F-8AB3-D461-70CFBAF2DBC0" vid_target="6BF400D4-492F-8AB3-D461-70CFBAF2DBC0">
<hideElementsInCurrentOnly>false</hideElementsInCurrentOnly>
<lineWidth>1</lineWidth>
<points>
<point x="630" y="382"/>
<point x="645" y="382"/>
<point x="645" y="537"/>
<point x="501" y="537"/>
<point x="501" y="522"/>
</points>
</Connector>
</connectors>
</Diagram>