<?xml version = '1.0' encoding = 'UTF-8'?>
<Diagram class="oracle.dbtools.crest.swingui.logical.DPVLogical" name="Logical" id="94B2C577-B66A-8C76-D0B5-80523F55E16D">
<createdBy>Administrator</createdBy>
<createdTime>2009-06-20 11:25:37 UTC</createdTime>
<autoRoute>false</autoRoute>
<boxInbox>false</boxInbox>
<showLegend>false</showLegend>
<showLabels>false</showLabels>
<showRelAttributes>false</showRelAttributes>
<showGrid>false</showGrid>
<diagramColor>-1</diagramColor>
<display>false</display>
<notation>1</notation>
<objectViews>
<OView class="oracle.dbtools.crest.swingui.logical.TVEntityView" oid="19560CBB-FB13-B5B2-7795-6461D78FCAF2" otype="EntityView" vid="9B1987B9-A3E4-0BDD-4D78-4322CDD4E69E">
<hideElementsInCurrentOnly>false</hideElementsInCurrentOnly>
<bounds x="336" y="1688" width="350" height="193"/>
</OView>
<OView class="oracle.dbtools.crest.swingui.logical.TVEntity" oid="1FB25D42-3B9B-1FCB-1385-0E6C9E1FD958" otype="Entity" vid="E71B0498-F5C7-D59C-D681-92A84ED6AD1A">
<hideElementsInCurrentOnly>false</hideElementsInCurrentOnly>
<bounds x="235" y="163" width="349" height="228"/>
</OView>
<OView class="oracle.dbtools.crest.swingui.logical.TVEntityView" oid="4B8F0C99-73BC-F31D-3C49-8A534E832017" otype="EntityView" vid="0CEBED65-441A-94C1-00A4-1BAF50B14586">
<hideElementsInCurrentOnly>false</hideElementsInCurrentOnly>
<bounds x="905" y="2213" width="222" height="95"/>
</OView>
<OView class="oracle.dbtools.crest.swingui.logical.TVEntityView" oid="57B4AEEA-07DC-7972-8A4F-94EE5A449E8B" otype="EntityView" vid="A39E586E-2DBA-F714-4A1E-5973A0C4D076">
<hideElementsInCurrentOnly>false</hideElementsInCurrentOnly>
<bounds x="337" y="2059" width="252" height="67"/>
</OView>
<OView class="oracle.dbtools.crest.swingui.logical.TVEntity" oid="5B090D36-D6B0-180E-5CEA-376EFF64E482" otype="Entity" vid="4C3E24DC-9EE3-732A-B6DD-173A004DE1F4">
<hideElementsInCurrentOnly>false</hideElementsInCurrentOnly>
<bounds x="20" y="1425" width="300" height="113"/>
</OView>
<OView class="oracle.dbtools.crest.swingui.logical.TVEntityView" oid="6AAFD0FB-479E-0DC0-149F-444908C6BF55" otype="EntityView" vid="BEA79BC2-FCE8-621C-6FC7-D8C777DED463">
<hideElementsInCurrentOnly>false</hideElementsInCurrentOnly>
<bounds x="629" y="1939" width="196" height="81"/>
</OView>
<OView class="oracle.dbtools.crest.swingui.logical.TVEntityView" oid="7A23822E-630C-5AC7-794C-917ABCB4BE06" otype="EntityView" vid="0792AE73-2516-B5A5-C9EA-764D213045A1">
<hideElementsInCurrentOnly>false</hideElementsInCurrentOnly>
<bounds x="20" y="1688" width="266" height="375"/>
</OView>
<OView class="oracle.dbtools.crest.swingui.logical.TVEntityView" oid="9B880D74-492A-3861-FD8E-9668D1F9DAC1" otype="EntityView" vid="4D67A6AF-F719-FC74-46BC-D80CE5927EEC">
<hideElementsInCurrentOnly>false</hideElementsInCurrentOnly>
<bounds x="886" y="2058" width="252" height="67"/>
</OView>
<OView class="oracle.dbtools.crest.swingui.logical.TVEntityView" oid="A3E92C2E-261D-3F97-00AE-41B3389947D2" otype="EntityView" vid="225FCEF3-A3B8-EB20-8247-7F043A1EE0D5">
<hideElementsInCurrentOnly>false</hideElementsInCurrentOnly>
<bounds x="27" y="2116" width="234" height="39"/>
</OView>
<OView class="oracle.dbtools.crest.swingui.logical.TVEntityView" oid="B3E99345-F3AD-9368-7CD6-D49B87A46801" otype="EntityView" vid="37DF7547-4F49-06C8-547A-86C55AB98D84">
<hideElementsInCurrentOnly>false</hideElementsInCurrentOnly>
<bounds x="20" y="2213" width="252" height="165"/>
</OView>
<OView class="oracle.dbtools.crest.swingui.logical.TVEntity" oid="B6C465AE-FF41-0029-652D-C2CAAED37AAC" otype="Entity" vid="54E98D76-AA16-76F8-BBF0-CC546E1452F7">
<hideElementsInCurrentOnly>false</hideElementsInCurrentOnly>
<bounds x="20" y="464" width="349" height="167"/>
</OView>
<OView class="oracle.dbtools.crest.swingui.logical.TVEntityView" oid="C4609A32-21C5-8E35-0466-4F34B2835A56" otype="EntityView" vid="D83A7B5C-2996-910D-B68F-4F3827F8E08B">
<hideElementsInCurrentOnly>false</hideElementsInCurrentOnly>
<bounds x="618" y="2059" width="238" height="67"/>
</OView>
<OView class="oracle.dbtools.crest.swingui.logical.TVEntityView" oid="C72D8CEC-9D26-AC5A-BEF8-CD93EC9E05A1" otype="EntityView" vid="FEEB8BA9-2B8D-59AA-4AD8-803A9C615E2F">
<hideElementsInCurrentOnly>false</hideElementsInCurrentOnly>
<bounds x="322" y="2213" width="210" height="137"/>
</OView>
<OView class="oracle.dbtools.crest.swingui.logical.TVEntity" oid="D3B649AA-EFC2-4179-967A-F73CE8397F0F" otype="Entity" vid="9364FC04-3565-A54C-92C7-84D1A4ACD390">
<hideElementsInCurrentOnly>false</hideElementsInCurrentOnly>
<bounds x="370" y="1425" width="251" height="71"/>
</OView>
<OView class="oracle.dbtools.crest.swingui.logical.TVEntityView" oid="DCAA24B8-31CA-9D0A-C9E2-1B7FBEB348BC" otype="EntityView" vid="7AC8B22E-0C8A-A9F4-E91C-3A2EB4E15121">
<hideElementsInCurrentOnly>false</hideElementsInCurrentOnly>
<bounds x="582" y="2213" width="273" height="123"/>
</OView>
<OView class="oracle.dbtools.crest.swingui.logical.TVEntity" oid="DCAAC411-FB83-FC72-E2F3-CECB9F0C4F64" otype="Entity" vid="7CAE2BB6-2A32-18FA-7D01-0B29ED274CA2">
<hideElementsInCurrentOnly>false</hideElementsInCurrentOnly>
<bounds x="674" y="20" width="349" height="141"/>
</OView>
<OView class="oracle.dbtools.crest.swingui.logical.TVEntity" oid="E169B5E7-B948-BF34-FB3D-AFC71CEFAF79" otype="Entity" vid="E70C258B-2DC8-8AE5-9D54-612BB02C3F26">
<hideElementsInCurrentOnly>false</hideElementsInCurrentOnly>
<bounds x="671" y="1425" width="168" height="57"/>
</OView>
<OView class="oracle.dbtools.crest.swingui.logical.TVEntityView" oid="E8DD6F4C-0E50-254B-A611-B6C9CB4AC5FF" otype="EntityView" vid="9F115A6D-86D6-8C9B-BA83-F739D9E45EE8">
<hideElementsInCurrentOnly>false</hideElementsInCurrentOnly>
<bounds x="736" y="1688" width="392" height="193"/>
</OView>
<OView class="oracle.dbtools.crest.swingui.logical.TVEntity" oid="F2235EFB-9DA6-849D-698A-06534E4482EB" otype="Entity" vid="E76AE56B-A2A2-3FFB-5002-2976DB0354A5">
<hideElementsInCurrentOnly>false</hideElementsInCurrentOnly>
<bounds x="449" y="464" width="349" height="127"/>
</OView>
<OView class="oracle.dbtools.crest.swingui.logical.TVEntity" oid="F2F8617F-255A-80A8-ED0B-8342EC03BB7F" otype="Entity" vid="E0F71D65-E809-75A7-0C30-B143618C2D99">
<hideElementsInCurrentOnly>false</hideElementsInCurrentOnly>
<bounds x="235" y="20" width="349" height="113"/>
</OView>
<OView class="oracle.dbtools.crest.swingui.logical.TVEntity" oid="F3323D63-5DC1-6A1D-4284-1777A84A9E9B" otype="Entity" vid="D644BA39-F35E-1EDD-3075-71013F96ECD1">
<hideElementsInCurrentOnly>false</hideElementsInCurrentOnly>
<bounds x="20" y="679" width="349" height="212"/>
</OView>
<OView class="oracle.dbtools.crest.swingui.logical.TVEntityView" oid="F5D977E6-320F-CD08-036E-8B6CD3DA825B" otype="EntityView" vid="4EB8C088-A2C7-C851-D0B8-9DE40F9F8C62">
<hideElementsInCurrentOnly>false</hideElementsInCurrentOnly>
<bounds x="339" y="1940" width="252" height="67"/>
</OView>
<OView class="oracle.dbtools.crest.swingui.logical.TVEntity" oid="F6B96DAE-69D4-79F5-9DCF-D194301AFA33" otype="Entity" vid="1C3F6515-7103-ED71-D09C-67F2D934A4EB">
<hideElementsInCurrentOnly>false</hideElementsInCurrentOnly>
<bounds x="20" y="936" width="349" height="345"/>
</OView>
</objectViews>
<connectors>
<Connector class="oracle.dbtools.crest.swingui.logical.TVRelation" oid="0760491A-2244-CE74-997A-213AF33B0A3B" otype="Relation" vid_source="7CAE2BB6-2A32-18FA-7D01-0B29ED274CA2" vid_target="E0F71D65-E809-75A7-0C30-B143618C2D99">
<hideElementsInCurrentOnly>false</hideElementsInCurrentOnly>
<lineWidth>1</lineWidth>
<points>
<point x="674" y="76"/>
<point x="584" y="76"/>
</points>
</Connector>
<Connector class="oracle.dbtools.crest.swingui.logical.TVRelation" oid="17A7A3B2-2688-1AFA-3489-398C9E6EE639" otype="Relation" vid_source="E71B0498-F5C7-D59C-D681-92A84ED6AD1A" vid_target="54E98D76-AA16-76F8-BBF0-CC546E1452F7">
<hideElementsInCurrentOnly>false</hideElementsInCurrentOnly>
<lineWidth>1</lineWidth>
<points>
<point x="312" y="391"/>
<point x="406" y="426"/>
<point x="191" y="426"/>
<point x="312" y="464"/>
</points>
</Connector>
<Connector class="oracle.dbtools.crest.swingui.logical.TVRelation" oid="502D6D51-D35B-91A0-FBAF-9F38706D7093" otype="Relation" vid_source="E71B0498-F5C7-D59C-D681-92A84ED6AD1A" vid_target="E76AE56B-A2A2-3FFB-5002-2976DB0354A5">
<hideElementsInCurrentOnly>false</hideElementsInCurrentOnly>
<lineWidth>1</lineWidth>
<points>
<point x="526" y="391"/>
<point x="416" y="427"/>
<point x="630" y="427"/>
<point x="526" y="464"/>
</points>
</Connector>
<Connector class="oracle.dbtools.crest.swingui.logical.TVRelation" oid="C1211BAD-2D78-C203-1742-FE310FF3B403" otype="Relation" vid_source="E71B0498-F5C7-D59C-D681-92A84ED6AD1A" vid_target="E0F71D65-E809-75A7-0C30-B143618C2D99">
<hideElementsInCurrentOnly>false</hideElementsInCurrentOnly>
<lineWidth>1</lineWidth>
<points>
<point x="430" y="163"/>
<point x="430" y="191"/>
<point x="430" y="191"/>
<point x="430" y="133"/>
</points>
</Connector>
<Connector class="oracle.dbtools.crest.swingui.logical.TVRelation" oid="E239A828-074D-C98A-FD13-2E2C79D00977" otype="Relation" vid_source="1C3F6515-7103-ED71-D09C-67F2D934A4EB" vid_target="D644BA39-F35E-1EDD-3075-71013F96ECD1">
<hideElementsInCurrentOnly>false</hideElementsInCurrentOnly>
<lineWidth>1</lineWidth>
<points>
<point x="193" y="936"/>
<point x="193" y="911"/>
<point x="193" y="891"/>
</points>
</Connector>
<Connector class="oracle.dbtools.crest.swingui.logical.TVRelation" oid="EB2105F7-2315-01B5-9B97-52E7CB94356A" otype="Relation" vid_source="D644BA39-F35E-1EDD-3075-71013F96ECD1" vid_target="54E98D76-AA16-76F8-BBF0-CC546E1452F7">
<hideElementsInCurrentOnly>false</hideElementsInCurrentOnly>
<lineWidth>1</lineWidth>
<points>
<point x="187" y="679"/>
<point x="187" y="677"/>
<point x="187" y="677"/>
<point x="187" y="631"/>
</points>
</Connector>
</connectors>
</Diagram>