<?xml version = '1.0' encoding = 'UTF-8'?>
<Entity class="oracle.dbtools.crest.model.design.logical.Entity" directorySegmentName="seg_0" id="1FB25D42-3B9B-1FCB-1385-0E6C9E1FD958" name="PRODUCT_INFORMATION">
<createdBy>meyoung</createdBy>
<createdTime>2011-06-16 14:41:04 UTC</createdTime>
<generatorID>3CB96374-0EA4-A360-3C30-EB8415AFC2CE</generatorID>
<ownerDesignName>OE_Sample</ownerDesignName>
<engineerTo>
<item key="D1800CBB-9A7B-6127-AF51-2394CB8AF1DA" value="true"/>
</engineerTo>
<adequatelyNormalized>NO</adequatelyNormalized>
<expectedVolumes>0</expectedVolumes>
<fwdEngineeringStrategyName>Single Table</fwdEngineeringStrategyName>
<growthPercent>0</growthPercent>
<growthType>Year</growthType>
<maxVolumes>9999999</maxVolumes>
<minVolumes>0</minVolumes>
<normalForm>Third</normalForm>
<attributes itemClass="oracle.dbtools.crest.model.design.logical.Attribute">
<Attribute name="PRODUCT_ID" id="F625C535-7E97-0AC9-014C-A227288EB1AB">
<createdBy>meyoung</createdBy>
<createdTime>2011-06-16 14:41:04 UTC</createdTime>
<commentInRDBMS>Primary key column.</commentInRDBMS>
<generatorID>0107D555-7835-9007-41C5-0C4BA65E366E</generatorID>
<ownerDesignName>OE_Sample</ownerDesignName>
<engineerTo>
<item key="D1800CBB-9A7B-6127-AF51-2394CB8AF1DA" value="true"/>
</engineerTo>
<useDomainConstraints>false</useDomainConstraints>
<use>1</use>
<logicalDatatype>LOGDT019</logicalDatatype>
<dataTypePrecision>6</dataTypePrecision>
</Attribute>
<Attribute name="PRODUCT_NAME" id="C7070EEB-49FA-235F-67F0-AFF67B24E777">
<createdBy>meyoung</createdBy>
<createdTime>2011-06-16 14:41:04 UTC</createdTime>
<generatorID>862F26AB-6BE5-A3BA-D253-D9B10A37A570</generatorID>
<ownerDesignName>OE_Sample</ownerDesignName>
<engineerTo>
<item key="D1800CBB-9A7B-6127-AF51-2394CB8AF1DA" value="true"/>
</engineerTo>
<nullsAllowed>true</nullsAllowed>
<useDomainConstraints>false</useDomainConstraints>
<use>1</use>
<logicalDatatype>LOGDT024</logicalDatatype>
<dataTypeSize>50 BYTE</dataTypeSize>
</Attribute>
<Attribute name="PRODUCT_DESCRIPTION" id="575B0F23-7F65-040D-F8E3-9F78259138C6">
<createdBy>meyoung</createdBy>
<createdTime>2011-06-16 14:41:04 UTC</createdTime>
<commentInRDBMS>Primary language description corresponding to translated_description in&lt;br&gt;oe.product_descriptions, added to provide non-NLS text columns for OC views&lt;br&gt;to accss.</commentInRDBMS>
<generatorID>C99779CF-49EE-5CD8-B1B0-020F71DE91E3</generatorID>
<ownerDesignName>OE_Sample</ownerDesignName>
<engineerTo>
<item key="D1800CBB-9A7B-6127-AF51-2394CB8AF1DA" value="true"/>
</engineerTo>
<nullsAllowed>true</nullsAllowed>
<useDomainConstraints>false</useDomainConstraints>
<use>1</use>
<logicalDatatype>LOGDT024</logicalDatatype>
<dataTypeSize>2000 BYTE</dataTypeSize>
</Attribute>
<Attribute name="CATEGORY_ID" id="CEBBA52B-46DB-1FF2-D8DD-391CBC02C816">
<createdBy>meyoung</createdBy>
<createdTime>2011-06-16 14:41:04 UTC</createdTime>
<commentInRDBMS>Low cardinality column, can be used for bitmap index.&lt;br&gt;Schema SH uses it as foreign key</commentInRDBMS>
<generatorID>EE444035-D905-D8FA-BACF-AD052F2E861F</generatorID>
<ownerDesignName>OE_Sample</ownerDesignName>
<engineerTo>
<item key="D1800CBB-9A7B-6127-AF51-2394CB8AF1DA" value="true"/>
</engineerTo>
<nullsAllowed>true</nullsAllowed>
<useDomainConstraints>false</useDomainConstraints>
<use>1</use>
<logicalDatatype>LOGDT019</logicalDatatype>
<dataTypePrecision>2</dataTypePrecision>
</Attribute>
<Attribute name="WEIGHT_CLASS" id="EBC761F0-9C7C-9C76-2944-19733E99B141">
<createdBy>meyoung</createdBy>
<createdTime>2011-06-16 14:41:04 UTC</createdTime>
<commentInRDBMS>Low cardinality column, can be used for bitmap index.</commentInRDBMS>
<generatorID>1723EF5B-8CB6-4C1C-CC4C-DBD26589E35C</generatorID>
<ownerDesignName>OE_Sample</ownerDesignName>
<engineerTo>
<item key="D1800CBB-9A7B-6127-AF51-2394CB8AF1DA" value="true"/>
</engineerTo>
<nullsAllowed>true</nullsAllowed>
<useDomainConstraints>false</useDomainConstraints>
<use>1</use>
<logicalDatatype>LOGDT019</logicalDatatype>
<dataTypePrecision>1</dataTypePrecision>
</Attribute>
<Attribute name="WARRANTY_PERIOD" id="5AFE5F92-120C-8568-DF96-B34122B1ED1F">
<createdBy>meyoung</createdBy>
<createdTime>2011-06-16 14:41:04 UTC</createdTime>
<commentInRDBMS>INTERVAL YEAER TO MONTH column, low cardinality, can be used for bitmap&lt;br&gt;index.</commentInRDBMS>
<generatorID>27C2FC14-995E-C622-1F5E-513F2936F81F</generatorID>
<ownerDesignName>OE_Sample</ownerDesignName>
<engineerTo>
<item key="D1800CBB-9A7B-6127-AF51-2394CB8AF1DA" value="true"/>
</engineerTo>
<nullsAllowed>true</nullsAllowed>
<useDomainConstraints>false</useDomainConstraints>
<use>1</use>
<logicalDatatype>LOGDT048</logicalDatatype>
<dataTypePrecision>2</dataTypePrecision>
</Attribute>
<Attribute name="SUPPLIER_ID" id="E237AF97-DA82-6FA4-4BCA-B85D357C32CA">
<createdBy>meyoung</createdBy>
<createdTime>2011-06-16 14:41:04 UTC</createdTime>
<commentInRDBMS>Offers possibility of extensions outside Common Schema.</commentInRDBMS>
<generatorID>BA594F8C-58D5-F4FE-6929-8E9E265B4CE1</generatorID>
<ownerDesignName>OE_Sample</ownerDesignName>
<engineerTo>
<item key="D1800CBB-9A7B-6127-AF51-2394CB8AF1DA" value="true"/>
</engineerTo>
<nullsAllowed>true</nullsAllowed>
<useDomainConstraints>false</useDomainConstraints>
<use>1</use>
<logicalDatatype>LOGDT019</logicalDatatype>
<dataTypePrecision>6</dataTypePrecision>
</Attribute>
<Attribute name="PRODUCT_STATUS" id="2602CF72-31A7-60BA-4908-012534A11294">
<createdBy>meyoung</createdBy>
<createdTime>2011-06-16 14:41:04 UTC</createdTime>
<commentInRDBMS>Check constraint. Appropriate for complex rules, such as &amp;amp;quot;All products in&lt;br&gt;status PRODUCTION must have at least one inventory entry.&amp;amp;quot; Also appropriate&lt;br&gt;for a trigger auditing status change.</commentInRDBMS>
<generatorID>372A66FC-889A-9D5D-C4F5-B71A63770CE9</generatorID>
<ownerDesignName>OE_Sample</ownerDesignName>
<engineerTo>
<item key="D1800CBB-9A7B-6127-AF51-2394CB8AF1DA" value="true"/>
</engineerTo>
<constraintName>PRODUCT_STATUS_LOV</constraintName>
<nullsAllowed>true</nullsAllowed>
<useDomainConstraints>false</useDomainConstraints>
<use>1</use>
<logicalDatatype>LOGDT024</logicalDatatype>
<dataTypeSize>20 BYTE</dataTypeSize>
<checkConstraint>
<implementationDef dbType="Oracle Database 10g" definition="product_status in (&apos;orderable&apos;&lt;br&gt;                                                  ,&apos;planned&apos;&lt;br&gt;                                                  ,&apos;under development&apos;&lt;br&gt;                                                  ,&apos;obsolete&apos;)&lt;br&gt;                               "/>
</checkConstraint>
</Attribute>
<Attribute name="LIST_PRICE" id="B0D5F00F-0113-DE6A-F883-15D3F4B7BFF3">
<createdBy>meyoung</createdBy>
<createdTime>2011-06-16 14:41:04 UTC</createdTime>
<generatorID>CCFBA05E-19A7-18F6-6619-B559DC8C140F</generatorID>
<ownerDesignName>OE_Sample</ownerDesignName>
<engineerTo>
<item key="D1800CBB-9A7B-6127-AF51-2394CB8AF1DA" value="true"/>
</engineerTo>
<nullsAllowed>true</nullsAllowed>
<useDomainConstraints>false</useDomainConstraints>
<use>1</use>
<logicalDatatype>LOGDT019</logicalDatatype>
<dataTypePrecision>8</dataTypePrecision>
<dataTypeScale>2</dataTypeScale>
</Attribute>
<Attribute name="MIN_PRICE" id="8E3F1E12-1F30-8330-B2CA-0C0C0430DF48">
<createdBy>meyoung</createdBy>
<createdTime>2011-06-16 14:41:04 UTC</createdTime>
<generatorID>2EC5FDF3-A9D6-7648-96B3-B2267B2BE388</generatorID>
<ownerDesignName>OE_Sample</ownerDesignName>
<engineerTo>
<item key="D1800CBB-9A7B-6127-AF51-2394CB8AF1DA" value="true"/>
</engineerTo>
<nullsAllowed>true</nullsAllowed>
<useDomainConstraints>false</useDomainConstraints>
<use>1</use>
<logicalDatatype>LOGDT019</logicalDatatype>
<dataTypePrecision>8</dataTypePrecision>
<dataTypeScale>2</dataTypeScale>
</Attribute>
<Attribute name="CATALOG_URL" id="D3238B54-C53D-02C6-FC70-99AAC523A32D">
<createdBy>meyoung</createdBy>
<createdTime>2011-06-16 14:41:04 UTC</createdTime>
<generatorID>B5DFC7A5-B1A6-6DC0-9E1A-65495B677511</generatorID>
<ownerDesignName>OE_Sample</ownerDesignName>
<engineerTo>
<item key="D1800CBB-9A7B-6127-AF51-2394CB8AF1DA" value="true"/>
</engineerTo>
<nullsAllowed>true</nullsAllowed>
<useDomainConstraints>false</useDomainConstraints>
<use>1</use>
<logicalDatatype>LOGDT024</logicalDatatype>
<dataTypeSize>50 BYTE</dataTypeSize>
</Attribute>
</attributes>
<identifiers itemClass="oracle.dbtools.crest.model.design.logical.CandidateKey">
<identifier id="CE489DEA-FF0B-BF82-4552-9C499A2E2DC3" name="PRODUCT_INFORMATION_PK">
<createdBy>meyoung</createdBy>
<createdTime>2011-06-16 14:41:04 UTC</createdTime>
<generatorID>3B9194DB-8A03-689A-9565-576735FC5B3B</generatorID>
<ownerDesignName>OE_Sample</ownerDesignName>
<engineerTo>
<item key="D1800CBB-9A7B-6127-AF51-2394CB8AF1DA" value="true"/>
</engineerTo>
<pk>true</pk>
<usedAttributes>
<attributeRef>F625C535-7E97-0AC9-014C-A227288EB1AB</attributeRef>
</usedAttributes>
</identifier>
</identifiers>
</Entity>