<?xml version = '1.0' encoding = 'UTF-8'?>
<Entity class="oracle.dbtools.crest.model.design.logical.Entity" directorySegmentName="seg_0" id="5B090D36-D6B0-180E-5CEA-376EFF64E482" name="CATEGORIES_TAB">
<createdBy>meyoung</createdBy>
<createdTime>2011-06-16 14:41:04 UTC</createdTime>
<generatorID>D046E9BC-9C65-18F3-4E8C-2DE1A9BEAB47</generatorID>
<ownerDesignName>OE_Sample</ownerDesignName>
<engineerTo>
<item key="D1800CBB-9A7B-6127-AF51-2394CB8AF1DA" value="true"/>
</engineerTo>
<adequatelyNormalized>NO</adequatelyNormalized>
<expectedVolumes>0</expectedVolumes>
<fwdEngineeringStrategyName>Single Table</fwdEngineeringStrategyName>
<growthPercent>0</growthPercent>
<growthType>Year</growthType>
<maxVolumes>9999999</maxVolumes>
<minVolumes>0</minVolumes>
<normalForm>Third</normalForm>
<basedOnStructuredType>474D6FCB-A77F-4356-E491-2C454AD2E444</basedOnStructuredType>
<attributes itemClass="oracle.dbtools.crest.model.design.logical.Attribute">
<Attribute name="Oid" id="59C13283-9963-6AAD-9436-086E04EEF465">
<createdBy>meyoung</createdBy>
<createdTime>2011-06-16 14:41:04 UTC</createdTime>
<ownerDesignName>OE_Sample</ownerDesignName>
<engineerTo>
<item key="D1800CBB-9A7B-6127-AF51-2394CB8AF1DA" value="true"/>
</engineerTo>
<oid>true</oid>
<useDomainConstraints>false</useDomainConstraints>
<use>3</use>
<structuredType>474D6FCB-A77F-4356-E491-2C454AD2E444</structuredType>
<reference>true</reference>
</Attribute>
<Attribute name="CATEGORY_NAME" id="B6C5DD88-C192-BC52-5D47-9FFE1765F856">
<createdBy>meyoung</createdBy>
<createdTime>2011-06-16 14:41:04 UTC</createdTime>
<ownerDesignName>OE_Sample</ownerDesignName>
<engineerTo>
<item key="D1800CBB-9A7B-6127-AF51-2394CB8AF1DA" value="true"/>
</engineerTo>
<nullsAllowed>true</nullsAllowed>
<structAttributeID>56C9C83B-375D-3789-B9D3-080B9C0F2DFD</structAttributeID>
<useDomainConstraints>false</useDomainConstraints>
<use>1</use>
<logicalDatatype>LOGDT024</logicalDatatype>
<dataTypePrecision>0</dataTypePrecision>
<dataTypeScale>0</dataTypeScale>
</Attribute>
<Attribute name="CATEGORY_DESCRIPTION" id="6E68C82A-D852-C513-6A6E-AE9D5364584F">
<createdBy>meyoung</createdBy>
<createdTime>2011-06-16 14:41:04 UTC</createdTime>
<ownerDesignName>OE_Sample</ownerDesignName>
<engineerTo>
<item key="D1800CBB-9A7B-6127-AF51-2394CB8AF1DA" value="true"/>
</engineerTo>
<nullsAllowed>true</nullsAllowed>
<structAttributeID>F2A0FB4B-E363-66CC-8F74-48C98DCA30ED</structAttributeID>
<useDomainConstraints>false</useDomainConstraints>
<use>1</use>
<logicalDatatype>LOGDT024</logicalDatatype>
<dataTypePrecision>0</dataTypePrecision>
<dataTypeScale>0</dataTypeScale>
</Attribute>
<Attribute name="CATEGORY_ID" id="0F448166-1BF2-3D18-0D59-ADB62BB34253">
<createdBy>meyoung</createdBy>
<createdTime>2011-06-16 14:41:04 UTC</createdTime>
<ownerDesignName>OE_Sample</ownerDesignName>
<engineerTo>
<item key="D1800CBB-9A7B-6127-AF51-2394CB8AF1DA" value="true"/>
</engineerTo>
<structAttributeID>3D760C24-A630-2C59-89E3-6B6C85464B63</structAttributeID>
<useDomainConstraints>false</useDomainConstraints>
<use>1</use>
<logicalDatatype>LOGDT019</logicalDatatype>
<dataTypePrecision>2</dataTypePrecision>
<dataTypeScale>0</dataTypeScale>
</Attribute>
<Attribute name="PARENT_CATEGORY_ID" id="0FFB32A2-F693-BF00-F8CB-33F800B84DF9">
<createdBy>meyoung</createdBy>
<createdTime>2011-06-16 14:41:04 UTC</createdTime>
<ownerDesignName>OE_Sample</ownerDesignName>
<engineerTo>
<item key="D1800CBB-9A7B-6127-AF51-2394CB8AF1DA" value="true"/>
</engineerTo>
<nullsAllowed>true</nullsAllowed>
<structAttributeID>D3A0F57B-4528-75D4-F7BB-7D21DC54EBB6</structAttributeID>
<useDomainConstraints>false</useDomainConstraints>
<use>1</use>
<logicalDatatype>LOGDT019</logicalDatatype>
<dataTypePrecision>2</dataTypePrecision>
<dataTypeScale>0</dataTypeScale>
</Attribute>
</attributes>
<identifiers itemClass="oracle.dbtools.crest.model.design.logical.CandidateKey">
<identifier id="DD509F86-FE16-9F89-1392-90EB3BEDA7C8" name="Oid_PK_CATEGORIES_TAB">
<createdBy>meyoung</createdBy>
<createdTime>2011-06-16 14:41:04 UTC</createdTime>
<ownerDesignName>OE_Sample</ownerDesignName>
<engineerTo>
<item key="D1800CBB-9A7B-6127-AF51-2394CB8AF1DA" value="true"/>
</engineerTo>
<oidKey>true</oidKey>
<usedAttributes>
<attributeRef>59C13283-9963-6AAD-9436-086E04EEF465</attributeRef>
</usedAttributes>
</identifier>
<identifier id="E952594F-5B35-CF9B-B927-B662B736C7E8" name="SYS_C005389">
<createdBy>meyoung</createdBy>
<createdTime>2011-06-16 14:41:04 UTC</createdTime>
<generatorID>ED0F5F5C-8E75-D686-D2E8-FE55F1C8C370</generatorID>
<ownerDesignName>OE_Sample</ownerDesignName>
<engineerTo>
<item key="D1800CBB-9A7B-6127-AF51-2394CB8AF1DA" value="true"/>
</engineerTo>
<pk>true</pk>
<usedAttributes>
<attributeRef>0F448166-1BF2-3D18-0D59-ADB62BB34253</attributeRef>
</usedAttributes>
</identifier>
</identifiers>
</Entity>