<?xml version = '1.0' encoding = 'UTF-8'?>
<Entity class="oracle.dbtools.crest.model.design.logical.Entity" directorySegmentName="seg_0" id="B6C465AE-FF41-0029-652D-C2CAAED37AAC" name="ORDER_ITEMS">
<createdBy>meyoung</createdBy>
<createdTime>2011-06-16 14:41:04 UTC</createdTime>
<generatorID>401325D6-D30A-4241-B81D-AF54654F75DC</generatorID>
<ownerDesignName>OE_Sample</ownerDesignName>
<engineerTo>
<item key="D1800CBB-9A7B-6127-AF51-2394CB8AF1DA" value="true"/>
</engineerTo>
<adequatelyNormalized>NO</adequatelyNormalized>
<expectedVolumes>0</expectedVolumes>
<fwdEngineeringStrategyName>Single Table</fwdEngineeringStrategyName>
<growthPercent>0</growthPercent>
<growthType>Year</growthType>
<maxVolumes>9999999</maxVolumes>
<minVolumes>0</minVolumes>
<normalForm>Third</normalForm>
<attributes itemClass="oracle.dbtools.crest.model.design.logical.Attribute">
<Attribute name="ORDER_ID" id="DF40F7E0-BDF5-B7F7-2592-5F88FF449795">
<createdBy>meyoung</createdBy>
<createdTime>2011-06-16 14:41:04 UTC</createdTime>
<commentInRDBMS>Part of concatenated primary key, references orders.order_id.</commentInRDBMS>
<generatorID>EB2105F7-2315-01B5-9B97-52E7CB94356A</generatorID>
<ownerDesignName>OE_Sample</ownerDesignName>
<engineerTo>
<item key="D1800CBB-9A7B-6127-AF51-2394CB8AF1DA" value="true"/>
</engineerTo>
<referedAttribute>0E9F9A4A-231F-93BF-7A1C-A820149AAD3C</referedAttribute>
<useDomainConstraints>false</useDomainConstraints>
<use>1</use>
<logicalDatatype>LOGDT019</logicalDatatype>
<dataTypePrecision>12</dataTypePrecision>
<propertyMap>
<property name="refers.attribute" value="0E9F9A4A-231F-93BF-7A1C-A820149AAD3C"/>
</propertyMap>
</Attribute>
<Attribute name="LINE_ITEM_ID" id="5694DDCD-6E50-302E-9A45-36AA68D3919E">
<createdBy>meyoung</createdBy>
<createdTime>2011-06-16 14:41:04 UTC</createdTime>
<commentInRDBMS>Part of concatenated primary key.</commentInRDBMS>
<generatorID>D333AD6A-6238-39A0-1775-348FAF3C3B3B</generatorID>
<ownerDesignName>OE_Sample</ownerDesignName>
<engineerTo>
<item key="D1800CBB-9A7B-6127-AF51-2394CB8AF1DA" value="true"/>
</engineerTo>
<useDomainConstraints>false</useDomainConstraints>
<use>1</use>
<logicalDatatype>LOGDT019</logicalDatatype>
<dataTypePrecision>3</dataTypePrecision>
</Attribute>
<Attribute name="PRODUCT_ID" id="D63CF1FB-5993-7192-2F61-FE0251108478">
<createdBy>meyoung</createdBy>
<createdTime>2011-06-16 14:41:04 UTC</createdTime>
<commentInRDBMS>References product_information.product_id.</commentInRDBMS>
<generatorID>17A7A3B2-2688-1AFA-3489-398C9E6EE639</generatorID>
<ownerDesignName>OE_Sample</ownerDesignName>
<engineerTo>
<item key="D1800CBB-9A7B-6127-AF51-2394CB8AF1DA" value="true"/>
</engineerTo>
<referedAttribute>F625C535-7E97-0AC9-014C-A227288EB1AB</referedAttribute>
<useDomainConstraints>false</useDomainConstraints>
<use>1</use>
<logicalDatatype>LOGDT019</logicalDatatype>
<dataTypePrecision>6</dataTypePrecision>
</Attribute>
<Attribute name="UNIT_PRICE" id="52286760-05F3-4DAC-798E-7792061D3249">
<createdBy>meyoung</createdBy>
<createdTime>2011-06-16 14:41:04 UTC</createdTime>
<generatorID>4E853CE6-FFBD-452E-E656-85A08C74B9B7</generatorID>
<ownerDesignName>OE_Sample</ownerDesignName>
<engineerTo>
<item key="D1800CBB-9A7B-6127-AF51-2394CB8AF1DA" value="true"/>
</engineerTo>
<nullsAllowed>true</nullsAllowed>
<useDomainConstraints>false</useDomainConstraints>
<use>1</use>
<logicalDatatype>LOGDT019</logicalDatatype>
<dataTypePrecision>8</dataTypePrecision>
<dataTypeScale>2</dataTypeScale>
</Attribute>
<Attribute name="QUANTITY" id="5F4BF23C-0E19-637D-D719-67C27B133A59">
<createdBy>meyoung</createdBy>
<createdTime>2011-06-16 14:41:04 UTC</createdTime>
<generatorID>E444FBA9-6CB9-47B1-757F-062BA3E1C437</generatorID>
<ownerDesignName>OE_Sample</ownerDesignName>
<engineerTo>
<item key="D1800CBB-9A7B-6127-AF51-2394CB8AF1DA" value="true"/>
</engineerTo>
<nullsAllowed>true</nullsAllowed>
<useDomainConstraints>false</useDomainConstraints>
<use>1</use>
<logicalDatatype>LOGDT019</logicalDatatype>
<dataTypePrecision>8</dataTypePrecision>
</Attribute>
</attributes>
<identifiers itemClass="oracle.dbtools.crest.model.design.logical.CandidateKey">
<identifier id="6AB2C4CE-0DD3-3405-D815-317596CBF989" name="ORDER_ITEMS_PK">
<createdBy>meyoung</createdBy>
<createdTime>2011-06-16 14:41:04 UTC</createdTime>
<generatorID>41DE3422-62F3-1F9C-C236-470FB5E11E45</generatorID>
<ownerDesignName>OE_Sample</ownerDesignName>
<engineerTo>
<item key="D1800CBB-9A7B-6127-AF51-2394CB8AF1DA" value="true"/>
</engineerTo>
<pk>true</pk>
<usedAttributes>
<attributeRef>DF40F7E0-BDF5-B7F7-2592-5F88FF449795</attributeRef>
<attributeRef>5694DDCD-6E50-302E-9A45-36AA68D3919E</attributeRef>
</usedAttributes>
</identifier>
</identifiers>
</Entity>