<?xml version = '1.0' encoding = 'UTF-8'?>
<Entity class="oracle.dbtools.crest.model.design.logical.Entity" directorySegmentName="seg_0" id="E169B5E7-B948-BF34-FB3D-AFC71CEFAF79" name="PURCHASEORDER">
<createdBy>meyoung</createdBy>
<createdTime>2011-06-16 14:41:04 UTC</createdTime>
<generatorID>A813CABD-6658-B542-73D6-7E4C1F9D5023</generatorID>
<ownerDesignName>OE_Sample</ownerDesignName>
<engineerTo>
<item key="D1800CBB-9A7B-6127-AF51-2394CB8AF1DA" value="true"/>
</engineerTo>
<adequatelyNormalized>NO</adequatelyNormalized>
<expectedVolumes>0</expectedVolumes>
<fwdEngineeringStrategyName>Single Table</fwdEngineeringStrategyName>
<growthPercent>0</growthPercent>
<growthType>Year</growthType>
<maxVolumes>9999999</maxVolumes>
<minVolumes>0</minVolumes>
<normalForm>Third</normalForm>
<attributes itemClass="oracle.dbtools.crest.model.design.logical.Attribute">
<Attribute name="Oid" id="13F3C171-AEE6-7981-7812-CA8577BAC963">
<createdBy>meyoung</createdBy>
<createdTime>2011-06-16 14:41:04 UTC</createdTime>
<generatorID>8B115A64-E752-9EAE-9E0E-DF417BBA293E</generatorID>
<ownerDesignName>OE_Sample</ownerDesignName>
<engineerTo>
<item key="D1800CBB-9A7B-6127-AF51-2394CB8AF1DA" value="true"/>
</engineerTo>
<useDomainConstraints>false</useDomainConstraints>
<use>1</use>
<logicalDatatype>LOGDT032</logicalDatatype>
</Attribute>
</attributes>
<identifiers itemClass="oracle.dbtools.crest.model.design.logical.CandidateKey">
<identifier id="F722F584-10B0-2E48-49B1-B6D553FF35B7" name="Oid_PK_PURCHASEORDER">
<createdBy>meyoung</createdBy>
<createdTime>2011-06-16 14:41:04 UTC</createdTime>
<generatorID>EF743A0F-269C-7713-8C87-61BC071B032B</generatorID>
<ownerDesignName>OE_Sample</ownerDesignName>
<engineerTo>
<item key="D1800CBB-9A7B-6127-AF51-2394CB8AF1DA" value="true"/>
</engineerTo>
<pk>true</pk>
<usedAttributes>
<attributeRef>13F3C171-AEE6-7981-7812-CA8577BAC963</attributeRef>
</usedAttributes>
</identifier>
</identifiers>
</Entity>