<?xml version = '1.0' encoding = 'UTF-8'?>
<StructuredTypeProxyOraclev10g class="oracle.dbtools.crest.model.design.storage.oracle.v10g.StructuredTypeProxyOraclev10g" name="CATALOG_TYP" directorySegmentName="seg_0" id="34436472-829B-3357-D14A-238026A9FE6A">
<createdBy>smharper</createdBy>
<createdTime>2011-01-07 13:02:56 UTC</createdTime>
<ownerDesignName>OE_Sample</ownerDesignName>
<methods itemClass="oracle.dbtools.crest.model.design.storage.oracle.v9i.MethodProxyOraclev9i">
<Method name="CATEGORY_DESCRIBE" id="2B5D5006-15AE-CEE1-3AF3-41FF846D97EF">
<createdBy>smharper</createdBy>
<createdTime>2011-01-07 13:02:56 UTC</createdTime>
<ownerDesignName>OE_Sample</ownerDesignName>
<bodyChanged>false</bodyChanged>
<plSQLBody>BEGIN&lt;br&gt;    RETURN &apos;catalog_typ&apos;;&lt;br&gt;  END;</plSQLBody>
</Method>
<Method name="GETCATALOGNAME" id="D5C25503-5827-56AD-0D41-C3BA4D177B6F">
<createdBy>smharper</createdBy>
<createdTime>2011-01-07 13:02:56 UTC</createdTime>
<ownerDesignName>OE_Sample</ownerDesignName>
<bodyChanged>false</bodyChanged>
<plSQLBody>BEGIN&lt;br&gt;    -- Return the category name from the supertype&lt;br&gt;    RETURN self.category_name;&lt;br&gt;  END;</plSQLBody>
</Method>
</methods>
</StructuredTypeProxyOraclev10g>