<?xml version = '1.0' encoding = 'UTF-8'?>
<StructuredTypeProxyOraclev10g class="oracle.dbtools.crest.model.design.storage.oracle.v10g.StructuredTypeProxyOraclev10g" name="CATEGORY_TYP" directorySegmentName="seg_0" id="474D6FCB-A77F-4356-E491-2C454AD2E444">
<createdBy>smharper</createdBy>
<createdTime>2011-01-07 13:02:56 UTC</createdTime>
<ownerDesignName>OE_Sample</ownerDesignName>
<attributes itemClass="oracle.dbtools.crest.model.design.storage.oracle.v9i.TypeElementProxyOraclev9i">
<Attribute name="CATEGORY_ID" id="3D760C24-A630-2C59-89E3-6B6C85464B63">
<createdBy>smharper</createdBy>
<createdTime>2011-01-07 13:02:56 UTC</createdTime>
<ownerDesignName>OE_Sample</ownerDesignName>
</Attribute>
<Attribute name="CATEGORY_NAME" id="56C9C83B-375D-3789-B9D3-080B9C0F2DFD">
<createdBy>smharper</createdBy>
<createdTime>2011-01-07 13:02:56 UTC</createdTime>
<ownerDesignName>OE_Sample</ownerDesignName>
</Attribute>
<Attribute name="PARENT_CATEGORY_ID" id="D3A0F57B-4528-75D4-F7BB-7D21DC54EBB6">
<createdBy>smharper</createdBy>
<createdTime>2011-01-07 13:02:56 UTC</createdTime>
<ownerDesignName>OE_Sample</ownerDesignName>
</Attribute>
<Attribute name="CATEGORY_DESCRIPTION" id="F2A0FB4B-E363-66CC-8F74-48C98DCA30ED">
<createdBy>smharper</createdBy>
<createdTime>2011-01-07 13:02:56 UTC</createdTime>
<ownerDesignName>OE_Sample</ownerDesignName>
</Attribute>
</attributes>
<methods itemClass="oracle.dbtools.crest.model.design.storage.oracle.v9i.MethodProxyOraclev9i">
<Method name="CATEGORY_DESCRIBE" id="6828B3F8-077B-97DE-7DFF-3A3BAEE517F0">
<createdBy>smharper</createdBy>
<createdTime>2011-01-07 13:02:56 UTC</createdTime>
<ownerDesignName>OE_Sample</ownerDesignName>
<bodyChanged>false</bodyChanged>
</Method>
</methods>
</StructuredTypeProxyOraclev10g>