<?xml version = '1.0' encoding = 'UTF-8'?>
<StructuredTypeProxyOraclev10g class="oracle.dbtools.crest.model.design.storage.oracle.v10g.StructuredTypeProxyOraclev10g" name="ORDER_ITEM_TYP" directorySegmentName="seg_0" id="621BACE7-BA59-D8FF-E944-4DFE0A6EEB2E">
<createdBy>smharper</createdBy>
<createdTime>2011-01-07 13:02:56 UTC</createdTime>
<ownerDesignName>OE_Sample</ownerDesignName>
<attributes itemClass="oracle.dbtools.crest.model.design.storage.oracle.v9i.TypeElementProxyOraclev9i">
<Attribute name="LINE_ITEM_ID" id="5C6FD6A2-9402-CB17-93BB-809D4B174FF2">
<createdBy>smharper</createdBy>
<createdTime>2011-01-07 13:02:56 UTC</createdTime>
<ownerDesignName>OE_Sample</ownerDesignName>
</Attribute>
<Attribute name="ORDER_ID" id="5E98E5D5-4524-AB74-5B1C-8E5DC31AE257">
<createdBy>smharper</createdBy>
<createdTime>2011-01-07 13:02:56 UTC</createdTime>
<ownerDesignName>OE_Sample</ownerDesignName>
</Attribute>
<Attribute name="QUANTITY" id="7F9B5278-58C1-1A83-9FA8-A7BD42D32C43">
<createdBy>smharper</createdBy>
<createdTime>2011-01-07 13:02:56 UTC</createdTime>
<ownerDesignName>OE_Sample</ownerDesignName>
</Attribute>
<Attribute name="UNIT_PRICE" id="83549557-5175-1506-4123-827A46DF7A5A">
<createdBy>smharper</createdBy>
<createdTime>2011-01-07 13:02:56 UTC</createdTime>
<ownerDesignName>OE_Sample</ownerDesignName>
</Attribute>
<Attribute name="PRODUCT_REF" id="9EB3C455-A22E-E03E-9EB8-FA509D615AE3">
<createdBy>smharper</createdBy>
<createdTime>2011-01-07 13:02:56 UTC</createdTime>
<ownerDesignName>OE_Sample</ownerDesignName>
</Attribute>
</attributes>
</StructuredTypeProxyOraclev10g>