<?xml version = '1.0' encoding = 'UTF-8'?>
<StructuredTypeProxyOraclev10g class="oracle.dbtools.crest.model.design.storage.oracle.v10g.StructuredTypeProxyOraclev10g" name="LEAF_CATEGORY_TYP" directorySegmentName="seg_0" id="935574B9-FE76-EBDB-4455-E7BA6B34213A">
<createdBy>smharper</createdBy>
<createdTime>2011-01-07 13:02:56 UTC</createdTime>
<ownerDesignName>OE_Sample</ownerDesignName>
<attributes itemClass="oracle.dbtools.crest.model.design.storage.oracle.v9i.TypeElementProxyOraclev9i">
<Attribute name="PRODUCT_REF_LIST" id="61DC2244-1C7A-9D31-1320-6FE8E4792093">
<createdBy>smharper</createdBy>
<createdTime>2011-01-07 13:02:56 UTC</createdTime>
<ownerDesignName>OE_Sample</ownerDesignName>
</Attribute>
</attributes>
<methods itemClass="oracle.dbtools.crest.model.design.storage.oracle.v9i.MethodProxyOraclev9i">
<Method name="CATEGORY_DESCRIBE" id="42D64771-D386-40E6-CA79-E00EDA2027FA">
<createdBy>smharper</createdBy>
<createdTime>2011-01-07 13:02:56 UTC</createdTime>
<ownerDesignName>OE_Sample</ownerDesignName>
<bodyChanged>false</bodyChanged>
<plSQLBody>BEGIN&lt;br&gt;       RETURN  &apos;leaf_category_typ&apos;;&lt;br&gt;    END;&lt;br&gt;   </plSQLBody>
</Method>
</methods>
</StructuredTypeProxyOraclev10g>