<?xml version = '1.0' encoding = 'UTF-8'?>
<StructuredTypeProxyOraclev10g class="oracle.dbtools.crest.model.design.storage.oracle.v10g.StructuredTypeProxyOraclev10g" name="ACTIONS_T" directorySegmentName="seg_0" id="E83AC126-38AC-813C-131C-E7C46EB5C25C">
<createdBy>smharper</createdBy>
<createdTime>2011-01-07 13:02:56 UTC</createdTime>
<ownerDesignName>OE_Sample</ownerDesignName>
<attributes itemClass="oracle.dbtools.crest.model.design.storage.oracle.v9i.TypeElementProxyOraclev9i">
<Attribute name="SYS_XDBPD$" id="2F5DF787-FE14-09F4-4F1C-2778E9F030EF">
<createdBy>smharper</createdBy>
<createdTime>2011-01-07 13:02:56 UTC</createdTime>
<ownerDesignName>OE_Sample</ownerDesignName>
</Attribute>
<Attribute name="ACTION" id="741331ED-018F-9F69-7A05-7296478E762B">
<createdBy>smharper</createdBy>
<createdTime>2011-01-07 13:02:56 UTC</createdTime>
<ownerDesignName>OE_Sample</ownerDesignName>
</Attribute>
</attributes>
</StructuredTypeProxyOraclev10g>