<?xml version = '1.0' encoding = 'UTF-8'?>
<StructuredTypeProxyOraclev10g class="oracle.dbtools.crest.model.design.storage.oracle.v10g.StructuredTypeProxyOraclev10g" name="COMPOSITE_CATEGORY_TYP" directorySegmentName="seg_0" id="ECB7CC80-675D-B36A-24C6-9A10E92E186F">
<createdBy>smharper</createdBy>
<createdTime>2011-01-07 13:02:56 UTC</createdTime>
<ownerDesignName>OE_Sample</ownerDesignName>
<attributes itemClass="oracle.dbtools.crest.model.design.storage.oracle.v9i.TypeElementProxyOraclev9i">
<Attribute name="SUBCATEGORY_REF_LIST" id="2DEC4B0D-BA5D-69C7-7FC8-E3A591E05A5B">
<createdBy>smharper</createdBy>
<createdTime>2011-01-07 13:02:56 UTC</createdTime>
<ownerDesignName>OE_Sample</ownerDesignName>
</Attribute>
</attributes>
<methods itemClass="oracle.dbtools.crest.model.design.storage.oracle.v9i.MethodProxyOraclev9i">
<Method name="CATEGORY_DESCRIBE" id="2990DDB3-BA3B-DBEA-1334-464F19C2E74A">
<createdBy>smharper</createdBy>
<createdTime>2011-01-07 13:02:56 UTC</createdTime>
<ownerDesignName>OE_Sample</ownerDesignName>
<bodyChanged>false</bodyChanged>
<plSQLBody>BEGIN&lt;br&gt;      RETURN &apos;composite_category_typ&apos;;&lt;br&gt;    END;&lt;br&gt;   </plSQLBody>
</Method>
</methods>
</StructuredTypeProxyOraclev10g>