<?xml version = '1.0' encoding = 'UTF-8'?>
<FKIndexAssociation class="oracle.dbtools.crest.model.design.relational.FKIndexAssociation" directorySegmentName="seg_0" id="50AA63ED-E511-75EE-0ACE-1E475EDE7955" name="LOC_C_ID_FK">
<createdBy>oracle</createdBy>
<createdTime>2011-11-14 10:07:47 UTC</createdTime>
<generatorID>ABB9CCC2-4A66-E875-261A-DA145C8B7276</generatorID>
<ownerDesignName>sol_19_01</ownerDesignName>
<containerWithKeyObject>7CE678F7-78B3-E9B3-E366-717A80FAB2A1</containerWithKeyObject>
<deleteRule>SET NULL</deleteRule>
<localFKIndex>1E623500-ED71-2808-FA5F-F2FAAED99793</localFKIndex>
<keyObject>50138723-6659-65E8-6576-0920DE04D344</keyObject>
<mandatory>false</mandatory>
<transferable>true</transferable>
<columnDependencyConstraintGenerateInDDL>true</columnDependencyConstraintGenerateInDDL>
</FKIndexAssociation>