<?xml version = '1.0' encoding = 'UTF-8'?>
<FKIndexAssociation class="oracle.dbtools.crest.model.design.relational.FKIndexAssociation" directorySegmentName="seg_0" id="5B99EC93-94C2-64F2-BC20-A521543394A5" name="EMP_JOB_FK">
<createdBy>oracle</createdBy>
<createdTime>2011-11-14 10:07:47 UTC</createdTime>
<generatorID>1EFE48E1-FADF-E74C-2E39-4A329A9E7389</generatorID>
<ownerDesignName>sol_19_01</ownerDesignName>
<containerWithKeyObject>2DCEACA1-6ECB-63AD-6EBC-148934342274</containerWithKeyObject>
<deleteRule>RESTRICT</deleteRule>
<localFKIndex>E6705C90-AB60-F8B8-4931-68C116030F27</localFKIndex>
<keyObject>2C113FE9-1DDD-F8F8-E0FD-29F4089F4711</keyObject>
<mandatory>true</mandatory>
<transferable>true</transferable>
<columnDependencyConstraintGenerateInDDL>true</columnDependencyConstraintGenerateInDDL>
</FKIndexAssociation>