<?xml version = '1.0' encoding = 'UTF-8'?>
<FKIndexAssociation class="oracle.dbtools.crest.model.design.relational.FKIndexAssociation" directorySegmentName="seg_0" id="5BF79C01-15BD-109B-6A1F-237DF402A7AE" name="DEPT_LOC_FK">
<createdBy>oracle</createdBy>
<createdTime>2011-11-14 10:07:47 UTC</createdTime>
<generatorID>9DC35E3F-932E-9FEA-431A-5D2DF23B156D</generatorID>
<ownerDesignName>sol_19_01</ownerDesignName>
<containerWithKeyObject>F9C10437-59E4-4884-F4DD-799DC59DAA43</containerWithKeyObject>
<deleteRule>SET NULL</deleteRule>
<localFKIndex>9970DFFE-FA06-11DC-66BF-C3FF8CFC902C</localFKIndex>
<keyObject>7BB92206-6534-D656-43CF-F33C0C7BF143</keyObject>
<mandatory>false</mandatory>
<transferable>true</transferable>
<columnDependencyConstraintGenerateInDDL>true</columnDependencyConstraintGenerateInDDL>
</FKIndexAssociation>