<?xml version = '1.0' encoding = 'UTF-8'?>
<FKIndexAssociation class="oracle.dbtools.crest.model.design.relational.FKIndexAssociation" directorySegmentName="seg_0" id="76A0BAF4-CCF1-5EF8-87D1-5DC26A9F1E6D" name="Relation_11">
<createdBy>oracle</createdBy>
<createdTime>2011-11-14 10:07:47 UTC</createdTime>
<generatorID>1C860810-6E11-BDA7-910D-0B4B99546D5A</generatorID>
<ownerDesignName>sol_19_01</ownerDesignName>
<containerWithKeyObject>D3D1D4D8-6815-E1FC-F8C8-E19838A1E46F</containerWithKeyObject>
<deleteRule>RESTRICT</deleteRule>
<localFKIndex>FC496898-6806-9C05-7B4A-244C31E98E44</localFKIndex>
<keyObject>7B7460C6-C27A-2309-3978-DB9E20EA3C0F</keyObject>
<mandatory>true</mandatory>
<transferable>true</transferable>
<columnDependencyConstraintGenerateInDDL>true</columnDependencyConstraintGenerateInDDL>
</FKIndexAssociation>