<?xml version = '1.0' encoding = 'UTF-8'?>
<FKIndexAssociation class="oracle.dbtools.crest.model.design.relational.FKIndexAssociation" directorySegmentName="seg_0" id="778B532F-04BE-5FAC-46A2-FB5D1B5B5757" name="JHIST_EMP_FK">
<createdBy>oracle</createdBy>
<createdTime>2011-11-14 10:07:47 UTC</createdTime>
<generatorID>970EF68C-708C-1DA8-7385-944796283240</generatorID>
<ownerDesignName>sol_19_01</ownerDesignName>
<containerWithKeyObject>B4CDAF13-531F-A700-A04A-22D2A14ECC59</containerWithKeyObject>
<deleteRule>RESTRICT</deleteRule>
<localFKIndex>2E630675-8575-468A-BE1F-CE476341D697</localFKIndex>
<keyObject>7B7460C6-C27A-2309-3978-DB9E20EA3C0F</keyObject>
<mandatory>true</mandatory>
<transferable>true</transferable>
<columnDependencyConstraintGenerateInDDL>true</columnDependencyConstraintGenerateInDDL>
</FKIndexAssociation>