<?xml version = '1.0' encoding = 'UTF-8'?>
<FKIndexAssociation class="oracle.dbtools.crest.model.design.relational.FKIndexAssociation" directorySegmentName="seg_0" id="7E58D3FD-5F47-E1D3-AFA1-083B242154E6" name="COUNTR_REG_FK">
<createdBy>oracle</createdBy>
<createdTime>2011-11-14 10:07:47 UTC</createdTime>
<generatorID>946C0B6A-8C68-C2A6-0204-1FE3F8B83648</generatorID>
<ownerDesignName>sol_19_01</ownerDesignName>
<containerWithKeyObject>6F31F983-B62D-FD91-2703-332E215AA7EA</containerWithKeyObject>
<deleteRule>SET NULL</deleteRule>
<localFKIndex>9D81999D-B29E-9ECC-DC58-768A04D2601A</localFKIndex>
<keyObject>1DDBC02A-CF26-864E-20F0-37E6A5B2C354</keyObject>
<mandatory>false</mandatory>
<transferable>true</transferable>
<columnDependencyConstraintGenerateInDDL>true</columnDependencyConstraintGenerateInDDL>
</FKIndexAssociation>