<?xml version = '1.0' encoding = 'UTF-8'?>
<FKIndexAssociation class="oracle.dbtools.crest.model.design.relational.FKIndexAssociation" directorySegmentName="seg_0" id="998F9447-3A5C-409F-B29E-70ECDB0C86E5" name="JHIST_JOB_FK">
<createdBy>oracle</createdBy>
<createdTime>2011-11-14 10:07:47 UTC</createdTime>
<generatorID>8DFCC093-6768-E08E-FA48-1FCE643EA37F</generatorID>
<ownerDesignName>sol_19_01</ownerDesignName>
<containerWithKeyObject>B4CDAF13-531F-A700-A04A-22D2A14ECC59</containerWithKeyObject>
<deleteRule>RESTRICT</deleteRule>
<localFKIndex>A8F9F706-F94F-A628-5C42-A1EDFAB17B50</localFKIndex>
<keyObject>2C113FE9-1DDD-F8F8-E0FD-29F4089F4711</keyObject>
<mandatory>true</mandatory>
<transferable>true</transferable>
<columnDependencyConstraintGenerateInDDL>true</columnDependencyConstraintGenerateInDDL>
</FKIndexAssociation>