<?xml version = '1.0' encoding = 'UTF-8'?>
<FKIndexAssociation class="oracle.dbtools.crest.model.design.relational.FKIndexAssociation" directorySegmentName="seg_0" id="AAE4D966-C627-F9B9-4D55-1B8C4462ABA7" name="DEPT_MGR_FK">
<createdBy>oracle</createdBy>
<createdTime>2011-11-14 10:07:47 UTC</createdTime>
<generatorID>14CF6A4D-D3E0-DA96-E693-5565A3A46DE0</generatorID>
<ownerDesignName>sol_19_01</ownerDesignName>
<containerWithKeyObject>F9C10437-59E4-4884-F4DD-799DC59DAA43</containerWithKeyObject>
<deleteRule>SET NULL</deleteRule>
<localFKIndex>CF2409F7-8D4A-05A6-274D-4157D31C5AE8</localFKIndex>
<keyObject>7B7460C6-C27A-2309-3978-DB9E20EA3C0F</keyObject>
<mandatory>false</mandatory>
<transferable>true</transferable>
<columnDependencyConstraintGenerateInDDL>true</columnDependencyConstraintGenerateInDDL>
</FKIndexAssociation>