<?xml version = '1.0' encoding = 'UTF-8'?>
<FKIndexAssociation class="oracle.dbtools.crest.model.design.relational.FKIndexAssociation" directorySegmentName="seg_0" id="AD8CE2BA-469C-2E3D-70D0-A74E3B03AAE5" name="JHIST_DEPT_FK">
<createdBy>oracle</createdBy>
<createdTime>2011-11-14 10:07:47 UTC</createdTime>
<generatorID>8302B540-5DD3-23E7-E7BC-DE0C6C63A7BE</generatorID>
<ownerDesignName>sol_19_01</ownerDesignName>
<containerWithKeyObject>B4CDAF13-531F-A700-A04A-22D2A14ECC59</containerWithKeyObject>
<deleteRule>SET NULL</deleteRule>
<localFKIndex>7F8919D5-8440-B5E1-7F26-692092C6B23F</localFKIndex>
<keyObject>7A906B75-7FA0-7234-0F53-8A1257B232DE</keyObject>
<mandatory>false</mandatory>
<transferable>true</transferable>
<columnDependencyConstraintGenerateInDDL>true</columnDependencyConstraintGenerateInDDL>
</FKIndexAssociation>