<?xml version = '1.0' encoding = 'UTF-8'?>
<FKIndexAssociation class="oracle.dbtools.crest.model.design.relational.FKIndexAssociation" directorySegmentName="seg_0" id="BF0A901B-10F5-FA73-3C98-5925C47FC86F" name="EMP_MANAGER_FK">
<createdBy>oracle</createdBy>
<createdTime>2011-11-14 10:07:47 UTC</createdTime>
<generatorID>ED2E3021-4797-F711-FD93-FA42F930B57A</generatorID>
<ownerDesignName>sol_19_01</ownerDesignName>
<containerWithKeyObject>2DCEACA1-6ECB-63AD-6EBC-148934342274</containerWithKeyObject>
<deleteRule>SET NULL</deleteRule>
<localFKIndex>49BDF66F-FB55-DEF5-EB3C-99A9B994426C</localFKIndex>
<keyObject>7B7460C6-C27A-2309-3978-DB9E20EA3C0F</keyObject>
<mandatory>false</mandatory>
<transferable>true</transferable>
<columnDependencyConstraintGenerateInDDL>true</columnDependencyConstraintGenerateInDDL>
</FKIndexAssociation>