<?xml version = '1.0' encoding = 'UTF-8'?>
<FKIndexAssociation class="oracle.dbtools.crest.model.design.relational.FKIndexAssociation" directorySegmentName="seg_0" id="E04A6676-D44C-951E-305E-04513913037B" name="EMP_DEPT_FK">
<createdBy>oracle</createdBy>
<createdTime>2011-11-14 10:07:47 UTC</createdTime>
<generatorID>9275E559-11AE-8840-6FAD-6C2E0855E60B</generatorID>
<ownerDesignName>sol_19_01</ownerDesignName>
<containerWithKeyObject>2DCEACA1-6ECB-63AD-6EBC-148934342274</containerWithKeyObject>
<deleteRule>SET NULL</deleteRule>
<localFKIndex>3DB609A7-C91E-1F9A-F9FA-8F9BD5E21B5F</localFKIndex>
<keyObject>7A906B75-7FA0-7234-0F53-8A1257B232DE</keyObject>
<mandatory>false</mandatory>
<transferable>true</transferable>
<columnDependencyConstraintGenerateInDDL>true</columnDependencyConstraintGenerateInDDL>
</FKIndexAssociation>