<?xml version = '1.0' encoding = 'UTF-8'?>
<Entity class="oracle.dbtools.crest.model.design.logical.Entity" directorySegmentName="seg_0" id="143FEAB2-F549-4D0D-864A-9CE4A2BB05F7" name="Rental Agreement">
<createdBy>oracle</createdBy>
<createdTime>2009-12-08 15:01:11 UTC</createdTime>
<ownerDesignName>sol_15_02</ownerDesignName>
<engineerTo>
<item key="8AE5E53E-8372-8DFA-5DED-F0FF639897E2" value="true"/>
</engineerTo>
<adequatelyNormalized>NO</adequatelyNormalized>
<expectedVolumes>0</expectedVolumes>
<fwdEngineeringStrategyName>Single Table</fwdEngineeringStrategyName>
<growthPercent>0</growthPercent>
<growthType>Year</growthType>
<maxVolumes>9999999</maxVolumes>
<minVolumes>0</minVolumes>
<normalForm>Third</normalForm>
<attributes itemClass="oracle.dbtools.crest.model.design.logical.Attribute">
<Attribute name="Number" id="3CC14072-E778-EF84-3285-FAEFD17CEFCE">
<createdBy>oracle</createdBy>
<createdTime>2009-12-08 15:01:21 UTC</createdTime>
<ownerDesignName>sol_15_02</ownerDesignName>
<engineerTo>
<item key="8AE5E53E-8372-8DFA-5DED-F0FF639897E2" value="true"/>
</engineerTo>
<use>0</use>
<logicalDatatype>LOGDT019</logicalDatatype>
<domain>B8552587-2E6A-CB3F-7721-F45E81EA16F6</domain>
</Attribute>
<Attribute name="Date of Rental" id="4841135A-EAB7-771B-22F4-E443CAA1F2C0">
<createdBy>oracle</createdBy>
<createdTime>2009-12-08 15:01:26 UTC</createdTime>
<ownerDesignName>sol_15_02</ownerDesignName>
<engineerTo>
<item key="8AE5E53E-8372-8DFA-5DED-F0FF639897E2" value="true"/>
</engineerTo>
<nullsAllowed>true</nullsAllowed>
<useDomainConstraints>false</useDomainConstraints>
<use>1</use>
<logicalDatatype>LOGDT007</logicalDatatype>
</Attribute>
<Attribute name="Duration" id="08F91B4D-B625-6045-163D-B70720326A29">
<createdBy>oracle</createdBy>
<createdTime>2009-12-08 15:01:30 UTC</createdTime>
<ownerDesignName>sol_15_02</ownerDesignName>
<engineerTo>
<item key="8AE5E53E-8372-8DFA-5DED-F0FF639897E2" value="true"/>
</engineerTo>
<nullsAllowed>true</nullsAllowed>
<useDomainConstraints>false</useDomainConstraints>
<use>1</use>
<logicalDatatype>LOGDT024</logicalDatatype>
<dataTypeSize>5</dataTypeSize>
</Attribute>
<Attribute name="Date of Return" id="3A41A333-21AD-AE72-850F-8A28A3717C1D">
<createdBy>oracle</createdBy>
<createdTime>2009-12-08 15:01:35 UTC</createdTime>
<ownerDesignName>sol_15_02</ownerDesignName>
<engineerTo>
<item key="8AE5E53E-8372-8DFA-5DED-F0FF639897E2" value="true"/>
</engineerTo>
<nullsAllowed>true</nullsAllowed>
<useDomainConstraints>false</useDomainConstraints>
<use>1</use>
<logicalDatatype>LOGDT007</logicalDatatype>
</Attribute>
<Attribute name="Deposit Paid" id="0E4550CC-1B41-BBC0-1C87-A44E79D5323F">
<createdBy>oracle</createdBy>
<createdTime>2009-12-08 15:01:40 UTC</createdTime>
<ownerDesignName>sol_15_02</ownerDesignName>
<engineerTo>
<item key="8AE5E53E-8372-8DFA-5DED-F0FF639897E2" value="true"/>
</engineerTo>
<nullsAllowed>true</nullsAllowed>
<useDomainConstraints>false</useDomainConstraints>
<use>1</use>
<logicalDatatype>LOGDT043</logicalDatatype>
<dataTypePrecision>6</dataTypePrecision>
<dataTypeScale>2</dataTypeScale>
</Attribute>
<Attribute name="Daily Rental Rate" id="BBE9EEB1-2A1F-3F14-876B-F3A3305EB67D">
<createdBy>oracle</createdBy>
<createdTime>2009-12-08 15:01:47 UTC</createdTime>
<ownerDesignName>sol_15_02</ownerDesignName>
<engineerTo>
<item key="8AE5E53E-8372-8DFA-5DED-F0FF639897E2" value="true"/>
</engineerTo>
<nullsAllowed>true</nullsAllowed>
<useDomainConstraints>false</useDomainConstraints>
<use>1</use>
<logicalDatatype>LOGDT043</logicalDatatype>
<dataTypePrecision>6</dataTypePrecision>
<dataTypeScale>2</dataTypeScale>
</Attribute>
<Attribute name="Rate Per Mile" id="6248BE64-1C71-7CB4-06E6-75B2E04F5061">
<createdBy>oracle</createdBy>
<createdTime>2009-12-08 15:01:56 UTC</createdTime>
<ownerDesignName>sol_15_02</ownerDesignName>
<engineerTo>
<item key="8AE5E53E-8372-8DFA-5DED-F0FF639897E2" value="true"/>
</engineerTo>
<nullsAllowed>true</nullsAllowed>
<useDomainConstraints>false</useDomainConstraints>
<use>1</use>
<logicalDatatype>LOGDT043</logicalDatatype>
<dataTypePrecision>6</dataTypePrecision>
<dataTypeScale>2</dataTypeScale>
</Attribute>
<Attribute name="Driver&apos;s License State" id="CADCCB54-2CDD-2FDE-F720-E0DED704FDF9">
<createdBy>oracle</createdBy>
<createdTime>2009-12-08 15:10:34 UTC</createdTime>
<generatorID>B033FD23-40C4-F370-05A9-6D4B424C872C</generatorID>
<ownerDesignName>sol_15_02</ownerDesignName>
<engineerTo>
<item key="8AE5E53E-8372-8DFA-5DED-F0FF639897E2" value="true"/>
</engineerTo>
<referedAttribute>4728DBDB-06DB-0E3E-26FA-2BC50E76F350</referedAttribute>
<useDomainConstraints>false</useDomainConstraints>
<use>1</use>
<logicalDatatype>LOGDT025</logicalDatatype>
<dataTypeSize>2</dataTypeSize>
</Attribute>
<Attribute name="Driver&apos;s License Number" id="607DDDF2-05EF-9BBE-F04F-17ABAE51F2C0">
<createdBy>oracle</createdBy>
<createdTime>2009-12-08 15:10:34 UTC</createdTime>
<generatorID>B033FD23-40C4-F370-05A9-6D4B424C872C</generatorID>
<ownerDesignName>sol_15_02</ownerDesignName>
<engineerTo>
<item key="8AE5E53E-8372-8DFA-5DED-F0FF639897E2" value="true"/>
</engineerTo>
<referedAttribute>6324E3F8-5842-B98B-0E7C-950D4497DD00</referedAttribute>
<use>0</use>
<logicalDatatype>LOGDT019</logicalDatatype>
<domain>B8552587-2E6A-CB3F-7721-F45E81EA16F6</domain>
</Attribute>
<Attribute name="Number1" id="8D11A8B4-5239-7C27-62FF-45D98412E314">
<createdBy>oracle</createdBy>
<createdTime>2009-12-08 15:10:39 UTC</createdTime>
<generatorID>697E6E88-1486-04C2-7FC3-5ED24808A00A</generatorID>
<ownerDesignName>sol_15_02</ownerDesignName>
<engineerTo>
<item key="8AE5E53E-8372-8DFA-5DED-F0FF639897E2" value="true"/>
</engineerTo>
<referedAttribute>81382F82-F78B-3990-A237-48603EF7BAC1</referedAttribute>
<use>0</use>
<logicalDatatype>LOGDT019</logicalDatatype>
<domain>B8552587-2E6A-CB3F-7721-F45E81EA16F6</domain>
</Attribute>
<Attribute name="ID" id="F68B266B-C0D1-4B74-BB57-DC3E5940E8DA">
<createdBy>oracle</createdBy>
<createdTime>2009-12-08 15:10:47 UTC</createdTime>
<generatorID>707796A2-A169-1D04-9F63-F3556BF55946</generatorID>
<ownerDesignName>sol_15_02</ownerDesignName>
<engineerTo>
<item key="8AE5E53E-8372-8DFA-5DED-F0FF639897E2" value="true"/>
</engineerTo>
<referedAttribute>E6D1A456-1996-F2D9-5F3F-84388A65DA5C</referedAttribute>
<use>0</use>
<logicalDatatype>LOGDT019</logicalDatatype>
<domain>B8552587-2E6A-CB3F-7721-F45E81EA16F6</domain>
</Attribute>
<Attribute name="Number3" id="75387050-82BE-3C91-454D-0923CD5BC0AB">
<createdBy>oracle</createdBy>
<createdTime>2009-12-08 15:11:14 UTC</createdTime>
<generatorID>388D7135-077E-6B40-CC37-AFF29E6107C0</generatorID>
<ownerDesignName>sol_15_02</ownerDesignName>
<engineerTo>
<item key="8AE5E53E-8372-8DFA-5DED-F0FF639897E2" value="true"/>
</engineerTo>
<referedAttribute>09D8D2EA-9604-4341-38C9-14828063E15C</referedAttribute>
<use>0</use>
<logicalDatatype>LOGDT019</logicalDatatype>
<domain>B8552587-2E6A-CB3F-7721-F45E81EA16F6</domain>
</Attribute>
</attributes>
<identifiers itemClass="oracle.dbtools.crest.model.design.logical.CandidateKey">
<identifier id="A826E590-D8ED-3F0C-A70E-6EB007412047" name="Rental Agreement_PK">
<createdBy>oracle</createdBy>
<createdTime>2009-12-08 15:02:14 UTC</createdTime>
<ownerDesignName>sol_15_02</ownerDesignName>
<engineerTo>
<item key="8AE5E53E-8372-8DFA-5DED-F0FF639897E2" value="true"/>
</engineerTo>
<pk>true</pk>
<usedAttributes>
<attributeRef>3CC14072-E778-EF84-3285-FAEFD17CEFCE</attributeRef>
</usedAttributes>
</identifier>
</identifiers>
</Entity>