<?xml version = '1.0' encoding = 'UTF-8'?>
<Entity class="oracle.dbtools.crest.model.design.logical.Entity" directorySegmentName="seg_0" id="4F68BFCA-83AF-4B32-7E00-772B5271C090" name="Truck">
<createdBy>oracle</createdBy>
<createdTime>2009-12-08 15:04:57 UTC</createdTime>
<ownerDesignName>sol_15_02</ownerDesignName>
<engineerTo>
<item key="8AE5E53E-8372-8DFA-5DED-F0FF639897E2" value="true"/>
</engineerTo>
<adequatelyNormalized>NO</adequatelyNormalized>
<expectedVolumes>0</expectedVolumes>
<fwdEngineeringStrategyName>Single Table</fwdEngineeringStrategyName>
<growthPercent>0</growthPercent>
<growthType>Year</growthType>
<hierarchicalParent>E6958574-63BB-DAAB-B042-CB0F42D6833A</hierarchicalParent>
<maxVolumes>9999999</maxVolumes>
<minVolumes>0</minVolumes>
<normalForm>Third</normalForm>
<attributes itemClass="oracle.dbtools.crest.model.design.logical.Attribute">
<Attribute name="Current Odometer Reading" id="430630C9-F72F-6E85-1FE6-BEA1AC7C87D2">
<createdBy>oracle</createdBy>
<createdTime>2009-12-08 15:05:07 UTC</createdTime>
<ownerDesignName>sol_15_02</ownerDesignName>
<engineerTo>
<item key="8AE5E53E-8372-8DFA-5DED-F0FF639897E2" value="true"/>
</engineerTo>
<nullsAllowed>true</nullsAllowed>
<useDomainConstraints>false</useDomainConstraints>
<use>1</use>
<logicalDatatype>LOGDT019</logicalDatatype>
<dataTypePrecision>10</dataTypePrecision>
<dataTypeScale>0</dataTypeScale>
</Attribute>
<Attribute name="Working Radio" id="A7786A72-F3FA-D4A2-D31D-EEC80A9B1546">
<createdBy>oracle</createdBy>
<createdTime>2009-12-08 15:05:15 UTC</createdTime>
<ownerDesignName>sol_15_02</ownerDesignName>
<engineerTo>
<item key="8AE5E53E-8372-8DFA-5DED-F0FF639897E2" value="true"/>
</engineerTo>
<nullsAllowed>true</nullsAllowed>
<useDomainConstraints>false</useDomainConstraints>
<use>1</use>
<logicalDatatype>LOGDT024</logicalDatatype>
<dataTypeSize>3</dataTypeSize>
</Attribute>
<Attribute name="Gas Tank Capacity" id="8D3CAF11-0429-C20A-7DC4-9F3E9895A880">
<createdBy>oracle</createdBy>
<createdTime>2009-12-08 15:05:21 UTC</createdTime>
<ownerDesignName>sol_15_02</ownerDesignName>
<engineerTo>
<item key="8AE5E53E-8372-8DFA-5DED-F0FF639897E2" value="true"/>
</engineerTo>
<nullsAllowed>true</nullsAllowed>
<useDomainConstraints>false</useDomainConstraints>
<use>1</use>
<logicalDatatype>LOGDT019</logicalDatatype>
<dataTypePrecision>10</dataTypePrecision>
<dataTypeScale>0</dataTypeScale>
</Attribute>
</attributes>
</Entity>