<?xml version = '1.0' encoding = 'UTF-8'?>
<FKIndexAssociation class="oracle.dbtools.crest.model.design.relational.FKIndexAssociation" directorySegmentName="seg_0" id="15DC9EF1-C467-AD4E-E645-23B0E8DFF52A" name="INVENTORIES_WAREHOUSES_FK">
<createdBy>Administrator</createdBy>
<createdTime>2009-06-20 11:25:56 UTC</createdTime>
<ownerDesignName>OE_Sample</ownerDesignName>
<containerWithKeyObject>3971E065-E62E-67CC-CCFF-C894132F1D64</containerWithKeyObject>
<deleteRule>NO ACTION</deleteRule>
<localFKIndex>373D98A9-3150-D877-7D04-9F10383099F6</localFKIndex>
<keyObject>C54216B7-83BA-ED06-5AA9-42154EFE2127</keyObject>
<mandatory>true</mandatory>
<transferable>true</transferable>
<columnDependencyConstraintGenerateInDDL>true</columnDependencyConstraintGenerateInDDL>
</FKIndexAssociation>