<?xml version = '1.0' encoding = 'UTF-8'?>
<FKIndexAssociation class="oracle.dbtools.crest.model.design.relational.FKIndexAssociation" directorySegmentName="seg_0" id="2827F084-E7D2-4036-3797-010255A11868" name="ORDERS_CUSTOMER_ID_FK">
<createdBy>Administrator</createdBy>
<createdTime>2009-06-20 11:25:56 UTC</createdTime>
<ownerDesignName>OE_Sample</ownerDesignName>
<containerWithKeyObject>A70EC580-C328-E52D-CA16-FDB8D77BA7D7</containerWithKeyObject>
<deleteRule>NO ACTION</deleteRule>
<localFKIndex>FB4D5F18-87E8-8D94-8F08-A397FC03EEAC</localFKIndex>
<keyObject>2F5EFDD6-CCA4-9454-0A22-96179B051C4A</keyObject>
<mandatory>true</mandatory>
<transferable>true</transferable>
<columnDependencyConstraintGenerateInDDL>true</columnDependencyConstraintGenerateInDDL>
</FKIndexAssociation>