<?xml version = '1.0' encoding = 'UTF-8'?>
<FKIndexAssociation class="oracle.dbtools.crest.model.design.relational.FKIndexAssociation" directorySegmentName="seg_0" id="453C89CE-584D-36BD-FABB-8646C66944F6" name="ORDER_ITEMS_PRODUCT_ID_FK">
<createdBy>Administrator</createdBy>
<createdTime>2009-06-20 11:25:56 UTC</createdTime>
<ownerDesignName>OE_Sample</ownerDesignName>
<containerWithKeyObject>401325D6-D30A-4241-B81D-AF54654F75DC</containerWithKeyObject>
<deleteRule>NO ACTION</deleteRule>
<localFKIndex>296629A6-F98C-7938-04F8-8A11ED12B5B8</localFKIndex>
<keyObject>3B9194DB-8A03-689A-9565-576735FC5B3B</keyObject>
<mandatory>true</mandatory>
<transferable>true</transferable>
<columnDependencyConstraintGenerateInDDL>true</columnDependencyConstraintGenerateInDDL>
</FKIndexAssociation>