<?xml version = '1.0' encoding = 'UTF-8'?>
<FKIndexAssociation class="oracle.dbtools.crest.model.design.relational.FKIndexAssociation" directorySegmentName="seg_0" id="1072E05F-4F48-1AB5-FAAA-AC9746E678FC" name="EMP_MANAGER_FK">
<createdBy>oracle</createdBy>
<createdTime>2009-12-18 15:30:39 UTC</createdTime>
<ownerDesignName>hr_schema</ownerDesignName>
<containerWithKeyObject>DC6A08B0-832F-B2FC-69CA-0F7B4160D912</containerWithKeyObject>
<deleteRule>NO ACTION</deleteRule>
<localFKIndex>A3287B4F-8681-02E8-5BB4-6743643B09FD</localFKIndex>
<keyObject>A8096854-4BF3-53AC-BF1B-9C53C6C5F9BC</keyObject>
<mandatory>false</mandatory>
<transferable>true</transferable>
<columnDependencyConstraintGenerateInDDL>true</columnDependencyConstraintGenerateInDDL>
</FKIndexAssociation>