<?xml version = '1.0' encoding = 'UTF-8'?>
<FKIndexAssociation class="oracle.dbtools.crest.model.design.relational.FKIndexAssociation" directorySegmentName="seg_0" id="10BD333C-B9A9-44A4-481B-F7E2234C81BA" name="EMP_JOB_FK">
<createdBy>oracle</createdBy>
<createdTime>2009-12-18 15:30:39 UTC</createdTime>
<ownerDesignName>hr_schema</ownerDesignName>
<containerWithKeyObject>DC6A08B0-832F-B2FC-69CA-0F7B4160D912</containerWithKeyObject>
<deleteRule>NO ACTION</deleteRule>
<localFKIndex>388DF15C-EE31-4690-4E00-D690A58D9F75</localFKIndex>
<keyObject>F6DDA131-761A-18E1-26C3-C8A517678DD2</keyObject>
<mandatory>true</mandatory>
<transferable>true</transferable>
<columnDependencyConstraintGenerateInDDL>true</columnDependencyConstraintGenerateInDDL>
</FKIndexAssociation>