<?xml version = '1.0' encoding = 'UTF-8'?>
<FKIndexAssociation class="oracle.dbtools.crest.model.design.relational.FKIndexAssociation" directorySegmentName="seg_0" id="3E0C88FA-696D-CDA5-B552-2F24E238C66F" name="JHIST_EMP_FK">
<createdBy>oracle</createdBy>
<createdTime>2009-12-18 15:30:39 UTC</createdTime>
<ownerDesignName>hr_schema</ownerDesignName>
<containerWithKeyObject>6F2BC1A4-E6A1-0FFC-1DF5-E47419565A76</containerWithKeyObject>
<deleteRule>NO ACTION</deleteRule>
<localFKIndex>55A07436-6557-6FED-695D-C0C68727B0E0</localFKIndex>
<keyObject>A8096854-4BF3-53AC-BF1B-9C53C6C5F9BC</keyObject>
<mandatory>true</mandatory>
<transferable>true</transferable>
<columnDependencyConstraintGenerateInDDL>true</columnDependencyConstraintGenerateInDDL>
</FKIndexAssociation>