<?xml version = '1.0' encoding = 'UTF-8'?>
<FKIndexAssociation class="oracle.dbtools.crest.model.design.relational.FKIndexAssociation" directorySegmentName="seg_0" id="47F54D76-1DCC-F612-E810-E55D4879E47B" name="DEPT_MGR_FK">
<createdBy>oracle</createdBy>
<createdTime>2009-12-18 15:30:39 UTC</createdTime>
<ownerDesignName>hr_schema</ownerDesignName>
<containerWithKeyObject>2168CBE7-8512-43AF-48C7-517B0CF601DA</containerWithKeyObject>
<deleteRule>NO ACTION</deleteRule>
<localFKIndex>2D54AC08-F2AF-0402-E766-010460B96295</localFKIndex>
<keyObject>A8096854-4BF3-53AC-BF1B-9C53C6C5F9BC</keyObject>
<mandatory>false</mandatory>
<transferable>true</transferable>
<columnDependencyConstraintGenerateInDDL>true</columnDependencyConstraintGenerateInDDL>
</FKIndexAssociation>