<?xml version = '1.0' encoding = 'UTF-8'?>
<FKIndexAssociation class="oracle.dbtools.crest.model.design.relational.FKIndexAssociation" directorySegmentName="seg_0" id="7800CE7E-104D-0494-6732-2119D4932CAB" name="COUNTR_REG_FK">
<createdBy>oracle</createdBy>
<createdTime>2009-12-18 15:30:39 UTC</createdTime>
<ownerDesignName>hr_schema</ownerDesignName>
<containerWithKeyObject>10A86985-48EC-C6B3-8CD5-71A664C51682</containerWithKeyObject>
<deleteRule>NO ACTION</deleteRule>
<localFKIndex>5294AC31-53EF-FBA1-32E2-6EB0B70D7C03</localFKIndex>
<keyObject>A41463F1-0BA4-A06E-DECE-A6CFA91C371C</keyObject>
<mandatory>false</mandatory>
<transferable>true</transferable>
<columnDependencyConstraintGenerateInDDL>true</columnDependencyConstraintGenerateInDDL>
</FKIndexAssociation>