<?xml version = '1.0' encoding = 'UTF-8'?>
<FKIndexAssociation class="oracle.dbtools.crest.model.design.relational.FKIndexAssociation" directorySegmentName="seg_0" id="910112C4-8177-66BB-C8E0-115E8BCBB3A2" name="LOC_C_ID_FK">
<createdBy>oracle</createdBy>
<createdTime>2009-12-18 15:30:39 UTC</createdTime>
<ownerDesignName>hr_schema</ownerDesignName>
<containerWithKeyObject>F59CED9A-4D43-AE7B-1C14-3B7E3B448C59</containerWithKeyObject>
<deleteRule>NO ACTION</deleteRule>
<localFKIndex>DC513F8E-F4A5-5530-1161-FE19422ACE44</localFKIndex>
<keyObject>6B2D0E8C-C3D3-740D-9220-5B43390A1500</keyObject>
<mandatory>false</mandatory>
<transferable>true</transferable>
<columnDependencyConstraintGenerateInDDL>true</columnDependencyConstraintGenerateInDDL>
</FKIndexAssociation>