<?xml version = '1.0' encoding = 'UTF-8'?>
<FKIndexAssociation class="oracle.dbtools.crest.model.design.relational.FKIndexAssociation" directorySegmentName="seg_0" id="940CD603-AE77-DC89-F33B-44CCF3FCC2F2" name="DEPT_LOC_FK">
<createdBy>oracle</createdBy>
<createdTime>2009-12-18 15:30:39 UTC</createdTime>
<ownerDesignName>hr_schema</ownerDesignName>
<containerWithKeyObject>2168CBE7-8512-43AF-48C7-517B0CF601DA</containerWithKeyObject>
<deleteRule>NO ACTION</deleteRule>
<localFKIndex>509E07CC-69FA-99FA-7608-65CC8514023F</localFKIndex>
<keyObject>83E3CA90-5BDF-B278-0368-31D060941A48</keyObject>
<mandatory>false</mandatory>
<transferable>true</transferable>
<columnDependencyConstraintGenerateInDDL>true</columnDependencyConstraintGenerateInDDL>
</FKIndexAssociation>