<?xml version = '1.0' encoding = 'UTF-8'?>
<FKIndexAssociation class="oracle.dbtools.crest.model.design.relational.FKIndexAssociation" directorySegmentName="seg_0" id="CB30C348-DA8B-C860-0E10-B2A890A29689" name="JHIST_JOB_FK">
<createdBy>oracle</createdBy>
<createdTime>2009-12-18 15:30:39 UTC</createdTime>
<ownerDesignName>hr_schema</ownerDesignName>
<containerWithKeyObject>6F2BC1A4-E6A1-0FFC-1DF5-E47419565A76</containerWithKeyObject>
<deleteRule>NO ACTION</deleteRule>
<localFKIndex>0B173A7F-CE4B-8F19-0B6A-73F8856181DB</localFKIndex>
<keyObject>F6DDA131-761A-18E1-26C3-C8A517678DD2</keyObject>
<mandatory>true</mandatory>
<transferable>true</transferable>
<columnDependencyConstraintGenerateInDDL>true</columnDependencyConstraintGenerateInDDL>
</FKIndexAssociation>