<?xml version = '1.0' encoding = 'UTF-8'?>
<FKIndexAssociation class="oracle.dbtools.crest.model.design.relational.FKIndexAssociation" directorySegmentName="seg_0" id="CEF4A7D2-F22D-E9B7-35C1-EB7EA7AF43B7" name="EMP_DEPT_FK">
<createdBy>oracle</createdBy>
<createdTime>2009-12-18 15:30:39 UTC</createdTime>
<ownerDesignName>hr_schema</ownerDesignName>
<containerWithKeyObject>DC6A08B0-832F-B2FC-69CA-0F7B4160D912</containerWithKeyObject>
<deleteRule>NO ACTION</deleteRule>
<localFKIndex>5C8145EE-630A-CCC0-5F6A-0A0B30C7D15D</localFKIndex>
<keyObject>943B23A4-CA22-86F8-106B-3A0394BA0076</keyObject>
<mandatory>false</mandatory>
<transferable>true</transferable>
<columnDependencyConstraintGenerateInDDL>true</columnDependencyConstraintGenerateInDDL>
</FKIndexAssociation>