<?xml version = '1.0' encoding = 'UTF-8'?>
<FKIndexAssociation class="oracle.dbtools.crest.model.design.relational.FKIndexAssociation" directorySegmentName="seg_0" id="CF9EF2A9-5A02-9D52-FD5F-C1EF375D9777" name="JHIST_DEPT_FK">
<createdBy>oracle</createdBy>
<createdTime>2009-12-18 15:30:39 UTC</createdTime>
<ownerDesignName>hr_schema</ownerDesignName>
<containerWithKeyObject>6F2BC1A4-E6A1-0FFC-1DF5-E47419565A76</containerWithKeyObject>
<deleteRule>NO ACTION</deleteRule>
<localFKIndex>9FB1A3F8-FEC9-DC6F-C2AE-5E245D9EB139</localFKIndex>
<keyObject>943B23A4-CA22-86F8-106B-3A0394BA0076</keyObject>
<mandatory>false</mandatory>
<transferable>true</transferable>
<columnDependencyConstraintGenerateInDDL>true</columnDependencyConstraintGenerateInDDL>
</FKIndexAssociation>