<?xml version = '1.0' encoding = 'UTF-8'?>
<Diagram class="oracle.dbtools.crest.swingui.logical.DPVLogical" name="Logical" id="DF5B35BF-DB79-76F5-6DC2-43B7D7A5D5A3">
<createdBy>oracle</createdBy>
<modifiedBy>harib</modifiedBy>
<createdTime>2009-12-18 15:29:36 UTC</createdTime>
<autoRoute>false</autoRoute>
<boxInbox>true</boxInbox>
<showLegend>false</showLegend>
<showLabels>false</showLabels>
<showRelAttributes>false</showRelAttributes>
<gridEnabled>false</gridEnabled>
<showGrid>false</showGrid>
<diagramColor>-1</diagramColor>
<display>false</display>
<notation>1</notation>
<objectViews>
<OView class="oracle.dbtools.crest.swingui.logical.TVEntity" oid="22236565-866C-05A7-1E30-78E0B221ADD4" otype="Entity" vid="A372507D-A258-5696-61D6-6F1FCCD79A02">
<hideElementsInCurrentOnly>false</hideElementsInCurrentOnly>
<bounds x="386" y="20" width="286" height="99"/>
</OView>
<OView class="oracle.dbtools.crest.swingui.logical.TVEntity" oid="733F0DD8-A4C7-9531-03B0-27ABC743C8F7" otype="Entity" vid="ECF7B413-1BFC-33E5-3FEF-ECD17070ACAF">
<hideElementsInCurrentOnly>false</hideElementsInCurrentOnly>
<bounds x="20" y="235" width="286" height="113"/>
</OView>
<OView class="oracle.dbtools.crest.swingui.logical.TVEntity" oid="A7C014D6-E675-410D-EC5C-47914127EC31" otype="Entity" vid="D10F91B3-CA83-7988-5A71-3A61A48F14BD">
<hideElementsInCurrentOnly>false</hideElementsInCurrentOnly>
<bounds x="523" y="254" width="286" height="267"/>
</OView>
<OView class="oracle.dbtools.crest.swingui.logical.TVEntity" oid="C7519E83-906B-AF83-C245-C154947942DA" otype="Entity" vid="DB58E6B3-D9D8-D8D8-8A8C-183686FD803F">
<hideElementsInCurrentOnly>false</hideElementsInCurrentOnly>
<bounds x="21" y="408" width="286" height="169"/>
</OView>
<OView class="oracle.dbtools.crest.swingui.logical.TVEntity" oid="DA72A447-6004-775D-D7FF-5CC5EEF182BC" otype="Entity" vid="FA6511EA-8FBA-8645-E7D0-B40C523BA531">
<hideElementsInCurrentOnly>false</hideElementsInCurrentOnly>
<bounds x="21" y="782" width="286" height="71"/>
</OView>
<OView class="oracle.dbtools.crest.swingui.logical.TVEntity" oid="E451501F-DAD8-58E6-2072-50AE115E9BE7" otype="Entity" vid="95D62DA2-FD16-06BF-4840-766915E35690">
<hideElementsInCurrentOnly>false</hideElementsInCurrentOnly>
<bounds x="20" y="20" width="286" height="155"/>
</OView>
<OView class="oracle.dbtools.crest.swingui.logical.TVEntity" oid="F81DBBF0-BF8F-CCA6-0DCA-EF3F93E7ABF8" otype="Entity" vid="F8122231-7476-1577-EA68-FDD940162369">
<hideElementsInCurrentOnly>false</hideElementsInCurrentOnly>
<bounds x="21" y="637" width="286" height="85"/>
</OView>
</objectViews>
<connectors>
<Connector class="oracle.dbtools.crest.swingui.logical.TVRelation" oid="24433A89-1005-330D-7920-F9F296C91A8C" otype="Relation" vid_source="A372507D-A258-5696-61D6-6F1FCCD79A02" vid_target="D10F91B3-CA83-7988-5A71-3A61A48F14BD">
<hideElementsInCurrentOnly>false</hideElementsInCurrentOnly>
<backgroundColor>-16777216</backgroundColor>
<lineWidth>1</lineWidth>
<points>
<point x="597" y="119"/>
<point x="597" y="254"/>
</points>
</Connector>
<Connector class="oracle.dbtools.crest.swingui.logical.TVRelation" oid="63E051E8-20E0-90D2-DA7D-B76EA0221343" otype="Relation" vid_source="F8122231-7476-1577-EA68-FDD940162369" vid_target="DB58E6B3-D9D8-D8D8-8A8C-183686FD803F">
<hideElementsInCurrentOnly>false</hideElementsInCurrentOnly>
<backgroundColor>-16777216</backgroundColor>
<lineWidth>1</lineWidth>
<points>
<point x="174" y="637"/>
<point x="174" y="577"/>
</points>
</Connector>
<Connector class="oracle.dbtools.crest.swingui.logical.TVRelation" oid="66A6B6AA-641B-4B7D-B39A-D6606F143C3D" otype="Relation" vid_source="D10F91B3-CA83-7988-5A71-3A61A48F14BD" vid_target="ECF7B413-1BFC-33E5-3FEF-ECD17070ACAF">
<hideElementsInCurrentOnly>false</hideElementsInCurrentOnly>
<backgroundColor>-16777216</backgroundColor>
<lineWidth>1</lineWidth>
<points>
<point x="523" y="286"/>
<point x="306" y="286"/>
</points>
</Connector>
<Connector class="oracle.dbtools.crest.swingui.logical.TVRelation" oid="78B30ABF-DAD7-EC1F-4942-86EAA77020F4" otype="Relation" vid_source="ECF7B413-1BFC-33E5-3FEF-ECD17070ACAF" vid_target="D10F91B3-CA83-7988-5A71-3A61A48F14BD">
<hideElementsInCurrentOnly>false</hideElementsInCurrentOnly>
<backgroundColor>-16777216</backgroundColor>
<lineWidth>1</lineWidth>
<points>
<point x="306" y="331"/>
<point x="523" y="331"/>
</points>
</Connector>
<Connector class="oracle.dbtools.crest.swingui.logical.TVRelation" oid="9C69C71D-2C03-A3D7-6072-4071A4F3449B" otype="Relation" vid_source="DB58E6B3-D9D8-D8D8-8A8C-183686FD803F" vid_target="ECF7B413-1BFC-33E5-3FEF-ECD17070ACAF">
<hideElementsInCurrentOnly>false</hideElementsInCurrentOnly>
<backgroundColor>-16777216</backgroundColor>
<lineWidth>1</lineWidth>
<points>
<point x="173" y="408"/>
<point x="173" y="348"/>
</points>
</Connector>
<Connector class="oracle.dbtools.crest.swingui.logical.TVRelation" oid="A36CB548-A872-C7D1-BFFA-A1BCE871EF18" otype="Relation" vid_source="D10F91B3-CA83-7988-5A71-3A61A48F14BD" vid_target="95D62DA2-FD16-06BF-4840-766915E35690">
<hideElementsInCurrentOnly>false</hideElementsInCurrentOnly>
<backgroundColor>-16777216</backgroundColor>
<lineWidth>1</lineWidth>
<points>
<point x="523" y="305"/>
<point x="297" y="175"/>
</points>
</Connector>
<Connector class="oracle.dbtools.crest.swingui.logical.TVRelation" oid="AC152A6F-D566-FB81-042D-5D55715B1447" otype="Relation" vid_source="A372507D-A258-5696-61D6-6F1FCCD79A02" vid_target="95D62DA2-FD16-06BF-4840-766915E35690">
<hideElementsInCurrentOnly>false</hideElementsInCurrentOnly>
<backgroundColor>-16777216</backgroundColor>
<lineWidth>1</lineWidth>
<points>
<point x="386" y="79"/>
<point x="306" y="79"/>
</points>
</Connector>
<Connector class="oracle.dbtools.crest.swingui.logical.TVRelation" oid="BFA6AFB7-02A0-4B3B-AE02-5569E1E7CE8D" otype="Relation" vid_source="D10F91B3-CA83-7988-5A71-3A61A48F14BD" vid_target="D10F91B3-CA83-7988-5A71-3A61A48F14BD">
<hideElementsInCurrentOnly>false</hideElementsInCurrentOnly>
<backgroundColor>-16777216</backgroundColor>
<lineWidth>1</lineWidth>
<points>
<point x="809" y="387"/>
<point x="824" y="387"/>
<point x="824" y="536"/>
<point x="666" y="536"/>
<point x="666" y="521"/>
</points>
</Connector>
<Connector class="oracle.dbtools.crest.swingui.logical.TVRelation" oid="CF59EF92-8C52-2844-6AD8-F19E578BD87C" otype="Relation" vid_source="ECF7B413-1BFC-33E5-3FEF-ECD17070ACAF" vid_target="95D62DA2-FD16-06BF-4840-766915E35690">
<hideElementsInCurrentOnly>false</hideElementsInCurrentOnly>
<backgroundColor>-16777216</backgroundColor>
<lineWidth>1</lineWidth>
<points>
<point x="173" y="235"/>
<point x="173" y="175"/>
</points>
</Connector>
<Connector class="oracle.dbtools.crest.swingui.logical.TVRelation" oid="E17E6BEA-6065-3F68-3FBF-F818E7D2727A" otype="Relation" vid_source="FA6511EA-8FBA-8645-E7D0-B40C523BA531" vid_target="F8122231-7476-1577-EA68-FDD940162369">
<hideElementsInCurrentOnly>false</hideElementsInCurrentOnly>
<backgroundColor>-16777216</backgroundColor>
<lineWidth>1</lineWidth>
<points>
<point x="174" y="782"/>
<point x="174" y="722"/>
</points>
</Connector>
</connectors>
</Diagram>