<?xml version = '1.0' encoding = 'UTF-8'?>
<Relation class="oracle.dbtools.crest.model.design.logical.Relation" name="Relation_4" directorySegmentName="seg_0" id="707796A2-A169-1D04-9F63-F3556BF55946">
<createdBy>oracle</createdBy>
<createdTime>2009-12-08 15:10:47 UTC</createdTime>
<ownerDesignName>sol_15_02</ownerDesignName>
<engineerTo>
<item key="8AE5E53E-8372-8DFA-5DED-F0FF639897E2" value="true"/>
</engineerTo>
<sourcePk>63D63A53-0489-4865-A8DD-9BF2D8B4BDBE</sourcePk>
<identifying>false</identifying>
<nameOnSource>included in</nameOnSource>
<nameOnTarget>contains</nameOnTarget>
<optionalSource>true</optionalSource>
<optionalTarget>false</optionalTarget>
<sourceCardinality>1</sourceCardinality>
<sourceEntity>E6958574-63BB-DAAB-B042-CB0F42D6833A</sourceEntity>
<targetCardinalityString>*</targetCardinalityString>
<targetEntity>143FEAB2-F549-4D0D-864A-9CE4A2BB05F7</targetEntity>
<transferable>true</transferable>
</Relation>