<?xml version = '1.0' encoding = 'UTF-8'?>
<Relation class="oracle.dbtools.crest.model.design.logical.Relation" name="Relation_2" directorySegmentName="seg_0" id="B033FD23-40C4-F370-05A9-6D4B424C872C">
<createdBy>oracle</createdBy>
<createdTime>2009-12-08 15:10:34 UTC</createdTime>
<ownerDesignName>sol_15_02</ownerDesignName>
<engineerTo>
<item key="8AE5E53E-8372-8DFA-5DED-F0FF639897E2" value="true"/>
</engineerTo>
<sourcePk>5680CFA0-1AF9-8DC2-AD5C-7376B09BDFAC</sourcePk>
<arc>7CBC4CB6-EFCD-D0DB-C01E-C65D79B752AD</arc>
<identifying>false</identifying>
<nameOnSource>be involved with</nameOnSource>
<nameOnTarget>associated with</nameOnTarget>
<optionalSource>true</optionalSource>
<optionalTarget>false</optionalTarget>
<sourceCardinality>1</sourceCardinality>
<sourceEntity>41607443-C885-2325-E292-9BE4E01B1838</sourceEntity>
<targetCardinalityString>*</targetCardinalityString>
<targetEntity>143FEAB2-F549-4D0D-864A-9CE4A2BB05F7</targetEntity>
<transferable>true</transferable>
</Relation>