<?xml version = '1.0' encoding = 'UTF-8'?>
<Table class="oracle.dbtools.crest.model.design.relational.Table" directorySegmentName="seg_0" id="18784517-E8F6-3735-1798-0297E6BF25CC" name="Rental_Agreement">
<createdBy>oracle</createdBy>
<createdTime>2014-02-14 01:22:15 UTC</createdTime>
<generatorID>143FEAB2-F549-4D0D-864A-9CE4A2BB05F7</generatorID>
<ownerDesignName>sol_17_01</ownerDesignName>
<allowColumnReorder>false</allowColumnReorder>
<existDependencyGenerateInDDl>true</existDependencyGenerateInDDl>
<columns itemClass="oracle.dbtools.crest.model.design.relational.Column">
<Column name="Number" id="5D86612E-00C9-40A6-6569-70CF0ADF4ED9">
<createdBy>oracle</createdBy>
<createdTime>2014-02-14 01:22:15 UTC</createdTime>
<generatorID>3CC14072-E778-EF84-3285-FAEFD17CEFCE</generatorID>
<ownerDesignName>sol_17_01</ownerDesignName>
<use>0</use>
<logicalDatatype>LOGDT019</logicalDatatype>
<domain>B8552587-2E6A-CB3F-7721-F45E81EA16F6</domain>
<autoIncrementCycle>false</autoIncrementCycle>
</Column>
<Column name="Date_of_Rental" id="F378B0D3-2E64-2ECB-5A15-D9E18C29579C">
<createdBy>oracle</createdBy>
<createdTime>2014-02-14 01:22:15 UTC</createdTime>
<generatorID>4841135A-EAB7-771B-22F4-E443CAA1F2C0</generatorID>
<ownerDesignName>sol_17_01</ownerDesignName>
<nullsAllowed>true</nullsAllowed>
<useDomainConstraints>false</useDomainConstraints>
<use>1</use>
<logicalDatatype>LOGDT007</logicalDatatype>
<autoIncrementCycle>false</autoIncrementCycle>
</Column>
<Column name="Duration" id="4D9D2A0D-2F55-91F7-5AE1-B8148DB9CDAB">
<createdBy>oracle</createdBy>
<createdTime>2014-02-14 01:22:15 UTC</createdTime>
<generatorID>08F91B4D-B625-6045-163D-B70720326A29</generatorID>
<ownerDesignName>sol_17_01</ownerDesignName>
<nullsAllowed>true</nullsAllowed>
<useDomainConstraints>false</useDomainConstraints>
<use>1</use>
<logicalDatatype>LOGDT024</logicalDatatype>
<dataTypeSize>5</dataTypeSize>
<autoIncrementCycle>false</autoIncrementCycle>
</Column>
<Column name="Date_of_Return" id="EEA6B799-D385-C893-37F5-10EEACF64FFD">
<createdBy>oracle</createdBy>
<createdTime>2014-02-14 01:22:15 UTC</createdTime>
<generatorID>3A41A333-21AD-AE72-850F-8A28A3717C1D</generatorID>
<ownerDesignName>sol_17_01</ownerDesignName>
<nullsAllowed>true</nullsAllowed>
<useDomainConstraints>false</useDomainConstraints>
<use>1</use>
<logicalDatatype>LOGDT007</logicalDatatype>
<autoIncrementCycle>false</autoIncrementCycle>
</Column>
<Column name="Deposit_Paid" id="A47C6F20-6965-2111-7342-19CF8A0FA6CC">
<createdBy>oracle</createdBy>
<createdTime>2014-02-14 01:22:15 UTC</createdTime>
<generatorID>0E4550CC-1B41-BBC0-1C87-A44E79D5323F</generatorID>
<ownerDesignName>sol_17_01</ownerDesignName>
<nullsAllowed>true</nullsAllowed>
<useDomainConstraints>false</useDomainConstraints>
<use>1</use>
<logicalDatatype>LOGDT043</logicalDatatype>
<dataTypePrecision>6</dataTypePrecision>
<dataTypeScale>2</dataTypeScale>
<autoIncrementCycle>false</autoIncrementCycle>
</Column>
<Column name="Daily_Rental_Rate" id="E6AEB93F-7C5D-A352-7DA0-1EE138AB0F3D">
<createdBy>oracle</createdBy>
<createdTime>2014-02-14 01:22:15 UTC</createdTime>
<generatorID>BBE9EEB1-2A1F-3F14-876B-F3A3305EB67D</generatorID>
<ownerDesignName>sol_17_01</ownerDesignName>
<nullsAllowed>true</nullsAllowed>
<useDomainConstraints>false</useDomainConstraints>
<use>1</use>
<logicalDatatype>LOGDT043</logicalDatatype>
<dataTypePrecision>6</dataTypePrecision>
<dataTypeScale>2</dataTypeScale>
<autoIncrementCycle>false</autoIncrementCycle>
</Column>
<Column name="Rate_Per_Mile" id="4A22B7E1-2ACF-6111-B5C3-3453F42BB24C">
<createdBy>oracle</createdBy>
<createdTime>2014-02-14 01:22:15 UTC</createdTime>
<generatorID>6248BE64-1C71-7CB4-06E6-75B2E04F5061</generatorID>
<ownerDesignName>sol_17_01</ownerDesignName>
<nullsAllowed>true</nullsAllowed>
<useDomainConstraints>false</useDomainConstraints>
<use>1</use>
<logicalDatatype>LOGDT043</logicalDatatype>
<dataTypePrecision>6</dataTypePrecision>
<dataTypeScale>2</dataTypeScale>
<autoIncrementCycle>false</autoIncrementCycle>
</Column>
<Column name="Driver&apos;s_License_State" id="026D12EA-1AF2-EC04-E7F5-C0F59227F65E">
<createdBy>oracle</createdBy>
<createdTime>2014-02-14 01:22:15 UTC</createdTime>
<generatorID>CADCCB54-2CDD-2FDE-F720-E0DED704FDF9</generatorID>
<ownerDesignName>sol_17_01</ownerDesignName>
<nullsAllowed>true</nullsAllowed>
<useDomainConstraints>false</useDomainConstraints>
<use>1</use>
<logicalDatatype>LOGDT025</logicalDatatype>
<dataTypeSize>2</dataTypeSize>
<delegate>61B88FFA-B192-9181-A8B1-E88C4C7075D8</delegate>
<previousColumn>false</previousColumn>
<autoIncrementCycle>false</autoIncrementCycle>
<associations>
<colAssociation fkAssociation="102FDB1A-A6BA-9F1B-0B35-1DDF7A08ECCD" referredColumn="61B88FFA-B192-9181-A8B1-E88C4C7075D8"/>
</associations>
</Column>
<Column name="Driver&apos;s_License_Number" id="086AEC1F-6999-4CFB-2105-7E2AF2FC0A2C">
<createdBy>oracle</createdBy>
<createdTime>2014-02-14 01:22:15 UTC</createdTime>
<generatorID>607DDDF2-05EF-9BBE-F04F-17ABAE51F2C0</generatorID>
<ownerDesignName>sol_17_01</ownerDesignName>
<nullsAllowed>true</nullsAllowed>
<use>0</use>
<logicalDatatype>LOGDT019</logicalDatatype>
<domain>B8552587-2E6A-CB3F-7721-F45E81EA16F6</domain>
<delegate>9D41B6B0-E2A2-42D8-1F58-289AAA4E4CEF</delegate>
<previousColumn>false</previousColumn>
<autoIncrementCycle>false</autoIncrementCycle>
<associations>
<colAssociation fkAssociation="102FDB1A-A6BA-9F1B-0B35-1DDF7A08ECCD" referredColumn="9D41B6B0-E2A2-42D8-1F58-289AAA4E4CEF"/>
</associations>
</Column>
<Column name="Company_Number" id="2593B122-C7F4-21DA-A422-4F2EEB20E38E">
<createdBy>oracle</createdBy>
<createdTime>2014-02-14 01:22:15 UTC</createdTime>
<generatorID>8D11A8B4-5239-7C27-62FF-45D98412E314</generatorID>
<ownerDesignName>sol_17_01</ownerDesignName>
<nullsAllowed>true</nullsAllowed>
<use>0</use>
<logicalDatatype>LOGDT019</logicalDatatype>
<domain>B8552587-2E6A-CB3F-7721-F45E81EA16F6</domain>
<delegate>7F13D26A-C4AF-C2B3-DD9D-F52563459518</delegate>
<previousColumn>false</previousColumn>
<autoIncrementCycle>false</autoIncrementCycle>
<associations>
<colAssociation fkAssociation="5C17A8E9-DA9B-BB27-D662-E87580D24E30" referredColumn="7F13D26A-C4AF-C2B3-DD9D-F52563459518"/>
</associations>
</Column>
<Column name="ID" id="42535DF6-AC9A-DBFB-D4AB-347FF50D7996">
<createdBy>oracle</createdBy>
<createdTime>2014-02-14 01:22:15 UTC</createdTime>
<generatorID>F68B266B-C0D1-4B74-BB57-DC3E5940E8DA</generatorID>
<ownerDesignName>sol_17_01</ownerDesignName>
<use>0</use>
<logicalDatatype>LOGDT019</logicalDatatype>
<domain>B8552587-2E6A-CB3F-7721-F45E81EA16F6</domain>
<delegate>97D18D8A-4346-E8A1-A967-818621A51A8E</delegate>
<previousColumn>false</previousColumn>
<autoIncrementCycle>false</autoIncrementCycle>
<associations>
<colAssociation fkAssociation="1C1FF0EB-BDC1-4F02-AB1B-63230820BA54" referredColumn="97D18D8A-4346-E8A1-A967-818621A51A8E"/>
</associations>
</Column>
<Column name="Office_Number" id="BF2B45B9-FF9C-DA55-B6EB-E76048C3A085">
<createdBy>oracle</createdBy>
<createdTime>2014-02-14 01:22:15 UTC</createdTime>
<generatorID>75387050-82BE-3C91-454D-0923CD5BC0AB</generatorID>
<ownerDesignName>sol_17_01</ownerDesignName>
<use>0</use>
<logicalDatatype>LOGDT019</logicalDatatype>
<domain>B8552587-2E6A-CB3F-7721-F45E81EA16F6</domain>
<delegate>066C22FF-3E1A-1A08-9D1E-7189D1988BFE</delegate>
<previousColumn>false</previousColumn>
<autoIncrementCycle>false</autoIncrementCycle>
<associations>
<colAssociation fkAssociation="A9155863-131A-86FF-DBDA-52A3934D6CEF" referredColumn="066C22FF-3E1A-1A08-9D1E-7189D1988BFE"/>
</associations>
</Column>
</columns>
<indexes itemClass="oracle.dbtools.crest.model.design.relational.Index">
<ind_PK_UK id="694F7336-2B73-68B5-CBB8-4D92C269EA6B" name="Rental_Agreement_PK">
<createdBy>oracle</createdBy>
<createdTime>2014-02-14 01:22:15 UTC</createdTime>
<generatorID>A826E590-D8ED-3F0C-A70E-6EB007412047</generatorID>
<ownerDesignName>sol_17_01</ownerDesignName>
<pk>true</pk>
<indexState>Primary Constraint</indexState>
<isSurrogateKey>false</isSurrogateKey>
<indexColumnUsage>
<colUsage columnID="5D86612E-00C9-40A6-6569-70CF0ADF4ED9"/>
</indexColumnUsage>
</ind_PK_UK>
<ind_PK_UK id="80077618-933E-365A-870F-8FD3B2A8573A" name="Relation_2">
<createdBy>oracle</createdBy>
<createdTime>2014-02-14 01:22:15 UTC</createdTime>
<generatorID>B033FD23-40C4-F370-05A9-6D4B424C872C</generatorID>
<ownerDesignName>sol_17_01</ownerDesignName>
<indexState>Foreign Key</indexState>
<isSurrogateKey>false</isSurrogateKey>
<indexColumnUsage>
<colUsage columnID="026D12EA-1AF2-EC04-E7F5-C0F59227F65E"/>
<colUsage columnID="086AEC1F-6999-4CFB-2105-7E2AF2FC0A2C"/>
</indexColumnUsage>
</ind_PK_UK>
<ind_PK_UK id="6FA7345A-A121-A768-5E89-425FE57D8131" name="Relation_3">
<createdBy>oracle</createdBy>
<createdTime>2014-02-14 01:22:15 UTC</createdTime>
<generatorID>697E6E88-1486-04C2-7FC3-5ED24808A00A</generatorID>
<ownerDesignName>sol_17_01</ownerDesignName>
<indexState>Foreign Key</indexState>
<isSurrogateKey>false</isSurrogateKey>
<indexColumnUsage>
<colUsage columnID="2593B122-C7F4-21DA-A422-4F2EEB20E38E"/>
</indexColumnUsage>
</ind_PK_UK>
<ind_PK_UK id="AD3DD20C-4637-1624-80A7-52410B9D3EA4" name="Relation_4">
<createdBy>oracle</createdBy>
<createdTime>2014-02-14 01:22:15 UTC</createdTime>
<generatorID>707796A2-A169-1D04-9F63-F3556BF55946</generatorID>
<ownerDesignName>sol_17_01</ownerDesignName>
<indexState>Foreign Key</indexState>
<isSurrogateKey>false</isSurrogateKey>
<indexColumnUsage>
<colUsage columnID="42535DF6-AC9A-DBFB-D4AB-347FF50D7996"/>
</indexColumnUsage>
</ind_PK_UK>
<ind_PK_UK id="7F79B43B-E2E5-69EF-7D8B-1943560CB511" name="Relation_7">
<createdBy>oracle</createdBy>
<createdTime>2014-02-14 01:22:15 UTC</createdTime>
<generatorID>388D7135-077E-6B40-CC37-AFF29E6107C0</generatorID>
<ownerDesignName>sol_17_01</ownerDesignName>
<indexState>Foreign Key</indexState>
<isSurrogateKey>false</isSurrogateKey>
<indexColumnUsage>
<colUsage columnID="BF2B45B9-FF9C-DA55-B6EB-E76048C3A085"/>
</indexColumnUsage>
</ind_PK_UK>
</indexes>
</Table>