<?xml version = '1.0' encoding = 'UTF-8'?>
<Table class="oracle.dbtools.crest.model.design.relational.Table" directorySegmentName="seg_0" id="D0079DBA-417E-5FFE-487E-2244F0BDBD7B" name="Company">
<createdBy>oracle</createdBy>
<createdTime>2014-02-14 01:22:15 UTC</createdTime>
<generatorID>6A54C8FD-DEAD-F4D3-A240-62FCF5817489</generatorID>
<ownerDesignName>sol_17_01</ownerDesignName>
<allowColumnReorder>false</allowColumnReorder>
<existDependencyGenerateInDDl>true</existDependencyGenerateInDDl>
<columns itemClass="oracle.dbtools.crest.model.design.relational.Column">
<Column name="Number" id="7F13D26A-C4AF-C2B3-DD9D-F52563459518">
<createdBy>oracle</createdBy>
<createdTime>2014-02-14 01:22:15 UTC</createdTime>
<generatorID>81382F82-F78B-3990-A237-48603EF7BAC1</generatorID>
<ownerDesignName>sol_17_01</ownerDesignName>
<use>0</use>
<logicalDatatype>LOGDT019</logicalDatatype>
<domain>B8552587-2E6A-CB3F-7721-F45E81EA16F6</domain>
<autoIncrementCycle>false</autoIncrementCycle>
</Column>
<Column name="Name" id="54443B98-B4AF-80C1-0BB9-8EFC6F2FA4B8">
<createdBy>oracle</createdBy>
<createdTime>2014-02-14 01:22:15 UTC</createdTime>
<generatorID>8F87FCE9-653E-3820-D7CD-B18B9550A07D</generatorID>
<ownerDesignName>sol_17_01</ownerDesignName>
<nullsAllowed>true</nullsAllowed>
<use>0</use>
<logicalDatatype>LOGDT024</logicalDatatype>
<dataTypeSize>50 CHAR</dataTypeSize>
<domain>785C3EC1-5620-CBEB-E381-CE19C3E0533F</domain>
<autoIncrementCycle>false</autoIncrementCycle>
</Column>
<Column name="Address" id="54D3A91C-05A1-2E8C-5F57-5CC35D702C67">
<createdBy>oracle</createdBy>
<createdTime>2014-02-14 01:22:15 UTC</createdTime>
<generatorID>E3BAD5BC-6899-C808-F648-BFEDD24E27D3</generatorID>
<ownerDesignName>sol_17_01</ownerDesignName>
<nullsAllowed>true</nullsAllowed>
<useDomainConstraints>false</useDomainConstraints>
<use>3</use>
<structuredType>99E94568-CDB5-7B79-7F93-A5C7B30CE290</structuredType>
<autoIncrementCycle>false</autoIncrementCycle>
</Column>
</columns>
<nestedColumns itemClass="oracle.dbtools.crest.model.design.relational.Column">
<nestedColumn name="Address.Street" id="460E0226-8FE9-A574-BD43-58A2809711B8">
<createdBy>oracle</createdBy>
<createdTime>2014-02-14 01:22:15 UTC</createdTime>
<ownerDesignName>sol_17_01</ownerDesignName>
<nullsAllowed>true</nullsAllowed>
<parentObject>54D3A91C-05A1-2E8C-5F57-5CC35D702C67</parentObject>
<structAttributeID>63BD2D22-2F3E-6EFE-48D0-87AC304D2EDE</structAttributeID>
<useDomainConstraints>false</useDomainConstraints>
<use>1</use>
<logicalDatatype>LOGDT024</logicalDatatype>
<dataTypePrecision>0</dataTypePrecision>
<dataTypeScale>0</dataTypeScale>
<dataTypeSize>50</dataTypeSize>
<autoIncrementCycle>false</autoIncrementCycle>
</nestedColumn>
<nestedColumn name="Address.City" id="2046630D-2F1A-5B50-D2D4-ADD31A09B412">
<createdBy>oracle</createdBy>
<createdTime>2014-02-14 01:22:15 UTC</createdTime>
<ownerDesignName>sol_17_01</ownerDesignName>
<nullsAllowed>true</nullsAllowed>
<parentObject>54D3A91C-05A1-2E8C-5F57-5CC35D702C67</parentObject>
<structAttributeID>5D0F06AE-578E-8F86-8D4C-AEADE500EDF9</structAttributeID>
<useDomainConstraints>false</useDomainConstraints>
<use>1</use>
<logicalDatatype>LOGDT024</logicalDatatype>
<dataTypePrecision>0</dataTypePrecision>
<dataTypeScale>0</dataTypeScale>
<dataTypeSize>50</dataTypeSize>
<autoIncrementCycle>false</autoIncrementCycle>
</nestedColumn>
<nestedColumn name="Address.State" id="4EBC6C0C-F283-58FD-5ADE-EC42C94323B6">
<createdBy>oracle</createdBy>
<createdTime>2014-02-14 01:22:15 UTC</createdTime>
<ownerDesignName>sol_17_01</ownerDesignName>
<nullsAllowed>true</nullsAllowed>
<parentObject>54D3A91C-05A1-2E8C-5F57-5CC35D702C67</parentObject>
<structAttributeID>A9BE8EDF-1AA5-337E-7D3C-3740BD8D6D94</structAttributeID>
<useDomainConstraints>false</useDomainConstraints>
<use>1</use>
<logicalDatatype>LOGDT025</logicalDatatype>
<dataTypePrecision>0</dataTypePrecision>
<dataTypeScale>0</dataTypeScale>
<dataTypeSize>0</dataTypeSize>
<autoIncrementCycle>false</autoIncrementCycle>
</nestedColumn>
<nestedColumn name="Address.Zip Code" id="6BBF9159-F42F-4AC3-9C7F-6183272E9E5D">
<createdBy>oracle</createdBy>
<createdTime>2014-02-14 01:22:15 UTC</createdTime>
<ownerDesignName>sol_17_01</ownerDesignName>
<nullsAllowed>true</nullsAllowed>
<parentObject>54D3A91C-05A1-2E8C-5F57-5CC35D702C67</parentObject>
<structAttributeID>A519844E-6447-FA7E-E9DE-EA204D6FCC99</structAttributeID>
<useDomainConstraints>false</useDomainConstraints>
<use>1</use>
<logicalDatatype>LOGDT024</logicalDatatype>
<dataTypePrecision>0</dataTypePrecision>
<dataTypeScale>0</dataTypeScale>
<dataTypeSize>11</dataTypeSize>
<autoIncrementCycle>false</autoIncrementCycle>
</nestedColumn>
</nestedColumns>
<indexes itemClass="oracle.dbtools.crest.model.design.relational.Index">
<ind_PK_UK id="CD7D0B98-3507-124E-71CD-2F972652B0DD" name="Company_PK">
<createdBy>oracle</createdBy>
<createdTime>2014-02-14 01:22:15 UTC</createdTime>
<generatorID>2C5CC6C1-5E01-C9AC-1FBC-0769C6385883</generatorID>
<ownerDesignName>sol_17_01</ownerDesignName>
<pk>true</pk>
<indexState>Primary Constraint</indexState>
<isSurrogateKey>false</isSurrogateKey>
<indexColumnUsage>
<colUsage columnID="7F13D26A-C4AF-C2B3-DD9D-F52563459518"/>
</indexColumnUsage>
</ind_PK_UK>
</indexes>
</Table>