<?xml version = '1.0' encoding = 'UTF-8'?>
<Table class="oracle.dbtools.crest.model.design.relational.Table" directorySegmentName="seg_0" id="DF6E6EFF-782C-37E2-72B3-748979BB3948" name="Vehicle_Type">
<createdBy>oracle</createdBy>
<createdTime>2014-02-14 01:22:15 UTC</createdTime>
<generatorID>3CB299B3-3FB4-22E2-351F-7880ED7F0D3A</generatorID>
<ownerDesignName>sol_17_01</ownerDesignName>
<allowColumnReorder>false</allowColumnReorder>
<existDependencyGenerateInDDl>true</existDependencyGenerateInDDl>
<columns itemClass="oracle.dbtools.crest.model.design.relational.Column">
<Column name="Code" id="B1F95983-3709-9618-B244-9FBFB7C52A77">
<createdBy>oracle</createdBy>
<createdTime>2014-02-14 01:22:15 UTC</createdTime>
<generatorID>D37E2A02-B200-545C-91AE-AC01E3E077EA</generatorID>
<ownerDesignName>sol_17_01</ownerDesignName>
<use>0</use>
<logicalDatatype>LOGDT019</logicalDatatype>
<domain>B8552587-2E6A-CB3F-7721-F45E81EA16F6</domain>
<autoIncrementCycle>false</autoIncrementCycle>
</Column>
<Column name="Description" id="65F11D25-835F-8645-FA4A-8605086047A3">
<createdBy>oracle</createdBy>
<createdTime>2014-02-14 01:22:15 UTC</createdTime>
<generatorID>D6455695-9C7E-4DD1-EAA3-5A8127D09E4C</generatorID>
<ownerDesignName>sol_17_01</ownerDesignName>
<nullsAllowed>true</nullsAllowed>
<useDomainConstraints>false</useDomainConstraints>
<use>1</use>
<logicalDatatype>LOGDT024</logicalDatatype>
<dataTypeSize>100</dataTypeSize>
<autoIncrementCycle>false</autoIncrementCycle>
</Column>
</columns>
<indexes itemClass="oracle.dbtools.crest.model.design.relational.Index">
<ind_PK_UK id="3BDA325D-4D49-5786-A637-E58CB7ED0CED" name="Vehicle_Type_PK">
<createdBy>oracle</createdBy>
<createdTime>2014-02-14 01:22:15 UTC</createdTime>
<generatorID>556105E5-7D9C-835C-A1A0-AD27C97FAC98</generatorID>
<ownerDesignName>sol_17_01</ownerDesignName>
<pk>true</pk>
<indexState>Primary Constraint</indexState>
<isSurrogateKey>false</isSurrogateKey>
<indexColumnUsage>
<colUsage columnID="B1F95983-3709-9618-B244-9FBFB7C52A77"/>
</indexColumnUsage>
</ind_PK_UK>
</indexes>
</Table>