<?xml version = '1.0' encoding = 'UTF-8'?>
<relationalModel class="oracle.dbtools.crest.model.design.relational.RelationalDesign" name="Vehicle Rentals" id="8AE5E53E-8372-8DFA-5DED-F0FF639897E2" mainViewID="803A87CB-7421-C408-FCD5-2245F3FC0851">
<createdBy>oracle</createdBy>
<createdTime>2011-11-11 02:04:29 UTC</createdTime>
<ownerDesignName>sol_13_01</ownerDesignName>
<shouldBeOpen>true</shouldBeOpen>
<selectedRDBMSSite>3FD120B5-9F4E-6278-D5E2-746D192C8319</selectedRDBMSSite>
</relationalModel>