<?xml version = '1.0' encoding = 'UTF-8'?>
<Entity class="oracle.dbtools.crest.model.design.logical.Entity" directorySegmentName="seg_0" id="3CB299B3-3FB4-22E2-351F-7880ED7F0D3A" name="Vehicle Type">
<createdBy>oracle</createdBy>
<createdTime>2009-12-08 15:06:30 UTC</createdTime>
<ownerDesignName>sol_17_01</ownerDesignName>
<engineerTo>
<item key="8AE5E53E-8372-8DFA-5DED-F0FF639897E2" value="true"/>
</engineerTo>
<adequatelyNormalized>NO</adequatelyNormalized>
<expectedVolumes>0</expectedVolumes>
<fwdEngineeringStrategyName>Single Table</fwdEngineeringStrategyName>
<growthPercent>0</growthPercent>
<growthType>Year</growthType>
<maxVolumes>9999999</maxVolumes>
<minVolumes>0</minVolumes>
<normalForm>Third</normalForm>
<attributes itemClass="oracle.dbtools.crest.model.design.logical.Attribute">
<Attribute name="Code" id="D37E2A02-B200-545C-91AE-AC01E3E077EA">
<createdBy>oracle</createdBy>
<createdTime>2009-12-08 15:06:38 UTC</createdTime>
<ownerDesignName>sol_17_01</ownerDesignName>
<engineerTo>
<item key="8AE5E53E-8372-8DFA-5DED-F0FF639897E2" value="true"/>
</engineerTo>
<use>0</use>
<logicalDatatype>LOGDT019</logicalDatatype>
<domain>B8552587-2E6A-CB3F-7721-F45E81EA16F6</domain>
</Attribute>
<Attribute name="Description" id="D6455695-9C7E-4DD1-EAA3-5A8127D09E4C">
<createdBy>oracle</createdBy>
<createdTime>2009-12-08 15:06:43 UTC</createdTime>
<ownerDesignName>sol_17_01</ownerDesignName>
<engineerTo>
<item key="8AE5E53E-8372-8DFA-5DED-F0FF639897E2" value="true"/>
</engineerTo>
<nullsAllowed>true</nullsAllowed>
<useDomainConstraints>false</useDomainConstraints>
<use>1</use>
<logicalDatatype>LOGDT024</logicalDatatype>
<dataTypeSize>100</dataTypeSize>
</Attribute>
</attributes>
<identifiers itemClass="oracle.dbtools.crest.model.design.logical.CandidateKey">
<identifier id="556105E5-7D9C-835C-A1A0-AD27C97FAC98" name="Vehicle Type_PK">
<createdBy>oracle</createdBy>
<createdTime>2009-12-08 15:06:49 UTC</createdTime>
<ownerDesignName>sol_17_01</ownerDesignName>
<engineerTo>
<item key="8AE5E53E-8372-8DFA-5DED-F0FF639897E2" value="true"/>
</engineerTo>
<pk>true</pk>
<usedAttributes>
<attributeRef>D37E2A02-B200-545C-91AE-AC01E3E077EA</attributeRef>
</usedAttributes>
</identifier>
</identifiers>
</Entity>