<?xml version = '1.0' encoding = 'UTF-8'?>
<TriggerOraclev10g class="oracle.dbtools.crest.model.design.storage.oracle.v10g.TriggerOraclev10g" name="UPDATE_JOB_HISTORY" directorySegmentName="seg_0" id="0A953DE5-351C-235C-035D-4DE0439D5E4A">
<createdBy>oracle</createdBy>
<createdTime>2009-12-18 15:30:38 UTC</createdTime>
<ownerDesignName>hr_schema</ownerDesignName>
<actions>UPDATE</actions>
<body>BEGIN&lt;br&gt;  add_job_history(:old.employee_id, :old.hire_date, sysdate,&lt;br&gt;                  :old.job_id, :old.department_id);&lt;br&gt;END;</body>
<triggerTime>AFTER</triggerTime>
<columns>8A1B8141-8CF1-E258-9F96-FCB2C7348B5E, C7343EE9-8E5E-B883-BFC3-F24436EE5037</columns>
<owner>EF0769EA-C6DD-D4F0-CC74-C7443578AAD5</owner>
<table>DC6A08B0-832F-B2FC-69CA-0F7B4160D912</table>
</TriggerOraclev10g>