<?xml version = '1.0' encoding = 'UTF-8'?>
<TriggerOraclev10g class="oracle.dbtools.crest.model.design.storage.oracle.v10g.TriggerOraclev10g" name="SECURE_EMPLOYEES" directorySegmentName="seg_0" id="FEEAF4AB-5AE7-0DDA-CF79-B5E4A48D1BA8">
<createdBy>oracle</createdBy>
<createdTime>2009-12-18 15:30:38 UTC</createdTime>
<ownerDesignName>hr_schema</ownerDesignName>
<actions>INSERT, UPDATE, DELETE</actions>
<body>BEGIN&lt;br&gt;  secure_dml;&lt;br&gt;END secure_employees;</body>
<triggerTime>BEFORE</triggerTime>
<owner>EF0769EA-C6DD-D4F0-CC74-C7443578AAD5</owner>
<table>DC6A08B0-832F-B2FC-69CA-0F7B4160D912</table>
</TriggerOraclev10g>