<?xml version = '1.0' encoding = 'UTF-8'?>
<SegmentOraclev10g class="oracle.dbtools.crest.model.design.storage.oracle.v10g.SegmentOraclev10g" name="Storage8" directorySegmentName="seg_0" id="B77AA5F3-BA9D-BDD2-EE89-B64E7DC074CE">
<createdBy>oracle</createdBy>
<createdTime>2011-11-14 09:52:47 UTC</createdTime>
<ownerDesignName>sol_19_01</ownerDesignName>
<initrans>2</initrans>
<maxTrans>255</maxTrans>
<scInitialExtent>65536</scInitialExtent>
<scMaxExtents>2147483645</scMaxExtents>
<scNextExtent>1048576</scNextExtent>
</SegmentOraclev10g>