<?xml version = '1.0' encoding = 'UTF-8'?>
<Relation class="oracle.dbtools.crest.model.design.logical.Relation" name="Relation_5" directorySegmentName="seg_0" id="204FBB8E-CB06-E8EF-C8CE-2955354EDB3A">
<createdBy>oracle</createdBy>
<createdTime>2009-12-15 11:55:16 UTC</createdTime>
<ownerDesignName>sol_14_01</ownerDesignName>
<engineerTo>
<item key="4AE89146-1F00-A6BD-71E8-0B154453935B" value="true"/>
</engineerTo>
<sourcePk>741A5F14-F40E-F59E-F8BF-6FE8196533AC</sourcePk>
<identifying>true</identifying>
<nameOnSource>house</nameOnSource>
<nameOnTarget>housed at</nameOnTarget>
<optionalSource>true</optionalSource>
<optionalTarget>false</optionalTarget>
<sourceCardinality>1</sourceCardinality>
<sourceEntity>61A32928-F2A8-830C-9363-8F033C7EEF2B</sourceEntity>
<targetCardinalityString>*</targetCardinalityString>
<targetEntity>8BDE1348-5E76-D5BE-9F6D-9BD6858B56C1</targetEntity>
<transferable>true</transferable>
</Relation>