<?xml version = '1.0' encoding = 'UTF-8'?>
<Relation class="oracle.dbtools.crest.model.design.logical.Relation" name="Relation_6" directorySegmentName="seg_0" id="404E6EEE-DB88-C6CA-55AC-BBBCB11650B3">
<createdBy>oracle</createdBy>
<createdTime>2009-12-15 11:55:59 UTC</createdTime>
<ownerDesignName>sol_14_01</ownerDesignName>
<engineerTo>
<item key="4AE89146-1F00-A6BD-71E8-0B154453935B" value="true"/>
</engineerTo>
<sourcePk>639CC36D-46BD-998B-116B-9776F8B87939</sourcePk>
<arc>96D65F06-8DB3-6E25-2828-6D1C582A990C</arc>
<identifying>false</identifying>
<nameOnSource>place</nameOnSource>
<nameOnTarget>include</nameOnTarget>
<optionalSource>true</optionalSource>
<optionalTarget>false</optionalTarget>
<sourceCardinality>1</sourceCardinality>
<sourceEntity>D2CA86A5-C161-C601-04A5-D01A98898199</sourceEntity>
<targetCardinalityString>*</targetCardinalityString>
<targetEntity>0FD32AA4-C18D-34D7-A786-054DAC0BE3EF</targetEntity>
<transferable>true</transferable>
</Relation>