<?xml version = '1.0' encoding = 'UTF-8'?>
<Relation class="oracle.dbtools.crest.model.design.logical.Relation" name="Relation_3" directorySegmentName="seg_0" id="456DB50B-32A1-598B-CA36-867E2B4A49B6">
<createdBy>oracle</createdBy>
<createdTime>2009-12-15 11:54:07 UTC</createdTime>
<ownerDesignName>sol_14_01</ownerDesignName>
<engineerTo>
<item key="4AE89146-1F00-A6BD-71E8-0B154453935B" value="true"/>
</engineerTo>
<sourcePk>8451053D-EF8E-0971-836A-3661DD60CB2D</sourcePk>
<identifying>true</identifying>
<nameOnSource>contain</nameOnSource>
<nameOnTarget>made for</nameOnTarget>
<optionalSource>true</optionalSource>
<optionalTarget>false</optionalTarget>
<sourceCardinality>1</sourceCardinality>
<sourceEntity>15E9A95F-2A81-16CB-DB34-3440B952EE7E</sourceEntity>
<targetCardinalityString>*</targetCardinalityString>
<targetEntity>0FD32AA4-C18D-34D7-A786-054DAC0BE3EF</targetEntity>
<transferable>true</transferable>
</Relation>