<?xml version = '1.0' encoding = 'UTF-8'?>
<Relation class="oracle.dbtools.crest.model.design.logical.Relation" name="Relation_2" directorySegmentName="seg_0" id="593359B4-6EFA-2174-4B47-AE513D0F0E67">
<createdBy>oracle</createdBy>
<createdTime>2009-12-15 11:53:05 UTC</createdTime>
<ownerDesignName>sol_14_01</ownerDesignName>
<engineerTo>
<item key="4AE89146-1F00-A6BD-71E8-0B154453935B" value="true"/>
</engineerTo>
<sourcePk>8A8A14B9-360D-D383-2B7B-F5E014766DB7</sourcePk>
<arc>96D65F06-8DB3-6E25-2828-6D1C582A990C</arc>
<identifying>false</identifying>
<nameOnSource>made for</nameOnSource>
<nameOnTarget>contained in</nameOnTarget>
<optionalSource>true</optionalSource>
<optionalTarget>false</optionalTarget>
<sourceCardinality>1</sourceCardinality>
<sourceEntity>7042EEB2-9AAD-73A4-32F3-D26941A03D10</sourceEntity>
<targetCardinalityString>*</targetCardinalityString>
<targetEntity>0FD32AA4-C18D-34D7-A786-054DAC0BE3EF</targetEntity>
<transferable>true</transferable>
</Relation>