<?xml version = '1.0' encoding = 'UTF-8'?>
<Relation class="oracle.dbtools.crest.model.design.logical.Relation" name="Relation_7" directorySegmentName="seg_0" id="635F91C1-B12A-CBD4-002F-3EA5E7F3125B">
<createdBy>oracle</createdBy>
<createdTime>2009-12-15 11:56:43 UTC</createdTime>
<ownerDesignName>sol_14_01</ownerDesignName>
<engineerTo>
<item key="4AE89146-1F00-A6BD-71E8-0B154453935B" value="true"/>
</engineerTo>
<sourcePk>A9FCB8B4-07D0-02A9-716F-922CF4031169</sourcePk>
<identifying>true</identifying>
<nameOnSource>contained in</nameOnSource>
<nameOnTarget>include</nameOnTarget>
<optionalSource>true</optionalSource>
<optionalTarget>false</optionalTarget>
<sourceCardinality>1</sourceCardinality>
<sourceEntity>A9E2F8D2-462B-25E6-9968-B2CA068A9039</sourceEntity>
<targetCardinalityString>*</targetCardinalityString>
<targetEntity>0FD32AA4-C18D-34D7-A786-054DAC0BE3EF</targetEntity>
<transferable>true</transferable>
</Relation>