<?xml version = '1.0' encoding = 'UTF-8'?>
<Relation class="oracle.dbtools.crest.model.design.logical.Relation" name="Relation_4" directorySegmentName="seg_0" id="948FB387-CC90-FE61-7912-E43D9C0A4706">
<createdBy>oracle</createdBy>
<createdTime>2009-12-15 11:54:40 UTC</createdTime>
<ownerDesignName>sol_14_01</ownerDesignName>
<engineerTo>
<item key="4AE89146-1F00-A6BD-71E8-0B154453935B" value="true"/>
</engineerTo>
<sourcePk>8451053D-EF8E-0971-836A-3661DD60CB2D</sourcePk>
<identifying>true</identifying>
<nameOnSource>include</nameOnSource>
<nameOnTarget>included for</nameOnTarget>
<optionalSource>true</optionalSource>
<optionalTarget>false</optionalTarget>
<sourceCardinality>1</sourceCardinality>
<sourceEntity>15E9A95F-2A81-16CB-DB34-3440B952EE7E</sourceEntity>
<targetCardinalityString>*</targetCardinalityString>
<targetEntity>8BDE1348-5E76-D5BE-9F6D-9BD6858B56C1</targetEntity>
<transferable>true</transferable>
</Relation>