<?xml version = '1.0' encoding = 'UTF-8'?>
<Relation class="oracle.dbtools.crest.model.design.logical.Relation" name="Relation_8" directorySegmentName="seg_0" id="C1D3D3A8-FAF7-36B6-8349-927969E22AC2">
<createdBy>oracle</createdBy>
<createdTime>2009-12-15 11:57:09 UTC</createdTime>
<ownerDesignName>sol_14_01</ownerDesignName>
<engineerTo>
<item key="4AE89146-1F00-A6BD-71E8-0B154453935B" value="true"/>
</engineerTo>
<sourcePk>BF9567F6-55DC-2B13-6C73-30F898AE4576</sourcePk>
<identifying>true</identifying>
<nameOnSource>include</nameOnSource>
<nameOnTarget>assigned to</nameOnTarget>
<optionalSource>true</optionalSource>
<optionalTarget>false</optionalTarget>
<sourceCardinality>1</sourceCardinality>
<sourceEntity>8530C4E5-1326-E7D5-7378-5DB03BEAFAD9</sourceEntity>
<targetCardinalityString>*</targetCardinalityString>
<targetEntity>A9E2F8D2-462B-25E6-9968-B2CA068A9039</targetEntity>
<transferable>true</transferable>
</Relation>