<?xml version = '1.0' encoding = 'UTF-8'?>
<Relation class="oracle.dbtools.crest.model.design.logical.Relation" name="Relation_11" directorySegmentName="seg_0" id="D7DD1A13-82F0-9148-4F8D-84328F13ECBD">
<createdBy>oracle</createdBy>
<createdTime>2010-02-10 14:00:11 UTC</createdTime>
<ownerDesignName>sol_14_01</ownerDesignName>
<engineerTo>
<item key="4AE89146-1F00-A6BD-71E8-0B154453935B" value="true"/>
</engineerTo>
<sourcePk>24EE8C4C-D992-886C-C7D9-E504B6795015</sourcePk>
<identifying>true</identifying>
<optionalSource>true</optionalSource>
<optionalTarget>false</optionalTarget>
<sourceCardinality>1</sourceCardinality>
<sourceEntity>9B94C46E-736E-EFEA-FA9C-0416E1058489</sourceEntity>
<targetCardinalityString>*</targetCardinalityString>
<targetEntity>7042EEB2-9AAD-73A4-32F3-D26941A03D10</targetEntity>
<transferable>true</transferable>
</Relation>