<?xml version = '1.0' encoding = 'UTF-8'?>
<Relation class="oracle.dbtools.crest.model.design.logical.Relation" name="Relation_10" directorySegmentName="seg_0" id="ECD5D45F-CED9-2A31-5871-01842E5D99CF">
<createdBy>oracle</createdBy>
<createdTime>2009-12-15 11:58:51 UTC</createdTime>
<ownerDesignName>sol_14_01</ownerDesignName>
<engineerTo>
<item key="4AE89146-1F00-A6BD-71E8-0B154453935B" value="true"/>
</engineerTo>
<sourcePk>41E26E55-645E-7FEA-DB6D-5C6F375D5707</sourcePk>
<identifying>false</identifying>
<nameOnSource>vessel of</nameOnSource>
<nameOnTarget>navigated by</nameOnTarget>
<optionalSource>true</optionalSource>
<optionalTarget>false</optionalTarget>
<sourceCardinality>1</sourceCardinality>
<sourceEntity>5FD89C59-D6BB-B9E6-4317-5FCCAD4F6476</sourceEntity>
<targetCardinalityString>*</targetCardinalityString>
<targetEntity>15E9A95F-2A81-16CB-DB34-3440B952EE7E</targetEntity>
<transferable>true</transferable>
</Relation>