<?xml version = '1.0' encoding = 'UTF-8'?>
<Relation class="oracle.dbtools.crest.model.design.logical.Relation" name="Relation_9" directorySegmentName="seg_0" id="FE4C8154-2F2B-9385-AB82-6E393B341B29">
<createdBy>oracle</createdBy>
<createdTime>2009-12-15 11:58:09 UTC</createdTime>
<ownerDesignName>sol_14_01</ownerDesignName>
<engineerTo>
<item key="4AE89146-1F00-A6BD-71E8-0B154453935B" value="true"/>
</engineerTo>
<sourcePk>41E26E55-645E-7FEA-DB6D-5C6F375D5707</sourcePk>
<identifying>true</identifying>
<nameOnSource>contain</nameOnSource>
<nameOnTarget>included on</nameOnTarget>
<optionalSource>true</optionalSource>
<optionalTarget>false</optionalTarget>
<sourceCardinality>1</sourceCardinality>
<sourceEntity>5FD89C59-D6BB-B9E6-4317-5FCCAD4F6476</sourceEntity>
<targetCardinalityString>*</targetCardinalityString>
<targetEntity>A9E2F8D2-462B-25E6-9968-B2CA068A9039</targetEntity>
<transferable>true</transferable>
</Relation>