<?xml version = '1.0' encoding = 'UTF-8'?>
<DomainFile class="oracle.dbtools.crest.model.design.DomainFileWrapper" fileName="domains">
   <domains>
      <Domain class="oracle.dbtools.crest.model.design.Domain" name="Name_50" id="785C3EC1-5620-CBEB-E381-CE19C3E0533F">
         <createdBy>oracle</createdBy>
         <createdTime>2010-02-12 14:42:41 UTC</createdTime>
         <ownerDesignName>sol_15_02</ownerDesignName>
         <avTSortOrder>0</avTSortOrder>
         <dataTypeSize>50 CHAR</dataTypeSize>
         <fileName>domains</fileName>
         <logicalDatatype>LOGDT024</logicalDatatype>
      </Domain>
      <Domain class="oracle.dbtools.crest.model.design.Domain" name="id_6" id="B8552587-2E6A-CB3F-7721-F45E81EA16F6">
         <createdBy>oracle</createdBy>
         <createdTime>2010-02-12 14:42:41 UTC</createdTime>
         <ownerDesignName>sol_15_02</ownerDesignName>
         <avTSortOrder>0</avTSortOrder>
         <dataTypeSize>6 BYTE</dataTypeSize>
         <fileName>domains</fileName>
         <logicalDatatype>LOGDT019</logicalDatatype>
      </Domain>
   </domains>
</DomainFile>