<?xml version = '1.0' encoding = 'UTF-8'?>
<Entity class="oracle.dbtools.crest.model.design.logical.Entity" directorySegmentName="seg_0" id="03AA80C1-F439-D523-F5E8-CBC314E85462" name="Project">
<createdBy>oracle</createdBy>
<createdTime>2009-12-01 22:00:52 UTC</createdTime>
<ownerDesignName>sol_12_01_a</ownerDesignName>
<engineerTo>
<item key="B51C06AB-33A0-2C3F-5CA7-E75171D56A70" value="true"/>
</engineerTo>
<adequatelyNormalized>NO</adequatelyNormalized>
<expectedVolumes>0</expectedVolumes>
<fwdEngineeringStrategyName>Single Table</fwdEngineeringStrategyName>
<growthPercent>0</growthPercent>
<growthType>Year</growthType>
<maxVolumes>9999999</maxVolumes>
<minVolumes>0</minVolumes>
<normalForm>Third</normalForm>
<attributes itemClass="oracle.dbtools.crest.model.design.logical.Attribute">
<Attribute name="Number" id="4203F1ED-B4E7-7131-6A88-0006DEF95459">
<createdBy>oracle</createdBy>
<createdTime>2009-12-01 22:01:03 UTC</createdTime>
<ownerDesignName>sol_12_01_a</ownerDesignName>
<engineerTo>
<item key="B51C06AB-33A0-2C3F-5CA7-E75171D56A70" value="true"/>
</engineerTo>
<use>0</use>
</Attribute>
<Attribute name="Title" id="CAC811B8-81B1-5D8C-87BA-3750D4DBA2E5">
<createdBy>oracle</createdBy>
<createdTime>2009-12-01 22:01:06 UTC</createdTime>
<ownerDesignName>sol_12_01_a</ownerDesignName>
<engineerTo>
<item key="B51C06AB-33A0-2C3F-5CA7-E75171D56A70" value="true"/>
</engineerTo>
<nullsAllowed>true</nullsAllowed>
<use>0</use>
</Attribute>
</attributes>
<identifiers itemClass="oracle.dbtools.crest.model.design.logical.CandidateKey">
<identifier id="75F32CA7-9ED3-6377-4CE4-D55F0009A74A" name="PROJECT PK">
<createdBy>oracle</createdBy>
<createdTime>2009-12-01 22:01:16 UTC</createdTime>
<ownerDesignName>sol_12_01_a</ownerDesignName>
<engineerTo>
<item key="B51C06AB-33A0-2C3F-5CA7-E75171D56A70" value="true"/>
</engineerTo>
<pk>true</pk>
<usedAttributes>
<attributeRef>4203F1ED-B4E7-7131-6A88-0006DEF95459</attributeRef>
</usedAttributes>
</identifier>
</identifiers>
</Entity>