<?xml version = '1.0' encoding = 'UTF-8'?>
<Entity class="oracle.dbtools.crest.model.design.logical.Entity" directorySegmentName="seg_0" id="6BD48D4D-C42F-8C9D-E0CB-8F44103CB672" name="EMPLOYEE">
<createdBy>oracle</createdBy>
<createdTime>2009-12-01 22:00:16 UTC</createdTime>
<ownerDesignName>sol_12_01_a</ownerDesignName>
<engineerTo>
<item key="B51C06AB-33A0-2C3F-5CA7-E75171D56A70" value="true"/>
</engineerTo>
<adequatelyNormalized>NO</adequatelyNormalized>
<expectedVolumes>0</expectedVolumes>
<fwdEngineeringStrategyName>Single Table</fwdEngineeringStrategyName>
<growthPercent>0</growthPercent>
<growthType>Year</growthType>
<maxVolumes>9999999</maxVolumes>
<minVolumes>0</minVolumes>
<normalForm>Third</normalForm>
<attributes itemClass="oracle.dbtools.crest.model.design.logical.Attribute">
<Attribute name="ID" id="1DF62242-46E3-2E63-E652-43C9153FE5EA">
<createdBy>oracle</createdBy>
<createdTime>2009-12-01 22:00:32 UTC</createdTime>
<ownerDesignName>sol_12_01_a</ownerDesignName>
<engineerTo>
<item key="B51C06AB-33A0-2C3F-5CA7-E75171D56A70" value="true"/>
</engineerTo>
<use>0</use>
</Attribute>
<Attribute name="Name" id="DD2D2D14-D7F0-0F69-0C06-C76BDD155B2E">
<createdBy>oracle</createdBy>
<createdTime>2009-12-01 22:00:35 UTC</createdTime>
<ownerDesignName>sol_12_01_a</ownerDesignName>
<engineerTo>
<item key="B51C06AB-33A0-2C3F-5CA7-E75171D56A70" value="true"/>
</engineerTo>
<nullsAllowed>true</nullsAllowed>
<use>0</use>
</Attribute>
</attributes>
<identifiers itemClass="oracle.dbtools.crest.model.design.logical.CandidateKey">
<identifier id="2001371D-AF01-CFD5-FF07-2D4C36CC4D65" name="EMPLOYEE PK">
<createdBy>oracle</createdBy>
<createdTime>2009-12-01 22:01:26 UTC</createdTime>
<ownerDesignName>sol_12_01_a</ownerDesignName>
<engineerTo>
<item key="B51C06AB-33A0-2C3F-5CA7-E75171D56A70" value="true"/>
</engineerTo>
<pk>true</pk>
<usedAttributes>
<attributeRef>1DF62242-46E3-2E63-E652-43C9153FE5EA</attributeRef>
</usedAttributes>
</identifier>
</identifiers>
</Entity>