<?xml version = '1.0' encoding = 'UTF-8'?>
<Entity class="oracle.dbtools.crest.model.design.logical.Entity" directorySegmentName="seg_0" id="D65CDEC7-E791-7A65-AB93-B82ACCE1E4EC" name="Work Assignment">
<createdBy>oracle</createdBy>
<createdTime>2009-12-01 22:03:51 UTC</createdTime>
<ownerDesignName>sol_12_01_a</ownerDesignName>
<engineerTo>
<item key="B51C06AB-33A0-2C3F-5CA7-E75171D56A70" value="true"/>
</engineerTo>
<adequatelyNormalized>NO</adequatelyNormalized>
<expectedVolumes>0</expectedVolumes>
<fwdEngineeringStrategyName>Single Table</fwdEngineeringStrategyName>
<growthPercent>0</growthPercent>
<growthType>Year</growthType>
<maxVolumes>9999999</maxVolumes>
<minVolumes>0</minVolumes>
<normalForm>Third</normalForm>
<attributes itemClass="oracle.dbtools.crest.model.design.logical.Attribute">
<Attribute name="Date Assigned" id="A48E1DB0-4B59-B5FE-1A00-E5DD48E080F2">
<createdBy>oracle</createdBy>
<createdTime>2009-12-01 22:04:05 UTC</createdTime>
<ownerDesignName>sol_12_01_a</ownerDesignName>
<engineerTo>
<item key="B51C06AB-33A0-2C3F-5CA7-E75171D56A70" value="true"/>
</engineerTo>
<nullsAllowed>true</nullsAllowed>
<use>0</use>
</Attribute>
<Attribute name="Duration" id="55483D62-BBE5-DD88-9470-C0CE32E23CD1">
<createdBy>oracle</createdBy>
<createdTime>2009-12-01 22:04:14 UTC</createdTime>
<ownerDesignName>sol_12_01_a</ownerDesignName>
<engineerTo>
<item key="B51C06AB-33A0-2C3F-5CA7-E75171D56A70" value="true"/>
</engineerTo>
<nullsAllowed>true</nullsAllowed>
<use>0</use>
</Attribute>
<Attribute name="ID" id="4C21956C-3F75-2B59-72C3-A9343D44184D">
<createdBy>oracle</createdBy>
<createdTime>2009-12-01 22:04:25 UTC</createdTime>
<generatorID>603C999A-F041-DD1A-7695-DCD039B9D0B0</generatorID>
<ownerDesignName>sol_12_01_a</ownerDesignName>
<engineerTo>
<item key="B51C06AB-33A0-2C3F-5CA7-E75171D56A70" value="true"/>
</engineerTo>
<referedAttribute>1DF62242-46E3-2E63-E652-43C9153FE5EA</referedAttribute>
<use>0</use>
</Attribute>
<Attribute name="Number" id="436F0240-143F-EDA2-AF81-E7750FE421DA">
<createdBy>oracle</createdBy>
<createdTime>2009-12-01 22:04:29 UTC</createdTime>
<generatorID>B0DF4D1A-2F9E-CEB1-25E0-3D8715975DF8</generatorID>
<ownerDesignName>sol_12_01_a</ownerDesignName>
<engineerTo>
<item key="B51C06AB-33A0-2C3F-5CA7-E75171D56A70" value="true"/>
</engineerTo>
<referedAttribute>4203F1ED-B4E7-7131-6A88-0006DEF95459</referedAttribute>
<use>0</use>
</Attribute>
</attributes>
<identifiers itemClass="oracle.dbtools.crest.model.design.logical.CandidateKey">
<identifier id="E03B5EDD-EAD3-ACCF-36B7-AE47DE43614D" name="WORK ASSIGNMENT PK">
<createdBy>oracle</createdBy>
<createdTime>2009-12-01 22:04:25 UTC</createdTime>
<ownerDesignName>sol_12_01_a</ownerDesignName>
<engineerTo>
<item key="B51C06AB-33A0-2C3F-5CA7-E75171D56A70" value="true"/>
</engineerTo>
<pk>true</pk>
<usedAttributes>
<attributeRef>4C21956C-3F75-2B59-72C3-A9343D44184D</attributeRef>
<attributeRef>436F0240-143F-EDA2-AF81-E7750FE421DA</attributeRef>
</usedAttributes>
</identifier>
</identifiers>
</Entity>