<?xml version = '1.0' encoding = 'UTF-8'?>
<FKArc class="oracle.dbtools.crest.model.design.relational.FKArc" directorySegmentName="seg_0" id="029EDAF5-A3F1-C405-D67F-3D659E059167" name="FKArc_2">
<createdBy>oracle</createdBy>
<createdTime>2014-02-14 01:22:15 UTC</createdTime>
<ownerDesignName>sol_15_02</ownerDesignName>
<mandatory>true</mandatory>
<table>18784517-E8F6-3735-1798-0297E6BF25CC</table>
<fkeys>
<fkeyID>5C17A8E9-DA9B-BB27-D662-E87580D24E30</fkeyID>
<fkeyID>102FDB1A-A6BA-9F1B-0B35-1DDF7A08ECCD</fkeyID>
</fkeys>
</FKArc>