<?xml version = '1.0' encoding = 'UTF-8'?>
<FKArc class="oracle.dbtools.crest.model.design.relational.FKArc" directorySegmentName="seg_0" id="C6055DDC-1CF4-F8A4-7660-18580A7E3ED4" name="FKArc_1">
<createdBy>oracle</createdBy>
<createdTime>2014-02-14 01:22:15 UTC</createdTime>
<ownerDesignName>sol_15_02</ownerDesignName>
<mandatory>false</mandatory>
<reverseArc>true</reverseArc>
<table>4A29C079-8175-E990-2D99-A5191B4EDC2A</table>
<fkeys>
<fkeyID>3D0FF77A-2ED5-F84E-C6E8-108BF950C15D</fkeyID>
<fkeyID>9A374A3B-0965-A0AA-4039-D5A2641936AE</fkeyID>
</fkeys>
</FKArc>