<?xml version = '1.0' encoding = 'UTF-8'?>
<Relation class="oracle.dbtools.crest.model.design.logical.Relation" name="EMP_JOB_FK" directorySegmentName="seg_0" id="24433A89-1005-330D-7920-F9F296C91A8C">
<createdBy>oracle</createdBy>
<createdTime>2009-12-18 15:31:11 UTC</createdTime>
<generatorID>10BD333C-B9A9-44A4-481B-F7E2234C81BA</generatorID>
<ownerDesignName>hr_schema</ownerDesignName>
<engineerTo>
<item key="8EAAFC55-0F0A-AEE1-F0F5-D8C0FCCDCAFF" value="true"/>
</engineerTo>
<sourcePk>8A5492A3-A6D4-48B4-10B6-D041C5A81AAE</sourcePk>
<identifying>false</identifying>
<optionalSource>true</optionalSource>
<optionalTarget>false</optionalTarget>
<sourceCardinality>1</sourceCardinality>
<sourceEntity>22236565-866C-05A7-1E30-78E0B221ADD4</sourceEntity>
<targetCardinalityString>*</targetCardinalityString>
<targetEntity>A7C014D6-E675-410D-EC5C-47914127EC31</targetEntity>
<transferable>true</transferable>
</Relation>