<?xml version = '1.0' encoding = 'UTF-8'?>
<Relation class="oracle.dbtools.crest.model.design.logical.Relation" name="LOC_C_ID_FK" directorySegmentName="seg_0" id="63E051E8-20E0-90D2-DA7D-B76EA0221343">
<createdBy>oracle</createdBy>
<createdTime>2009-12-18 15:31:11 UTC</createdTime>
<generatorID>910112C4-8177-66BB-C8E0-115E8BCBB3A2</generatorID>
<ownerDesignName>hr_schema</ownerDesignName>
<engineerTo>
<item key="8EAAFC55-0F0A-AEE1-F0F5-D8C0FCCDCAFF" value="true"/>
</engineerTo>
<sourcePk>382417B4-AB3F-A492-29C8-5D443434D04B</sourcePk>
<identifying>false</identifying>
<optionalSource>true</optionalSource>
<optionalTarget>true</optionalTarget>
<sourceCardinality>1</sourceCardinality>
<sourceEntity>F81DBBF0-BF8F-CCA6-0DCA-EF3F93E7ABF8</sourceEntity>
<targetCardinalityString>*</targetCardinalityString>
<targetEntity>C7519E83-906B-AF83-C245-C154947942DA</targetEntity>
<transferable>true</transferable>
</Relation>