<?xml version = '1.0' encoding = 'UTF-8'?>
<Relation class="oracle.dbtools.crest.model.design.logical.Relation" name="DEPT_MGR_FK" directorySegmentName="seg_0" id="66A6B6AA-641B-4B7D-B39A-D6606F143C3D">
<createdBy>oracle</createdBy>
<createdTime>2009-12-18 15:31:11 UTC</createdTime>
<generatorID>47F54D76-1DCC-F612-E810-E55D4879E47B</generatorID>
<ownerDesignName>hr_schema</ownerDesignName>
<engineerTo>
<item key="8EAAFC55-0F0A-AEE1-F0F5-D8C0FCCDCAFF" value="true"/>
</engineerTo>
<sourcePk>2583F946-B74D-9F32-9EBB-E6641F849E9B</sourcePk>
<identifying>false</identifying>
<optionalSource>true</optionalSource>
<optionalTarget>true</optionalTarget>
<sourceCardinality>1</sourceCardinality>
<sourceEntity>A7C014D6-E675-410D-EC5C-47914127EC31</sourceEntity>
<targetCardinalityString>*</targetCardinalityString>
<targetEntity>733F0DD8-A4C7-9531-03B0-27ABC743C8F7</targetEntity>
<transferable>true</transferable>
</Relation>