<?xml version = '1.0' encoding = 'UTF-8'?>
<Relation class="oracle.dbtools.crest.model.design.logical.Relation" name="EMP_DEPT_FK" directorySegmentName="seg_0" id="78B30ABF-DAD7-EC1F-4942-86EAA77020F4">
<createdBy>oracle</createdBy>
<createdTime>2009-12-18 15:31:11 UTC</createdTime>
<generatorID>CEF4A7D2-F22D-E9B7-35C1-EB7EA7AF43B7</generatorID>
<ownerDesignName>hr_schema</ownerDesignName>
<engineerTo>
<item key="8EAAFC55-0F0A-AEE1-F0F5-D8C0FCCDCAFF" value="true"/>
</engineerTo>
<sourcePk>78243872-2B7E-BBC6-00EE-9820C2938F9F</sourcePk>
<identifying>false</identifying>
<optionalSource>true</optionalSource>
<optionalTarget>true</optionalTarget>
<sourceCardinality>1</sourceCardinality>
<sourceEntity>733F0DD8-A4C7-9531-03B0-27ABC743C8F7</sourceEntity>
<targetCardinalityString>*</targetCardinalityString>
<targetEntity>A7C014D6-E675-410D-EC5C-47914127EC31</targetEntity>
<transferable>true</transferable>
</Relation>