<?xml version = '1.0' encoding = 'UTF-8'?>
<Relation class="oracle.dbtools.crest.model.design.logical.Relation" name="DEPT_LOC_FK" directorySegmentName="seg_0" id="9C69C71D-2C03-A3D7-6072-4071A4F3449B">
<createdBy>oracle</createdBy>
<createdTime>2009-12-18 15:31:11 UTC</createdTime>
<generatorID>940CD603-AE77-DC89-F33B-44CCF3FCC2F2</generatorID>
<ownerDesignName>hr_schema</ownerDesignName>
<engineerTo>
<item key="8EAAFC55-0F0A-AEE1-F0F5-D8C0FCCDCAFF" value="true"/>
</engineerTo>
<sourcePk>DD6889BC-B7EA-5EBF-2C37-E965266873AF</sourcePk>
<identifying>false</identifying>
<optionalSource>true</optionalSource>
<optionalTarget>true</optionalTarget>
<sourceCardinality>1</sourceCardinality>
<sourceEntity>C7519E83-906B-AF83-C245-C154947942DA</sourceEntity>
<targetCardinalityString>*</targetCardinalityString>
<targetEntity>733F0DD8-A4C7-9531-03B0-27ABC743C8F7</targetEntity>
<transferable>true</transferable>
</Relation>