<?xml version = '1.0' encoding = 'UTF-8'?>
<Relation class="oracle.dbtools.crest.model.design.logical.Relation" name="JHIST_EMP_FK" directorySegmentName="seg_0" id="A36CB548-A872-C7D1-BFFA-A1BCE871EF18">
<createdBy>oracle</createdBy>
<createdTime>2009-12-18 15:31:11 UTC</createdTime>
<generatorID>3E0C88FA-696D-CDA5-B552-2F24E238C66F</generatorID>
<ownerDesignName>hr_schema</ownerDesignName>
<engineerTo>
<item key="8EAAFC55-0F0A-AEE1-F0F5-D8C0FCCDCAFF" value="true"/>
</engineerTo>
<sourcePk>2583F946-B74D-9F32-9EBB-E6641F849E9B</sourcePk>
<identifying>true</identifying>
<optionalSource>true</optionalSource>
<optionalTarget>false</optionalTarget>
<sourceCardinality>1</sourceCardinality>
<sourceEntity>A7C014D6-E675-410D-EC5C-47914127EC31</sourceEntity>
<targetCardinalityString>*</targetCardinalityString>
<targetEntity>E451501F-DAD8-58E6-2072-50AE115E9BE7</targetEntity>
<transferable>true</transferable>
</Relation>