<?xml version = '1.0' encoding = 'UTF-8'?>
<Relation class="oracle.dbtools.crest.model.design.logical.Relation" name="JHIST_JOB_FK" directorySegmentName="seg_0" id="AC152A6F-D566-FB81-042D-5D55715B1447">
<createdBy>oracle</createdBy>
<createdTime>2009-12-18 15:31:11 UTC</createdTime>
<generatorID>CB30C348-DA8B-C860-0E10-B2A890A29689</generatorID>
<ownerDesignName>hr_schema</ownerDesignName>
<engineerTo>
<item key="8EAAFC55-0F0A-AEE1-F0F5-D8C0FCCDCAFF" value="true"/>
</engineerTo>
<sourcePk>8A5492A3-A6D4-48B4-10B6-D041C5A81AAE</sourcePk>
<identifying>false</identifying>
<optionalSource>true</optionalSource>
<optionalTarget>false</optionalTarget>
<sourceCardinality>1</sourceCardinality>
<sourceEntity>22236565-866C-05A7-1E30-78E0B221ADD4</sourceEntity>
<targetCardinalityString>*</targetCardinalityString>
<targetEntity>E451501F-DAD8-58E6-2072-50AE115E9BE7</targetEntity>
<transferable>true</transferable>
</Relation>