<?xml version = '1.0' encoding = 'UTF-8'?>
<Relation class="oracle.dbtools.crest.model.design.logical.Relation" name="EMP_MANAGER_FK" directorySegmentName="seg_0" id="BFA6AFB7-02A0-4B3B-AE02-5569E1E7CE8D">
<createdBy>oracle</createdBy>
<createdTime>2009-12-18 15:31:11 UTC</createdTime>
<generatorID>1072E05F-4F48-1AB5-FAAA-AC9746E678FC</generatorID>
<ownerDesignName>hr_schema</ownerDesignName>
<engineerTo>
<item key="8EAAFC55-0F0A-AEE1-F0F5-D8C0FCCDCAFF" value="true"/>
</engineerTo>
<targetPk>2583F946-B74D-9F32-9EBB-E6641F849E9B</targetPk>
<identifying>false</identifying>
<optionalSource>true</optionalSource>
<optionalTarget>false</optionalTarget>
<sourceCardinality>1</sourceCardinality>
<sourceEntity>A7C014D6-E675-410D-EC5C-47914127EC31</sourceEntity>
<targetCardinalityString>*</targetCardinalityString>
<targetEntity>A7C014D6-E675-410D-EC5C-47914127EC31</targetEntity>
<transferable>true</transferable>
</Relation>