<?xml version = '1.0' encoding = 'UTF-8'?>
<Relation class="oracle.dbtools.crest.model.design.logical.Relation" name="JHIST_DEPT_FK" directorySegmentName="seg_0" id="CF59EF92-8C52-2844-6AD8-F19E578BD87C">
<createdBy>oracle</createdBy>
<createdTime>2009-12-18 15:31:11 UTC</createdTime>
<generatorID>CF9EF2A9-5A02-9D52-FD5F-C1EF375D9777</generatorID>
<ownerDesignName>hr_schema</ownerDesignName>
<engineerTo>
<item key="8EAAFC55-0F0A-AEE1-F0F5-D8C0FCCDCAFF" value="true"/>
</engineerTo>
<sourcePk>78243872-2B7E-BBC6-00EE-9820C2938F9F</sourcePk>
<identifying>false</identifying>
<optionalSource>true</optionalSource>
<optionalTarget>true</optionalTarget>
<sourceCardinality>1</sourceCardinality>
<sourceEntity>733F0DD8-A4C7-9531-03B0-27ABC743C8F7</sourceEntity>
<targetCardinalityString>*</targetCardinalityString>
<targetEntity>E451501F-DAD8-58E6-2072-50AE115E9BE7</targetEntity>
<transferable>true</transferable>
</Relation>