<?xml version = '1.0' encoding = 'UTF-8'?>
<Relation class="oracle.dbtools.crest.model.design.logical.Relation" name="COUNTR_REG_FK" directorySegmentName="seg_0" id="E17E6BEA-6065-3F68-3FBF-F818E7D2727A">
<createdBy>oracle</createdBy>
<createdTime>2009-12-18 15:31:11 UTC</createdTime>
<generatorID>7800CE7E-104D-0494-6732-2119D4932CAB</generatorID>
<ownerDesignName>hr_schema</ownerDesignName>
<engineerTo>
<item key="8EAAFC55-0F0A-AEE1-F0F5-D8C0FCCDCAFF" value="true"/>
</engineerTo>
<sourcePk>50FD2958-790C-5A4F-CDB9-EA6A0D96B135</sourcePk>
<identifying>false</identifying>
<optionalSource>true</optionalSource>
<optionalTarget>true</optionalTarget>
<sourceCardinality>1</sourceCardinality>
<sourceEntity>DA72A447-6004-775D-D7FF-5CC5EEF182BC</sourceEntity>
<targetCardinalityString>*</targetCardinalityString>
<targetEntity>F81DBBF0-BF8F-CCA6-0DCA-EF3F93E7ABF8</targetEntity>
<transferable>true</transferable>
</Relation>