<?xml version = '1.0' encoding = 'UTF-8'?>
<SequenceOraclev10g class="oracle.dbtools.crest.model.design.storage.oracle.v10g.SequenceOraclev10g" name="ORDERS_SEQ" directorySegmentName="seg_0" id="D11BB7E0-FAC6-94EB-C8F1-343FB4361EA4">
<createdBy>smharper</createdBy>
<createdTime>2011-01-07 13:06:03 UTC</createdTime>
<ownerDesignName>OE_Sample</ownerDesignName>
<incrementBy>1</incrementBy>
<maxValue>9999999999999999999999999999</maxValue>
<minValue>1</minValue>
<noCache>YES</noCache>
<user>D6670C27-0286-8380-C2AB-1B6A7FDD2E54</user>
</SequenceOraclev10g>