<?xml version = '1.0' encoding = 'UTF-8'?>
<Table class="oracle.dbtools.crest.model.design.relational.Table" directorySegmentName="seg_0" id="0B0E02FF-EFF9-4340-60CE-9B5360C710A3" name="Reservation">
<createdBy>oracle</createdBy>
<createdTime>2014-02-12 20:54:36 UTC</createdTime>
<generatorID>0FD32AA4-C18D-34D7-A786-054DAC0BE3EF</generatorID>
<ownerDesignName>sol_14_01</ownerDesignName>
<allowColumnReorder>false</allowColumnReorder>
<existDependencyGenerateInDDl>true</existDependencyGenerateInDDl>
<columns itemClass="oracle.dbtools.crest.model.design.relational.Column">
<Column name="Criuse_ID" id="F85B7D68-B53F-C118-2FA6-BD8842F10E0B">
<createdBy>oracle</createdBy>
<createdTime>2014-02-12 20:54:36 UTC</createdTime>
<generatorID>D4A4D973-A950-8F4C-664A-3DEAB23D2273</generatorID>
<ownerDesignName>sol_14_01</ownerDesignName>
<use>0</use>
<logicalDatatype>LOGDT019</logicalDatatype>
<domain>E6BCF554-4132-4C22-A931-81D9B078FBEF</domain>
<delegate>278F44AC-4B5F-03C2-0119-28AD7ACE959B</delegate>
<previousColumn>false</previousColumn>
<autoIncrementCycle>false</autoIncrementCycle>
<associations>
<colAssociation fkAssociation="3038F2AC-A679-D1DC-3511-6C5DDCFC495A" referredColumn="278F44AC-4B5F-03C2-0119-28AD7ACE959B"/>
</associations>
</Column>
<Column name="Passenger_ID" id="61C815DF-7DC6-D95F-8592-6E7C55CAC10B">
<createdBy>oracle</createdBy>
<createdTime>2014-02-12 20:54:36 UTC</createdTime>
<generatorID>43CD7A76-F684-5401-7995-D9804750080D</generatorID>
<ownerDesignName>sol_14_01</ownerDesignName>
<nullsAllowed>true</nullsAllowed>
<use>0</use>
<logicalDatatype>LOGDT019</logicalDatatype>
<domain>E6BCF554-4132-4C22-A931-81D9B078FBEF</domain>
<delegate>C8C3D262-3F8F-D383-17B0-892D24F41906</delegate>
<previousColumn>false</previousColumn>
<autoIncrementCycle>false</autoIncrementCycle>
<associations>
<colAssociation fkAssociation="97721C70-70FF-D19B-0DDE-CE4E6370295A" referredColumn="C8C3D262-3F8F-D383-17B0-892D24F41906"/>
</associations>
</Column>
<Column name="Cabin_Ship_ID" id="DC9814AC-2C0A-59A6-8726-2C88CFD1A62F">
<createdBy>oracle</createdBy>
<createdTime>2014-02-12 20:54:36 UTC</createdTime>
<generatorID>74E095C9-8B4E-EE42-F133-51392FCB1D06</generatorID>
<ownerDesignName>sol_14_01</ownerDesignName>
<use>0</use>
<logicalDatatype>LOGDT019</logicalDatatype>
<domain>E6BCF554-4132-4C22-A931-81D9B078FBEF</domain>
<delegate>05C52FC9-7D32-4D1B-27D5-19A1C32EC79A</delegate>
<previousColumn>false</previousColumn>
<autoIncrementCycle>false</autoIncrementCycle>
<associations>
<colAssociation fkAssociation="E9C3687C-8D7D-DE8B-B78B-EA008731F717" referredColumn="05C52FC9-7D32-4D1B-27D5-19A1C32EC79A"/>
</associations>
</Column>
<Column name="Cabin_Class_ID" id="5101C1AA-E9A1-8D57-5A62-833BD6DB59F6">
<createdBy>oracle</createdBy>
<createdTime>2014-02-12 20:54:36 UTC</createdTime>
<generatorID>1F5A4183-4DEB-0E4F-A3D9-8B0F9D58130C</generatorID>
<ownerDesignName>sol_14_01</ownerDesignName>
<use>0</use>
<logicalDatatype>LOGDT019</logicalDatatype>
<domain>E6BCF554-4132-4C22-A931-81D9B078FBEF</domain>
<delegate>008125B3-5FED-0825-7BDF-629FCBC4749A</delegate>
<previousColumn>false</previousColumn>
<autoIncrementCycle>false</autoIncrementCycle>
<associations>
<colAssociation fkAssociation="E9C3687C-8D7D-DE8B-B78B-EA008731F717" referredColumn="008125B3-5FED-0825-7BDF-629FCBC4749A"/>
</associations>
</Column>
<Column name="Booking_Travel_Agent_ID" id="62B7B597-4371-7C6E-9925-8C1A96CA0D61">
<createdBy>oracle</createdBy>
<createdTime>2014-02-12 20:54:36 UTC</createdTime>
<generatorID>D3C94779-E45D-476B-71AB-B9AAF80E95B6</generatorID>
<ownerDesignName>sol_14_01</ownerDesignName>
<nullsAllowed>true</nullsAllowed>
<use>0</use>
<logicalDatatype>LOGDT019</logicalDatatype>
<domain>E6BCF554-4132-4C22-A931-81D9B078FBEF</domain>
<delegate>5DFB1423-C662-1CAF-D49A-F9A52228101E</delegate>
<previousColumn>false</previousColumn>
<autoIncrementCycle>false</autoIncrementCycle>
<associations>
<colAssociation fkAssociation="AAC91220-EA1D-1DA1-209B-F6CB4D809297" referredColumn="5DFB1423-C662-1CAF-D49A-F9A52228101E"/>
</associations>
</Column>
</columns>
<indexes itemClass="oracle.dbtools.crest.model.design.relational.Index">
<ind_PK_UK id="6D6457B1-F3D6-9B0E-D81C-E4558F4E82E3" name="PK_Reservation">
<createdBy>oracle</createdBy>
<createdTime>2014-02-12 20:54:36 UTC</createdTime>
<generatorID>0BF7D370-8BAF-9171-59E2-51F9F65FF426</generatorID>
<ownerDesignName>sol_14_01</ownerDesignName>
<pk>true</pk>
<indexState>Primary Constraint</indexState>
<isSurrogateKey>false</isSurrogateKey>
<indexColumnUsage>
<colUsage columnID="DC9814AC-2C0A-59A6-8726-2C88CFD1A62F"/>
<colUsage columnID="5101C1AA-E9A1-8D57-5A62-833BD6DB59F6"/>
<colUsage columnID="F85B7D68-B53F-C118-2FA6-BD8842F10E0B"/>
</indexColumnUsage>
</ind_PK_UK>
<ind_PK_UK id="E0CF8B7E-D033-FB63-E6BF-BC1E85E392B6" name="Relation_2">
<createdBy>oracle</createdBy>
<createdTime>2014-02-12 20:54:36 UTC</createdTime>
<generatorID>593359B4-6EFA-2174-4B47-AE513D0F0E67</generatorID>
<ownerDesignName>sol_14_01</ownerDesignName>
<indexState>Foreign Key</indexState>
<isSurrogateKey>false</isSurrogateKey>
<indexColumnUsage>
<colUsage columnID="62B7B597-4371-7C6E-9925-8C1A96CA0D61"/>
</indexColumnUsage>
</ind_PK_UK>
<ind_PK_UK id="21E659C5-EC9C-39D5-6CBD-4ED2FD222212" name="Relation_3">
<createdBy>oracle</createdBy>
<createdTime>2014-02-12 20:54:36 UTC</createdTime>
<generatorID>456DB50B-32A1-598B-CA36-867E2B4A49B6</generatorID>
<ownerDesignName>sol_14_01</ownerDesignName>
<indexState>Foreign Key</indexState>
<isSurrogateKey>false</isSurrogateKey>
<indexColumnUsage>
<colUsage columnID="F85B7D68-B53F-C118-2FA6-BD8842F10E0B"/>
</indexColumnUsage>
</ind_PK_UK>
<ind_PK_UK id="ABD8CC6F-886C-6A33-C13A-389EC3F5D00C" name="Relation_6">
<createdBy>oracle</createdBy>
<createdTime>2014-02-12 20:54:36 UTC</createdTime>
<generatorID>404E6EEE-DB88-C6CA-55AC-BBBCB11650B3</generatorID>
<ownerDesignName>sol_14_01</ownerDesignName>
<indexState>Foreign Key</indexState>
<isSurrogateKey>false</isSurrogateKey>
<indexColumnUsage>
<colUsage columnID="61C815DF-7DC6-D95F-8592-6E7C55CAC10B"/>
</indexColumnUsage>
</ind_PK_UK>
<ind_PK_UK id="B2C5115C-34DC-E695-49CD-EC79E7930A5D" name="Relation_7">
<createdBy>oracle</createdBy>
<createdTime>2014-02-12 20:54:36 UTC</createdTime>
<generatorID>635F91C1-B12A-CBD4-002F-3EA5E7F3125B</generatorID>
<ownerDesignName>sol_14_01</ownerDesignName>
<indexState>Foreign Key</indexState>
<isSurrogateKey>false</isSurrogateKey>
<indexColumnUsage>
<colUsage columnID="DC9814AC-2C0A-59A6-8726-2C88CFD1A62F"/>
<colUsage columnID="5101C1AA-E9A1-8D57-5A62-833BD6DB59F6"/>
</indexColumnUsage>
</ind_PK_UK>
</indexes>
</Table>