<?xml version = '1.0' encoding = 'UTF-8'?>
<Table class="oracle.dbtools.crest.model.design.relational.Table" directorySegmentName="seg_0" id="16375D13-6901-71EB-F39F-D118C7C1C810" name="Ship">
<createdBy>oracle</createdBy>
<createdTime>2014-02-12 20:54:36 UTC</createdTime>
<generatorID>5FD89C59-D6BB-B9E6-4317-5FCCAD4F6476</generatorID>
<ownerDesignName>sol_14_01</ownerDesignName>
<allowColumnReorder>false</allowColumnReorder>
<existDependencyGenerateInDDl>true</existDependencyGenerateInDDl>
<columns itemClass="oracle.dbtools.crest.model.design.relational.Column">
<Column name="ID" id="679E7D62-3D0D-4A85-47CD-6E07F1708F28">
<createdBy>oracle</createdBy>
<createdTime>2014-02-12 20:54:36 UTC</createdTime>
<generatorID>E0244405-A477-5E8B-E5AF-0755A78681E3</generatorID>
<ownerDesignName>sol_14_01</ownerDesignName>
<use>0</use>
<logicalDatatype>LOGDT019</logicalDatatype>
<domain>E6BCF554-4132-4C22-A931-81D9B078FBEF</domain>
<autoIncrementCycle>false</autoIncrementCycle>
</Column>
<Column name="Date_of_Entry" id="ACE6B452-61C0-CDE9-7037-C272FB058CB7">
<createdBy>oracle</createdBy>
<createdTime>2014-02-12 20:54:36 UTC</createdTime>
<generatorID>DA6B4969-6F63-A986-5FF6-B3FB6842CE57</generatorID>
<ownerDesignName>sol_14_01</ownerDesignName>
<nullsAllowed>true</nullsAllowed>
<useDomainConstraints>false</useDomainConstraints>
<use>1</use>
<logicalDatatype>LOGDT007</logicalDatatype>
<autoIncrementCycle>false</autoIncrementCycle>
</Column>
</columns>
<indexes itemClass="oracle.dbtools.crest.model.design.relational.Index">
<ind_PK_UK id="288DFE34-29E1-ECB9-6061-79F99A45FDA7" name="Ship_PK">
<createdBy>oracle</createdBy>
<createdTime>2014-02-12 20:54:36 UTC</createdTime>
<generatorID>41E26E55-645E-7FEA-DB6D-5C6F375D5707</generatorID>
<ownerDesignName>sol_14_01</ownerDesignName>
<pk>true</pk>
<indexState>Primary Constraint</indexState>
<isSurrogateKey>false</isSurrogateKey>
<indexColumnUsage>
<colUsage columnID="679E7D62-3D0D-4A85-47CD-6E07F1708F28"/>
</indexColumnUsage>
</ind_PK_UK>
</indexes>
</Table>