<?xml version = '1.0' encoding = 'UTF-8'?>
<Table class="oracle.dbtools.crest.model.design.relational.Table" directorySegmentName="seg_0" id="4CF3E672-8B23-CCF7-7F7D-CE99015479BD" name="Cruise_Stop">
<createdBy>oracle</createdBy>
<createdTime>2014-02-12 20:54:36 UTC</createdTime>
<generatorID>8BDE1348-5E76-D5BE-9F6D-9BD6858B56C1</generatorID>
<ownerDesignName>sol_14_01</ownerDesignName>
<allowColumnReorder>false</allowColumnReorder>
<existDependencyGenerateInDDl>true</existDependencyGenerateInDDl>
<columns itemClass="oracle.dbtools.crest.model.design.relational.Column">
<Column name="Cruise_ID" id="6FF959A6-048D-D683-668A-DCEF5242DBB4">
<createdBy>oracle</createdBy>
<createdTime>2014-02-12 20:54:36 UTC</createdTime>
<generatorID>A64D9E73-0B31-3124-D6AA-367AA128EA32</generatorID>
<ownerDesignName>sol_14_01</ownerDesignName>
<use>0</use>
<logicalDatatype>LOGDT019</logicalDatatype>
<domain>E6BCF554-4132-4C22-A931-81D9B078FBEF</domain>
<delegate>278F44AC-4B5F-03C2-0119-28AD7ACE959B</delegate>
<previousColumn>false</previousColumn>
<autoIncrementCycle>false</autoIncrementCycle>
<associations>
<colAssociation fkAssociation="82265BEF-71D0-9620-B78D-3858BCA65FD8" referredColumn="278F44AC-4B5F-03C2-0119-28AD7ACE959B"/>
</associations>
</Column>
<Column name="Port_ID" id="335372AB-FE3C-C18C-FA36-58CD2E1FF3B3">
<createdBy>oracle</createdBy>
<createdTime>2014-02-12 20:54:36 UTC</createdTime>
<generatorID>179309B4-8F08-1002-875A-8D211455D345</generatorID>
<ownerDesignName>sol_14_01</ownerDesignName>
<use>0</use>
<logicalDatatype>LOGDT019</logicalDatatype>
<domain>E6BCF554-4132-4C22-A931-81D9B078FBEF</domain>
<delegate>C89D3728-1179-E964-82C2-01A4F4FEE0FB</delegate>
<previousColumn>false</previousColumn>
<autoIncrementCycle>false</autoIncrementCycle>
<associations>
<colAssociation fkAssociation="EB78FD88-1F0B-F9F4-1107-B29E131D5191" referredColumn="C89D3728-1179-E964-82C2-01A4F4FEE0FB"/>
</associations>
</Column>
</columns>
<indexes itemClass="oracle.dbtools.crest.model.design.relational.Index">
<ind_PK_UK id="9268F53B-7670-BB37-ABCB-AD47841C4C8A" name="PK_Cruise_Stop">
<createdBy>oracle</createdBy>
<createdTime>2014-02-12 20:54:36 UTC</createdTime>
<generatorID>47AA6B6F-29BE-5884-0A28-690E75E66B93</generatorID>
<ownerDesignName>sol_14_01</ownerDesignName>
<pk>true</pk>
<indexState>Primary Constraint</indexState>
<isSurrogateKey>false</isSurrogateKey>
<indexColumnUsage>
<colUsage columnID="335372AB-FE3C-C18C-FA36-58CD2E1FF3B3"/>
<colUsage columnID="6FF959A6-048D-D683-668A-DCEF5242DBB4"/>
</indexColumnUsage>
</ind_PK_UK>
<ind_PK_UK id="9852256A-4666-1223-8B8A-4E3872F40B09" name="Relation_4">
<createdBy>oracle</createdBy>
<createdTime>2014-02-12 20:54:36 UTC</createdTime>
<generatorID>948FB387-CC90-FE61-7912-E43D9C0A4706</generatorID>
<ownerDesignName>sol_14_01</ownerDesignName>
<indexState>Foreign Key</indexState>
<isSurrogateKey>false</isSurrogateKey>
<indexColumnUsage>
<colUsage columnID="6FF959A6-048D-D683-668A-DCEF5242DBB4"/>
</indexColumnUsage>
</ind_PK_UK>
<ind_PK_UK id="77223913-14E0-C8A5-037C-C3407D9D29A7" name="Relation_5">
<createdBy>oracle</createdBy>
<createdTime>2014-02-12 20:54:36 UTC</createdTime>
<generatorID>204FBB8E-CB06-E8EF-C8CE-2955354EDB3A</generatorID>
<ownerDesignName>sol_14_01</ownerDesignName>
<indexState>Foreign Key</indexState>
<isSurrogateKey>false</isSurrogateKey>
<indexColumnUsage>
<colUsage columnID="335372AB-FE3C-C18C-FA36-58CD2E1FF3B3"/>
</indexColumnUsage>
</ind_PK_UK>
</indexes>
</Table>