<?xml version = '1.0' encoding = 'UTF-8'?>
<Table class="oracle.dbtools.crest.model.design.relational.Table" directorySegmentName="seg_0" id="7ED45C6A-1121-E79B-192A-81B417E486FA" name="Travel_Agent">
<createdBy>oracle</createdBy>
<createdTime>2014-02-12 20:54:36 UTC</createdTime>
<generatorID>9B94C46E-736E-EFEA-FA9C-0416E1058489</generatorID>
<ownerDesignName>sol_14_01</ownerDesignName>
<allowColumnReorder>false</allowColumnReorder>
<existDependencyGenerateInDDl>true</existDependencyGenerateInDDl>
<columns itemClass="oracle.dbtools.crest.model.design.relational.Column">
<Column name="ID" id="0C6BCD48-5633-6DC7-4694-2A984CEC315B">
<createdBy>oracle</createdBy>
<createdTime>2014-02-12 20:54:36 UTC</createdTime>
<generatorID>5602043F-DD03-233B-DE73-0D7B29850329</generatorID>
<ownerDesignName>sol_14_01</ownerDesignName>
<use>0</use>
<logicalDatatype>LOGDT019</logicalDatatype>
<domain>E6BCF554-4132-4C22-A931-81D9B078FBEF</domain>
<autoIncrementCycle>false</autoIncrementCycle>
</Column>
<Column name="Name" id="9524736A-66AD-253A-8BD7-2F4150A6BEB9">
<createdBy>oracle</createdBy>
<createdTime>2014-02-12 20:54:36 UTC</createdTime>
<generatorID>57C12FB5-5660-CB65-8A50-9F8FA5CFC7C9</generatorID>
<ownerDesignName>sol_14_01</ownerDesignName>
<nullsAllowed>true</nullsAllowed>
<use>0</use>
<logicalDatatype>LOGDT024</logicalDatatype>
<dataTypeSize>50 CHAR</dataTypeSize>
<domain>17143984-3D38-0092-CA15-93F1A735E9C0</domain>
<autoIncrementCycle>false</autoIncrementCycle>
</Column>
<Column name="Address" id="314A47C2-177B-7663-2E76-FB9D241213E6">
<createdBy>oracle</createdBy>
<createdTime>2014-02-12 20:54:36 UTC</createdTime>
<generatorID>5639C887-4FE1-A73C-7810-DA333FECEC3D</generatorID>
<ownerDesignName>sol_14_01</ownerDesignName>
<nullsAllowed>true</nullsAllowed>
<useDomainConstraints>false</useDomainConstraints>
<use>1</use>
<logicalDatatype>LOGDT024</logicalDatatype>
<dataTypeSize>100</dataTypeSize>
<autoIncrementCycle>false</autoIncrementCycle>
</Column>
<Column name="Phone_Number" id="A06D2F3D-EBCB-9B30-4DB1-FCC25C86B922">
<createdBy>oracle</createdBy>
<createdTime>2014-02-12 20:54:36 UTC</createdTime>
<generatorID>EBF909B9-C9B9-7226-C5E0-59FFA9D874D2</generatorID>
<ownerDesignName>sol_14_01</ownerDesignName>
<nullsAllowed>true</nullsAllowed>
<useDomainConstraints>false</useDomainConstraints>
<use>1</use>
<logicalDatatype>LOGDT024</logicalDatatype>
<dataTypeSize>10</dataTypeSize>
<autoIncrementCycle>false</autoIncrementCycle>
</Column>
<Column name="Commission_Percent" id="180754C3-997D-39E6-8E93-D4E51D9687BE">
<createdBy>oracle</createdBy>
<createdTime>2014-02-12 20:54:36 UTC</createdTime>
<generatorID>22955AEF-E95D-04F2-0BC1-E655788B2214</generatorID>
<ownerDesignName>sol_14_01</ownerDesignName>
<nullsAllowed>true</nullsAllowed>
<useDomainConstraints>false</useDomainConstraints>
<use>1</use>
<logicalDatatype>LOGDT026</logicalDatatype>
<dataTypePrecision>0</dataTypePrecision>
<dataTypeScale>2</dataTypeScale>
<autoIncrementCycle>false</autoIncrementCycle>
</Column>
</columns>
<indexes itemClass="oracle.dbtools.crest.model.design.relational.Index">
<ind_PK_UK id="0BF9287B-52D6-61B0-E323-35B7BD5EF081" name="Travel_Agent_PK">
<createdBy>oracle</createdBy>
<createdTime>2014-02-12 20:54:36 UTC</createdTime>
<generatorID>24EE8C4C-D992-886C-C7D9-E504B6795015</generatorID>
<ownerDesignName>sol_14_01</ownerDesignName>
<pk>true</pk>
<indexState>Primary Constraint</indexState>
<isSurrogateKey>false</isSurrogateKey>
<indexColumnUsage>
<colUsage columnID="0C6BCD48-5633-6DC7-4694-2A984CEC315B"/>
</indexColumnUsage>
</ind_PK_UK>
</indexes>
</Table>