<?xml version = '1.0' encoding = 'UTF-8'?>
<Table class="oracle.dbtools.crest.model.design.relational.Table" directorySegmentName="seg_0" id="9F1E313B-BAAD-ACC5-3E99-85A08D4883F0" name="Cruise">
<createdBy>oracle</createdBy>
<createdTime>2014-02-12 20:54:36 UTC</createdTime>
<generatorID>15E9A95F-2A81-16CB-DB34-3440B952EE7E</generatorID>
<ownerDesignName>sol_14_01</ownerDesignName>
<allowColumnReorder>false</allowColumnReorder>
<existDependencyGenerateInDDl>true</existDependencyGenerateInDDl>
<columns itemClass="oracle.dbtools.crest.model.design.relational.Column">
<Column name="ID" id="278F44AC-4B5F-03C2-0119-28AD7ACE959B">
<createdBy>oracle</createdBy>
<createdTime>2014-02-12 20:54:36 UTC</createdTime>
<generatorID>BF1C821D-F951-AC7B-3A39-A2B874711357</generatorID>
<ownerDesignName>sol_14_01</ownerDesignName>
<use>0</use>
<logicalDatatype>LOGDT019</logicalDatatype>
<domain>E6BCF554-4132-4C22-A931-81D9B078FBEF</domain>
<autoIncrementCycle>false</autoIncrementCycle>
</Column>
<Column name="Name" id="4181DF8A-01C3-2A94-E32D-5DA7688AD18A">
<createdBy>oracle</createdBy>
<createdTime>2014-02-12 20:54:36 UTC</createdTime>
<generatorID>50780A98-F39D-3C2F-62F3-9311EE5DAC8B</generatorID>
<ownerDesignName>sol_14_01</ownerDesignName>
<nullsAllowed>true</nullsAllowed>
<use>0</use>
<logicalDatatype>LOGDT024</logicalDatatype>
<dataTypeSize>50 CHAR</dataTypeSize>
<domain>17143984-3D38-0092-CA15-93F1A735E9C0</domain>
<autoIncrementCycle>false</autoIncrementCycle>
</Column>
<Column name="Number_of_Days" id="0D52DE44-12D2-09B5-E62C-294CE9D871B1">
<createdBy>oracle</createdBy>
<createdTime>2014-02-12 20:54:36 UTC</createdTime>
<generatorID>D5A338A4-6D0F-AC49-FDD0-14C160CBAF0A</generatorID>
<ownerDesignName>sol_14_01</ownerDesignName>
<nullsAllowed>true</nullsAllowed>
<useDomainConstraints>false</useDomainConstraints>
<use>1</use>
<logicalDatatype>LOGDT019</logicalDatatype>
<dataTypePrecision>3</dataTypePrecision>
<dataTypeScale>0</dataTypeScale>
<autoIncrementCycle>false</autoIncrementCycle>
</Column>
<Column name="Ship_ID" id="029D4BB1-2DC4-0544-2422-174C35551EB7">
<createdBy>oracle</createdBy>
<createdTime>2014-02-12 20:54:36 UTC</createdTime>
<generatorID>60F9A9D7-BBA7-E4FD-5580-4BCBC2519770</generatorID>
<ownerDesignName>sol_14_01</ownerDesignName>
<use>0</use>
<logicalDatatype>LOGDT019</logicalDatatype>
<domain>E6BCF554-4132-4C22-A931-81D9B078FBEF</domain>
<delegate>679E7D62-3D0D-4A85-47CD-6E07F1708F28</delegate>
<previousColumn>false</previousColumn>
<autoIncrementCycle>false</autoIncrementCycle>
<associations>
<colAssociation fkAssociation="86361DE0-90CB-9FFC-398B-8AF9AD95A743" referredColumn="679E7D62-3D0D-4A85-47CD-6E07F1708F28"/>
</associations>
</Column>
</columns>
<indexes itemClass="oracle.dbtools.crest.model.design.relational.Index">
<ind_PK_UK id="662976B3-7D88-F82F-1568-1DE2B2377BEB" name="Cruise_PK">
<createdBy>oracle</createdBy>
<createdTime>2014-02-12 20:54:36 UTC</createdTime>
<generatorID>8451053D-EF8E-0971-836A-3661DD60CB2D</generatorID>
<ownerDesignName>sol_14_01</ownerDesignName>
<pk>true</pk>
<indexState>Primary Constraint</indexState>
<isSurrogateKey>false</isSurrogateKey>
<indexColumnUsage>
<colUsage columnID="278F44AC-4B5F-03C2-0119-28AD7ACE959B"/>
</indexColumnUsage>
</ind_PK_UK>
<ind_PK_UK id="1D25ECB0-AAFE-D81B-6D79-86BD5263B011" name="Relation_10">
<createdBy>oracle</createdBy>
<createdTime>2014-02-12 20:54:36 UTC</createdTime>
<generatorID>ECD5D45F-CED9-2A31-5871-01842E5D99CF</generatorID>
<ownerDesignName>sol_14_01</ownerDesignName>
<indexState>Foreign Key</indexState>
<isSurrogateKey>false</isSurrogateKey>
<indexColumnUsage>
<colUsage columnID="029D4BB1-2DC4-0544-2422-174C35551EB7"/>
</indexColumnUsage>
</ind_PK_UK>
</indexes>
</Table>