<?xml version = '1.0' encoding = 'UTF-8'?>
<Table class="oracle.dbtools.crest.model.design.relational.Table" directorySegmentName="seg_0" id="B8FD119A-1CFD-9D2A-A3D0-1FDE33574008" name="Port">
<createdBy>oracle</createdBy>
<createdTime>2014-02-12 20:54:36 UTC</createdTime>
<generatorID>61A32928-F2A8-830C-9363-8F033C7EEF2B</generatorID>
<ownerDesignName>sol_14_01</ownerDesignName>
<allowColumnReorder>false</allowColumnReorder>
<existDependencyGenerateInDDl>true</existDependencyGenerateInDDl>
<columns itemClass="oracle.dbtools.crest.model.design.relational.Column">
<Column name="ID" id="C89D3728-1179-E964-82C2-01A4F4FEE0FB">
<createdBy>oracle</createdBy>
<createdTime>2014-02-12 20:54:36 UTC</createdTime>
<generatorID>4AFA6327-BA46-6B16-719E-09786E1DA26A</generatorID>
<ownerDesignName>sol_14_01</ownerDesignName>
<use>0</use>
<logicalDatatype>LOGDT019</logicalDatatype>
<domain>E6BCF554-4132-4C22-A931-81D9B078FBEF</domain>
<autoIncrementCycle>false</autoIncrementCycle>
</Column>
<Column name="Name" id="60E20540-124E-D788-42ED-3FDFC740D109">
<createdBy>oracle</createdBy>
<createdTime>2014-02-12 20:54:36 UTC</createdTime>
<generatorID>81C57F9F-79C6-BCF9-8F77-2AEAD3685D05</generatorID>
<ownerDesignName>sol_14_01</ownerDesignName>
<nullsAllowed>true</nullsAllowed>
<use>0</use>
<logicalDatatype>LOGDT024</logicalDatatype>
<dataTypeSize>50 CHAR</dataTypeSize>
<domain>17143984-3D38-0092-CA15-93F1A735E9C0</domain>
<autoIncrementCycle>false</autoIncrementCycle>
</Column>
</columns>
<indexes itemClass="oracle.dbtools.crest.model.design.relational.Index">
<ind_PK_UK id="3E9CA60E-06C1-6F59-AE30-14BEC3B076B6" name="Port_PK">
<createdBy>oracle</createdBy>
<createdTime>2014-02-12 20:54:36 UTC</createdTime>
<generatorID>741A5F14-F40E-F59E-F8BF-6FE8196533AC</generatorID>
<ownerDesignName>sol_14_01</ownerDesignName>
<pk>true</pk>
<indexState>Primary Constraint</indexState>
<isSurrogateKey>false</isSurrogateKey>
<indexColumnUsage>
<colUsage columnID="C89D3728-1179-E964-82C2-01A4F4FEE0FB"/>
</indexColumnUsage>
</ind_PK_UK>
</indexes>
</Table>