<?xml version = '1.0' encoding = 'UTF-8'?>
<Table class="oracle.dbtools.crest.model.design.relational.Table" directorySegmentName="seg_0" id="BA141405-E536-359E-163B-679DED1F7A7E" name="Cabin">
<createdBy>oracle</createdBy>
<createdTime>2014-02-12 20:54:36 UTC</createdTime>
<generatorID>A9E2F8D2-462B-25E6-9968-B2CA068A9039</generatorID>
<ownerDesignName>sol_14_01</ownerDesignName>
<allowColumnReorder>false</allowColumnReorder>
<existDependencyGenerateInDDl>true</existDependencyGenerateInDDl>
<columns itemClass="oracle.dbtools.crest.model.design.relational.Column">
<Column name="Price" id="CB3AA38B-290F-8A4C-3290-DDDFF205E108">
<createdBy>oracle</createdBy>
<createdTime>2014-02-12 20:54:36 UTC</createdTime>
<generatorID>F1F3A665-E845-3B41-C51A-81E2AE04C481</generatorID>
<ownerDesignName>sol_14_01</ownerDesignName>
<nullsAllowed>true</nullsAllowed>
<useDomainConstraints>false</useDomainConstraints>
<use>1</use>
<logicalDatatype>LOGDT043</logicalDatatype>
<dataTypePrecision>10</dataTypePrecision>
<dataTypeScale>2</dataTypeScale>
<autoIncrementCycle>false</autoIncrementCycle>
</Column>
<Column name="Class_ID" id="008125B3-5FED-0825-7BDF-629FCBC4749A">
<createdBy>oracle</createdBy>
<createdTime>2014-02-12 20:54:36 UTC</createdTime>
<generatorID>E347E0E5-A63D-38D8-3ED7-918BE74C2E7A</generatorID>
<ownerDesignName>sol_14_01</ownerDesignName>
<use>0</use>
<logicalDatatype>LOGDT019</logicalDatatype>
<domain>E6BCF554-4132-4C22-A931-81D9B078FBEF</domain>
<delegate>B4C231FB-4C03-B3B0-60C1-885D75F0711A</delegate>
<previousColumn>false</previousColumn>
<autoIncrementCycle>false</autoIncrementCycle>
<associations>
<colAssociation fkAssociation="CEE83E04-10DC-A678-3FC9-52E35DCFB8DA" referredColumn="B4C231FB-4C03-B3B0-60C1-885D75F0711A"/>
</associations>
</Column>
<Column name="Ship_ID" id="05C52FC9-7D32-4D1B-27D5-19A1C32EC79A">
<createdBy>oracle</createdBy>
<createdTime>2014-02-12 20:54:36 UTC</createdTime>
<generatorID>F95CC8DF-E426-9D50-8555-0092BD3E5656</generatorID>
<ownerDesignName>sol_14_01</ownerDesignName>
<use>0</use>
<logicalDatatype>LOGDT019</logicalDatatype>
<domain>E6BCF554-4132-4C22-A931-81D9B078FBEF</domain>
<delegate>679E7D62-3D0D-4A85-47CD-6E07F1708F28</delegate>
<previousColumn>false</previousColumn>
<autoIncrementCycle>false</autoIncrementCycle>
<associations>
<colAssociation fkAssociation="C2014A14-8197-1B97-C01A-586D1FAAC92D" referredColumn="679E7D62-3D0D-4A85-47CD-6E07F1708F28"/>
</associations>
</Column>
</columns>
<indexes itemClass="oracle.dbtools.crest.model.design.relational.Index">
<ind_PK_UK id="615A6FD8-2C00-5490-8D87-39F3E8D49DC0" name="PK_Cabin">
<createdBy>oracle</createdBy>
<createdTime>2014-02-12 20:54:36 UTC</createdTime>
<generatorID>A9FCB8B4-07D0-02A9-716F-922CF4031169</generatorID>
<ownerDesignName>sol_14_01</ownerDesignName>
<pk>true</pk>
<indexState>Primary Constraint</indexState>
<isSurrogateKey>false</isSurrogateKey>
<indexColumnUsage>
<colUsage columnID="05C52FC9-7D32-4D1B-27D5-19A1C32EC79A"/>
<colUsage columnID="008125B3-5FED-0825-7BDF-629FCBC4749A"/>
</indexColumnUsage>
</ind_PK_UK>
<ind_PK_UK id="E8920EF4-4516-4C32-E488-BBD82DBE07CD" name="Relation_8">
<createdBy>oracle</createdBy>
<createdTime>2014-02-12 20:54:36 UTC</createdTime>
<generatorID>C1D3D3A8-FAF7-36B6-8349-927969E22AC2</generatorID>
<ownerDesignName>sol_14_01</ownerDesignName>
<indexState>Foreign Key</indexState>
<isSurrogateKey>false</isSurrogateKey>
<indexColumnUsage>
<colUsage columnID="008125B3-5FED-0825-7BDF-629FCBC4749A"/>
</indexColumnUsage>
</ind_PK_UK>
<ind_PK_UK id="0A5A4D26-6B62-AB62-DB79-62C5E4401D2D" name="Relation_9">
<createdBy>oracle</createdBy>
<createdTime>2014-02-12 20:54:36 UTC</createdTime>
<generatorID>FE4C8154-2F2B-9385-AB82-6E393B341B29</generatorID>
<ownerDesignName>sol_14_01</ownerDesignName>
<indexState>Foreign Key</indexState>
<isSurrogateKey>false</isSurrogateKey>
<indexColumnUsage>
<colUsage columnID="05C52FC9-7D32-4D1B-27D5-19A1C32EC79A"/>
</indexColumnUsage>
</ind_PK_UK>
</indexes>
</Table>