<?xml version = '1.0' encoding = 'UTF-8'?>
<Table class="oracle.dbtools.crest.model.design.relational.Table" directorySegmentName="seg_0" id="CFAAE336-27AD-08EA-D843-8F01652150E1" name="Booking">
<createdBy>oracle</createdBy>
<createdTime>2014-02-12 20:54:36 UTC</createdTime>
<generatorID>7042EEB2-9AAD-73A4-32F3-D26941A03D10</generatorID>
<ownerDesignName>sol_14_01</ownerDesignName>
<allowColumnReorder>false</allowColumnReorder>
<existDependencyGenerateInDDl>true</existDependencyGenerateInDDl>
<columns itemClass="oracle.dbtools.crest.model.design.relational.Column">
<Column name="Travel_Agent_ID" id="5DFB1423-C662-1CAF-D49A-F9A52228101E">
<createdBy>oracle</createdBy>
<createdTime>2014-02-12 20:54:36 UTC</createdTime>
<generatorID>E1B69067-AC61-2272-A1B3-7265DFC5F83E</generatorID>
<ownerDesignName>sol_14_01</ownerDesignName>
<use>0</use>
<logicalDatatype>LOGDT019</logicalDatatype>
<domain>E6BCF554-4132-4C22-A931-81D9B078FBEF</domain>
<delegate>0C6BCD48-5633-6DC7-4694-2A984CEC315B</delegate>
<previousColumn>false</previousColumn>
<autoIncrementCycle>false</autoIncrementCycle>
<associations>
<colAssociation fkAssociation="6ADC7E9A-D3C0-F29C-A92E-69EA8AE5638E" referredColumn="0C6BCD48-5633-6DC7-4694-2A984CEC315B"/>
</associations>
</Column>
</columns>
<indexes itemClass="oracle.dbtools.crest.model.design.relational.Index">
<ind_PK_UK id="962570BE-3E76-0324-8A1B-720709D353FB" name="PK_Booking">
<createdBy>oracle</createdBy>
<createdTime>2014-02-12 20:54:36 UTC</createdTime>
<generatorID>8A8A14B9-360D-D383-2B7B-F5E014766DB7</generatorID>
<ownerDesignName>sol_14_01</ownerDesignName>
<pk>true</pk>
<indexState>Primary Constraint</indexState>
<isSurrogateKey>false</isSurrogateKey>
<indexColumnUsage>
<colUsage columnID="5DFB1423-C662-1CAF-D49A-F9A52228101E"/>
</indexColumnUsage>
</ind_PK_UK>
<ind_PK_UK id="7980F0D8-44CC-2DB6-6AF8-DAC84038F469" name="Relation_11">
<createdBy>oracle</createdBy>
<createdTime>2014-02-12 20:54:36 UTC</createdTime>
<generatorID>D7DD1A13-82F0-9148-4F8D-84328F13ECBD</generatorID>
<ownerDesignName>sol_14_01</ownerDesignName>
<indexState>Foreign Key</indexState>
<isSurrogateKey>false</isSurrogateKey>
<indexColumnUsage>
<colUsage columnID="5DFB1423-C662-1CAF-D49A-F9A52228101E"/>
</indexColumnUsage>
</ind_PK_UK>
</indexes>
</Table>