<?xml version = '1.0' encoding = 'UTF-8'?>
<Table class="oracle.dbtools.crest.model.design.relational.Table" directorySegmentName="seg_0" id="F771C595-B8C8-A9D0-60F3-2CD3469C4546" name="Passenger">
<createdBy>oracle</createdBy>
<createdTime>2014-02-12 20:54:36 UTC</createdTime>
<generatorID>D2CA86A5-C161-C601-04A5-D01A98898199</generatorID>
<ownerDesignName>sol_14_01</ownerDesignName>
<allowColumnReorder>false</allowColumnReorder>
<existDependencyGenerateInDDl>true</existDependencyGenerateInDDl>
<columns itemClass="oracle.dbtools.crest.model.design.relational.Column">
<Column name="ID" id="C8C3D262-3F8F-D383-17B0-892D24F41906">
<createdBy>oracle</createdBy>
<createdTime>2014-02-12 20:54:36 UTC</createdTime>
<generatorID>EBC58A6F-68A6-AA90-8BB8-F693B954BE0C</generatorID>
<ownerDesignName>sol_14_01</ownerDesignName>
<use>0</use>
<logicalDatatype>LOGDT019</logicalDatatype>
<domain>E6BCF554-4132-4C22-A931-81D9B078FBEF</domain>
<autoIncrementCycle>false</autoIncrementCycle>
</Column>
<Column name="Name" id="85C7BC5F-0394-59ED-0597-748CA4CF0B42">
<createdBy>oracle</createdBy>
<createdTime>2014-02-12 20:54:36 UTC</createdTime>
<generatorID>F0FFA2AA-DDC5-27A5-F09E-9189F1934581</generatorID>
<ownerDesignName>sol_14_01</ownerDesignName>
<nullsAllowed>true</nullsAllowed>
<use>0</use>
<logicalDatatype>LOGDT024</logicalDatatype>
<dataTypeSize>50 CHAR</dataTypeSize>
<domain>17143984-3D38-0092-CA15-93F1A735E9C0</domain>
<autoIncrementCycle>false</autoIncrementCycle>
</Column>
<Column name="Age" id="17FDF498-786E-DD25-B52A-3622F846683A">
<createdBy>oracle</createdBy>
<createdTime>2014-02-12 20:54:36 UTC</createdTime>
<generatorID>7BF96572-5D51-E733-8741-08D9E14BE48C</generatorID>
<ownerDesignName>sol_14_01</ownerDesignName>
<nullsAllowed>true</nullsAllowed>
<useDomainConstraints>false</useDomainConstraints>
<use>1</use>
<logicalDatatype>LOGDT019</logicalDatatype>
<dataTypePrecision>3</dataTypePrecision>
<dataTypeScale>0</dataTypeScale>
<autoIncrementCycle>false</autoIncrementCycle>
</Column>
</columns>
<indexes itemClass="oracle.dbtools.crest.model.design.relational.Index">
<ind_PK_UK id="9F47D165-8321-41EB-2EBA-A48BBAFBFDCA" name="Passenger_PK">
<createdBy>oracle</createdBy>
<createdTime>2014-02-12 20:54:36 UTC</createdTime>
<generatorID>639CC36D-46BD-998B-116B-9776F8B87939</generatorID>
<ownerDesignName>sol_14_01</ownerDesignName>
<pk>true</pk>
<indexState>Primary Constraint</indexState>
<isSurrogateKey>false</isSurrogateKey>
<indexColumnUsage>
<colUsage columnID="C8C3D262-3F8F-D383-17B0-892D24F41906"/>
</indexColumnUsage>
</ind_PK_UK>
</indexes>
</Table>