<?xml version = '1.0' encoding = 'UTF-8'?>
<DomainFile class="oracle.dbtools.crest.model.design.DomainFileWrapper" fileName="domains">
   <domains>
      <Domain class="oracle.dbtools.crest.model.design.Domain" name="Name_50" id="05380779-AA6B-F6D6-E4A9-D8438B965B01">
         <createdBy>oracle</createdBy>
         <createdTime>2011-11-14 09:56:15 UTC</createdTime>
         <ownerDesignName>sol_19_01</ownerDesignName>
         <importedID>05380779-AA6B-F6D6-E4A9-D8438B965B01</importedID>
         <avTSortOrder>0</avTSortOrder>
         <dataTypeSize>50 CHAR</dataTypeSize>
         <fileName>domains</fileName>
         <logicalDatatype>LOGDT024</logicalDatatype>
      </Domain>
      <Domain class="oracle.dbtools.crest.model.design.Domain" name="id_6" id="75944096-B87A-E700-F1D9-AA3A0B9500A8">
         <createdBy>oracle</createdBy>
         <createdTime>2011-11-14 09:56:15 UTC</createdTime>
         <ownerDesignName>sol_19_01</ownerDesignName>
         <importedID>75944096-B87A-E700-F1D9-AA3A0B9500A8</importedID>
         <avTSortOrder>0</avTSortOrder>
         <dataTypeSize>6 BYTE</dataTypeSize>
         <fileName>domains</fileName>
         <logicalDatatype>LOGDT019</logicalDatatype>
      </Domain>
   </domains>
</DomainFile>