<?xml version = '1.0' encoding = 'UTF-8'?>
<Entity class="oracle.dbtools.crest.model.design.logical.Entity" directorySegmentName="seg_0" id="41607443-C885-2325-E292-9BE4E01B1838" name="Individual">
<createdBy>oracle</createdBy>
<createdTime>2009-12-08 15:02:30 UTC</createdTime>
<ownerDesignName>sol_12_05</ownerDesignName>
<engineerTo>
<item key="8AE5E53E-8372-8DFA-5DED-F0FF639897E2" value="true"/>
</engineerTo>
<adequatelyNormalized>NO</adequatelyNormalized>
<expectedVolumes>0</expectedVolumes>
<fwdEngineeringStrategyName>Single Table</fwdEngineeringStrategyName>
<growthPercent>0</growthPercent>
<growthType>Year</growthType>
<maxVolumes>9999999</maxVolumes>
<minVolumes>0</minVolumes>
<normalForm>Third</normalForm>
<attributes itemClass="oracle.dbtools.crest.model.design.logical.Attribute">
<Attribute name="Driver&apos;s License State" id="4728DBDB-06DB-0E3E-26FA-2BC50E76F350">
<createdBy>oracle</createdBy>
<createdTime>2009-12-08 15:02:38 UTC</createdTime>
<ownerDesignName>sol_12_05</ownerDesignName>
<engineerTo>
<item key="8AE5E53E-8372-8DFA-5DED-F0FF639897E2" value="true"/>
</engineerTo>
<use>0</use>
</Attribute>
<Attribute name="Driver&apos;s License Number" id="6324E3F8-5842-B98B-0E7C-950D4497DD00">
<createdBy>oracle</createdBy>
<createdTime>2009-12-08 15:02:49 UTC</createdTime>
<ownerDesignName>sol_12_05</ownerDesignName>
<engineerTo>
<item key="8AE5E53E-8372-8DFA-5DED-F0FF639897E2" value="true"/>
</engineerTo>
<use>0</use>
</Attribute>
<Attribute name="Expiration Date" id="69BBD441-C672-ECD7-F559-3F6B73E5D956">
<createdBy>oracle</createdBy>
<createdTime>2009-12-08 15:02:59 UTC</createdTime>
<ownerDesignName>sol_12_05</ownerDesignName>
<engineerTo>
<item key="8AE5E53E-8372-8DFA-5DED-F0FF639897E2" value="true"/>
</engineerTo>
<nullsAllowed>true</nullsAllowed>
<use>0</use>
</Attribute>
<Attribute name="First Name" id="4C0D98E6-DF7E-9AF7-9E38-B2E344E6123E">
<createdBy>oracle</createdBy>
<createdTime>2009-12-08 15:03:06 UTC</createdTime>
<ownerDesignName>sol_12_05</ownerDesignName>
<engineerTo>
<item key="8AE5E53E-8372-8DFA-5DED-F0FF639897E2" value="true"/>
</engineerTo>
<nullsAllowed>true</nullsAllowed>
<use>0</use>
</Attribute>
<Attribute name="Last Name" id="20BB9E70-356E-E7B1-CF5D-5A151C6303A6">
<createdBy>oracle</createdBy>
<createdTime>2009-12-08 15:03:10 UTC</createdTime>
<ownerDesignName>sol_12_05</ownerDesignName>
<engineerTo>
<item key="8AE5E53E-8372-8DFA-5DED-F0FF639897E2" value="true"/>
</engineerTo>
<nullsAllowed>true</nullsAllowed>
<use>0</use>
</Attribute>
<Attribute name="Address" id="63F3634E-998E-0E78-AD61-B56B0EBC2C03">
<createdBy>oracle</createdBy>
<createdTime>2009-12-08 15:03:13 UTC</createdTime>
<ownerDesignName>sol_12_05</ownerDesignName>
<engineerTo>
<item key="8AE5E53E-8372-8DFA-5DED-F0FF639897E2" value="true"/>
</engineerTo>
<nullsAllowed>true</nullsAllowed>
<use>0</use>
</Attribute>
<Attribute name="Phone" id="A8466062-1657-FE3B-33E0-90327C195541">
<createdBy>oracle</createdBy>
<createdTime>2009-12-08 15:03:18 UTC</createdTime>
<ownerDesignName>sol_12_05</ownerDesignName>
<engineerTo>
<item key="8AE5E53E-8372-8DFA-5DED-F0FF639897E2" value="true"/>
</engineerTo>
<nullsAllowed>true</nullsAllowed>
<use>0</use>
</Attribute>
<Attribute name="Risk" id="36A6ACE8-4022-B1B0-1310-E3A433513017">
<createdBy>oracle</createdBy>
<createdTime>2009-12-08 15:03:21 UTC</createdTime>
<ownerDesignName>sol_12_05</ownerDesignName>
<engineerTo>
<item key="8AE5E53E-8372-8DFA-5DED-F0FF639897E2" value="true"/>
</engineerTo>
<nullsAllowed>true</nullsAllowed>
<use>0</use>
</Attribute>
</attributes>
<identifiers itemClass="oracle.dbtools.crest.model.design.logical.CandidateKey">
<identifier id="5680CFA0-1AF9-8DC2-AD5C-7376B09BDFAC" name="Individual_PK">
<createdBy>oracle</createdBy>
<createdTime>2009-12-08 15:03:27 UTC</createdTime>
<ownerDesignName>sol_12_05</ownerDesignName>
<engineerTo>
<item key="8AE5E53E-8372-8DFA-5DED-F0FF639897E2" value="true"/>
</engineerTo>
<pk>true</pk>
<usedAttributes>
<attributeRef>4728DBDB-06DB-0E3E-26FA-2BC50E76F350</attributeRef>
<attributeRef>6324E3F8-5842-B98B-0E7C-950D4497DD00</attributeRef>
</usedAttributes>
</identifier>
</identifiers>
</Entity>