<?xml version = '1.0' encoding = 'UTF-8'?>
<Entity class="oracle.dbtools.crest.model.design.logical.Entity" directorySegmentName="seg_0" id="6A54C8FD-DEAD-F4D3-A240-62FCF5817489" name="Company">
<createdBy>oracle</createdBy>
<createdTime>2009-12-08 15:03:34 UTC</createdTime>
<ownerDesignName>sol_12_05</ownerDesignName>
<engineerTo>
<item key="8AE5E53E-8372-8DFA-5DED-F0FF639897E2" value="true"/>
</engineerTo>
<adequatelyNormalized>NO</adequatelyNormalized>
<expectedVolumes>0</expectedVolumes>
<fwdEngineeringStrategyName>Single Table</fwdEngineeringStrategyName>
<growthPercent>0</growthPercent>
<growthType>Year</growthType>
<maxVolumes>9999999</maxVolumes>
<minVolumes>0</minVolumes>
<normalForm>Third</normalForm>
<attributes itemClass="oracle.dbtools.crest.model.design.logical.Attribute">
<Attribute name="Number" id="81382F82-F78B-3990-A237-48603EF7BAC1">
<createdBy>oracle</createdBy>
<createdTime>2009-12-08 15:03:42 UTC</createdTime>
<ownerDesignName>sol_12_05</ownerDesignName>
<engineerTo>
<item key="8AE5E53E-8372-8DFA-5DED-F0FF639897E2" value="true"/>
</engineerTo>
<use>0</use>
</Attribute>
<Attribute name="Name" id="8F87FCE9-653E-3820-D7CD-B18B9550A07D">
<createdBy>oracle</createdBy>
<createdTime>2009-12-08 15:03:46 UTC</createdTime>
<ownerDesignName>sol_12_05</ownerDesignName>
<engineerTo>
<item key="8AE5E53E-8372-8DFA-5DED-F0FF639897E2" value="true"/>
</engineerTo>
<nullsAllowed>true</nullsAllowed>
<use>0</use>
</Attribute>
<Attribute name="Address" id="E3BAD5BC-6899-C808-F648-BFEDD24E27D3">
<createdBy>oracle</createdBy>
<createdTime>2009-12-08 15:03:49 UTC</createdTime>
<ownerDesignName>sol_12_05</ownerDesignName>
<engineerTo>
<item key="8AE5E53E-8372-8DFA-5DED-F0FF639897E2" value="true"/>
</engineerTo>
<nullsAllowed>true</nullsAllowed>
<use>0</use>
</Attribute>
</attributes>
<identifiers itemClass="oracle.dbtools.crest.model.design.logical.CandidateKey">
<identifier id="2C5CC6C1-5E01-C9AC-1FBC-0769C6385883" name="Company_PK">
<createdBy>oracle</createdBy>
<createdTime>2009-12-08 15:03:55 UTC</createdTime>
<ownerDesignName>sol_12_05</ownerDesignName>
<engineerTo>
<item key="8AE5E53E-8372-8DFA-5DED-F0FF639897E2" value="true"/>
</engineerTo>
<pk>true</pk>
<usedAttributes>
<attributeRef>81382F82-F78B-3990-A237-48603EF7BAC1</attributeRef>
</usedAttributes>
</identifier>
</identifiers>
</Entity>