<?xml version = '1.0' encoding = 'UTF-8'?>
<Entity class="oracle.dbtools.crest.model.design.logical.Entity" directorySegmentName="seg_0" id="EF13EC74-7B77-A761-5AAF-695083F94641" name="Office">
<createdBy>oracle</createdBy>
<createdTime>2009-12-08 15:06:03 UTC</createdTime>
<ownerDesignName>sol_12_05</ownerDesignName>
<engineerTo>
<item key="8AE5E53E-8372-8DFA-5DED-F0FF639897E2" value="true"/>
</engineerTo>
<adequatelyNormalized>NO</adequatelyNormalized>
<expectedVolumes>0</expectedVolumes>
<fwdEngineeringStrategyName>Single Table</fwdEngineeringStrategyName>
<growthPercent>0</growthPercent>
<growthType>Year</growthType>
<maxVolumes>9999999</maxVolumes>
<minVolumes>0</minVolumes>
<normalForm>Third</normalForm>
<attributes itemClass="oracle.dbtools.crest.model.design.logical.Attribute">
<Attribute name="Number" id="09D8D2EA-9604-4341-38C9-14828063E15C">
<createdBy>oracle</createdBy>
<createdTime>2009-12-08 15:06:09 UTC</createdTime>
<ownerDesignName>sol_12_05</ownerDesignName>
<engineerTo>
<item key="8AE5E53E-8372-8DFA-5DED-F0FF639897E2" value="true"/>
</engineerTo>
<use>0</use>
</Attribute>
<Attribute name="Name" id="7F56F141-C586-5473-B3B9-5748DA6CD8FE">
<createdBy>oracle</createdBy>
<createdTime>2009-12-08 15:06:13 UTC</createdTime>
<ownerDesignName>sol_12_05</ownerDesignName>
<engineerTo>
<item key="8AE5E53E-8372-8DFA-5DED-F0FF639897E2" value="true"/>
</engineerTo>
<nullsAllowed>true</nullsAllowed>
<use>0</use>
</Attribute>
<Attribute name="Address" id="F9E0FD62-D323-3CEE-B8F6-63E6532E0083">
<createdBy>oracle</createdBy>
<createdTime>2009-12-08 15:06:16 UTC</createdTime>
<ownerDesignName>sol_12_05</ownerDesignName>
<engineerTo>
<item key="8AE5E53E-8372-8DFA-5DED-F0FF639897E2" value="true"/>
</engineerTo>
<nullsAllowed>true</nullsAllowed>
<use>0</use>
</Attribute>
</attributes>
<identifiers itemClass="oracle.dbtools.crest.model.design.logical.CandidateKey">
<identifier id="0F1EDB45-F4A2-E4D6-61C2-AFA83AC6D10D" name="Office_PK">
<createdBy>oracle</createdBy>
<createdTime>2009-12-08 15:06:20 UTC</createdTime>
<ownerDesignName>sol_12_05</ownerDesignName>
<engineerTo>
<item key="8AE5E53E-8372-8DFA-5DED-F0FF639897E2" value="true"/>
</engineerTo>
<pk>true</pk>
<usedAttributes>
<attributeRef>09D8D2EA-9604-4341-38C9-14828063E15C</attributeRef>
</usedAttributes>
</identifier>
</identifiers>
</Entity>