<?xml version = '1.0' encoding = 'UTF-8'?>
<FKArc class="oracle.dbtools.crest.model.design.relational.FKArc" directorySegmentName="seg_0" id="34CF33C4-C2BE-27C3-1D85-C2BA20C926E0" name="FKArc_1">
<createdBy>oracle</createdBy>
<createdTime>2014-02-12 20:54:36 UTC</createdTime>
<ownerDesignName>sol_14_01</ownerDesignName>
<mandatory>true</mandatory>
<table>0B0E02FF-EFF9-4340-60CE-9B5360C710A3</table>
<fkeys>
<fkeyID>97721C70-70FF-D19B-0DDE-CE4E6370295A</fkeyID>
<fkeyID>AAC91220-EA1D-1DA1-209B-F6CB4D809297</fkeyID>
</fkeys>
</FKArc>