<?xml version = '1.0' encoding = 'UTF-8'?>
<UserOraclev10g class="oracle.dbtools.crest.model.design.storage.oracle.v10g.UserOraclev10g" name="HR" directorySegmentName="seg_0" id="25FE5CA4-4DA6-5F09-9ABE-7E58B7715D75">
<sourceConnName>hr_orcl</sourceConnName>
<sourceObjName>HR</sourceObjName>
<createdBy>oracle</createdBy>
<createdTime>2011-11-14 09:52:45 UTC</createdTime>
<ownerDesignName>sol_19_01</ownerDesignName>
<schemaObject>9C030125-DA4D-FDEF-BBC0-77146F895669</schemaObject>
<privileges>CREATE VIEW, UNLIMITED TABLESPACE, CREATE DATABASE LINK, CREATE SEQUENCE, CREATE SESSION, ALTER SESSION, CREATE SYNONYM</privileges>
</UserOraclev10g>