<?xml version = '1.0' encoding = 'UTF-8'?>
<SynonymOraclev10g class="oracle.dbtools.crest.model.design.storage.oracle.v10g.SynonymOraclev10g" name="COUNTRIES" directorySegmentName="seg_0" id="BFCEB5BE-711E-A383-35E9-97AC29E4ACA2">
<createdBy>smharper</createdBy>
<createdTime>2011-01-07 13:05:26 UTC</createdTime>
<ownerDesignName>OE_Sample</ownerDesignName>
<object>COUNTRIES</object>
<objectUser>2AC725BA-B24A-FA66-761D-F68C4D2110BE</objectUser>
<user>D6670C27-0286-8380-C2AB-1B6A7FDD2E54</user>
</SynonymOraclev10g>