<?xml version = '1.0' encoding = 'UTF-8'?>
<Entity class="oracle.dbtools.crest.model.design.logical.Entity" directorySegmentName="seg_0" id="22236565-866C-05A7-1E30-78E0B221ADD4" name="JOBS">
<createdBy>oracle</createdBy>
<createdTime>2009-12-18 15:31:11 UTC</createdTime>
<commentInRDBMS>jobs table with job titles and salary ranges. Contains 19 rows.&lt;br&gt;References with employees and job_history table.</commentInRDBMS>
<generatorID>F2AB040E-C4DA-4A90-0669-94A558E06E60</generatorID>
<ownerDesignName>hr_schema</ownerDesignName>
<engineerTo>
<item key="8EAAFC55-0F0A-AEE1-F0F5-D8C0FCCDCAFF" value="true"/>
</engineerTo>
<adequatelyNormalized>NO</adequatelyNormalized>
<expectedVolumes>0</expectedVolumes>
<fwdEngineeringStrategyName>Single Table</fwdEngineeringStrategyName>
<growthPercent>0</growthPercent>
<growthType>Year</growthType>
<maxVolumes>9999999</maxVolumes>
<minVolumes>0</minVolumes>
<normalForm>Third</normalForm>
<attributes itemClass="oracle.dbtools.crest.model.design.logical.Attribute">
<Attribute name="JOB ID" id="9978174C-6F08-0D36-B84D-38C2F43DE61F">
<createdBy>oracle</createdBy>
<createdTime>2009-12-18 15:31:11 UTC</createdTime>
<commentInRDBMS>Primary key of jobs table.</commentInRDBMS>
<generatorID>F49234C5-AE6B-54B5-3478-0BDA8093FD2B</generatorID>
<ownerDesignName>hr_schema</ownerDesignName>
<engineerTo>
<item key="8EAAFC55-0F0A-AEE1-F0F5-D8C0FCCDCAFF" value="true"/>
</engineerTo>
<useDomainConstraints>false</useDomainConstraints>
<use>1</use>
<logicalDatatype>LOGDT024</logicalDatatype>
<dataTypeSize>10 BYTE</dataTypeSize>
</Attribute>
<Attribute name="JOB TITLE" id="932F3A8A-3F4B-C770-16DC-AEF38A39FCC1">
<createdBy>oracle</createdBy>
<createdTime>2009-12-18 15:31:11 UTC</createdTime>
<commentInRDBMS>A not null column that shows job title, e.g. AD_VP, FI_ACCOUNTANT</commentInRDBMS>
<generatorID>44FC78E3-3B57-EE97-B46A-27207807B96F</generatorID>
<ownerDesignName>hr_schema</ownerDesignName>
<engineerTo>
<item key="8EAAFC55-0F0A-AEE1-F0F5-D8C0FCCDCAFF" value="true"/>
</engineerTo>
<useDomainConstraints>false</useDomainConstraints>
<use>1</use>
<logicalDatatype>LOGDT024</logicalDatatype>
<dataTypeSize>35 BYTE</dataTypeSize>
</Attribute>
<Attribute name="MIN SALARY" id="A0DF71DA-E1CF-03C1-3457-8A5A14A61219">
<createdBy>oracle</createdBy>
<createdTime>2009-12-18 15:31:11 UTC</createdTime>
<commentInRDBMS>Minimum salary for a job title.</commentInRDBMS>
<generatorID>888730A9-5307-2D1F-2DC4-33F2B643370C</generatorID>
<ownerDesignName>hr_schema</ownerDesignName>
<engineerTo>
<item key="8EAAFC55-0F0A-AEE1-F0F5-D8C0FCCDCAFF" value="true"/>
</engineerTo>
<nullsAllowed>true</nullsAllowed>
<useDomainConstraints>false</useDomainConstraints>
<use>1</use>
<logicalDatatype>LOGDT019</logicalDatatype>
<dataTypePrecision>6</dataTypePrecision>
</Attribute>
<Attribute name="MAX SALARY" id="D4374397-B436-5CB7-270F-08B9F4B9D9E1">
<createdBy>oracle</createdBy>
<createdTime>2009-12-18 15:31:11 UTC</createdTime>
<commentInRDBMS>Maximum salary for a job title</commentInRDBMS>
<generatorID>CE4EBE76-C078-807F-C954-2CC9AE6517D8</generatorID>
<ownerDesignName>hr_schema</ownerDesignName>
<engineerTo>
<item key="8EAAFC55-0F0A-AEE1-F0F5-D8C0FCCDCAFF" value="true"/>
</engineerTo>
<nullsAllowed>true</nullsAllowed>
<useDomainConstraints>false</useDomainConstraints>
<use>1</use>
<logicalDatatype>LOGDT019</logicalDatatype>
<dataTypePrecision>6</dataTypePrecision>
</Attribute>
</attributes>
<identifiers itemClass="oracle.dbtools.crest.model.design.logical.CandidateKey">
<identifier id="8A5492A3-A6D4-48B4-10B6-D041C5A81AAE" name="JOB ID PK">
<createdBy>oracle</createdBy>
<createdTime>2009-12-18 15:31:11 UTC</createdTime>
<generatorID>F6DDA131-761A-18E1-26C3-C8A517678DD2</generatorID>
<ownerDesignName>hr_schema</ownerDesignName>
<engineerTo>
<item key="8EAAFC55-0F0A-AEE1-F0F5-D8C0FCCDCAFF" value="true"/>
</engineerTo>
<pk>true</pk>
<usedAttributes>
<attributeRef>9978174C-6F08-0D36-B84D-38C2F43DE61F</attributeRef>
</usedAttributes>
</identifier>
</identifiers>
</Entity>