<?xml version = '1.0' encoding = 'UTF-8'?>
<Entity class="oracle.dbtools.crest.model.design.logical.Entity" directorySegmentName="seg_0" id="733F0DD8-A4C7-9531-03B0-27ABC743C8F7" name="DEPARTMENTS">
<createdBy>oracle</createdBy>
<createdTime>2009-12-18 15:31:11 UTC</createdTime>
<commentInRDBMS>Departments table that shows details of departments where employees&lt;br&gt;work. Contains 27 rows; references with locations, employees, and job_history tables.</commentInRDBMS>
<generatorID>2168CBE7-8512-43AF-48C7-517B0CF601DA</generatorID>
<ownerDesignName>hr_schema</ownerDesignName>
<engineerTo>
<item key="8EAAFC55-0F0A-AEE1-F0F5-D8C0FCCDCAFF" value="true"/>
</engineerTo>
<adequatelyNormalized>NO</adequatelyNormalized>
<expectedVolumes>0</expectedVolumes>
<fwdEngineeringStrategyName>Single Table</fwdEngineeringStrategyName>
<growthPercent>0</growthPercent>
<growthType>Year</growthType>
<maxVolumes>9999999</maxVolumes>
<minVolumes>0</minVolumes>
<normalForm>Third</normalForm>
<attributes itemClass="oracle.dbtools.crest.model.design.logical.Attribute">
<Attribute name="DEPARTMENT ID" id="E4FA6484-8EF5-0609-D7FE-B498DEB45361">
<createdBy>oracle</createdBy>
<createdTime>2009-12-18 15:31:11 UTC</createdTime>
<commentInRDBMS>Primary key column of departments table.</commentInRDBMS>
<generatorID>DF28A083-70FD-FDD7-AC56-B04337F67123</generatorID>
<ownerDesignName>hr_schema</ownerDesignName>
<engineerTo>
<item key="8EAAFC55-0F0A-AEE1-F0F5-D8C0FCCDCAFF" value="true"/>
</engineerTo>
<useDomainConstraints>false</useDomainConstraints>
<use>1</use>
<logicalDatatype>LOGDT019</logicalDatatype>
<dataTypePrecision>4</dataTypePrecision>
</Attribute>
<Attribute name="DEPARTMENT NAME" id="0BCEDB35-960A-9EDA-8EAE-499997F64AC9">
<createdBy>oracle</createdBy>
<createdTime>2009-12-18 15:31:11 UTC</createdTime>
<commentInRDBMS>A not null column that shows name of a department. Administration,&lt;br&gt;Marketing, Purchasing, Human Resources, Shipping, IT, Executive, Public&lt;br&gt;Relations, Sales, Finance, and Accounting. </commentInRDBMS>
<generatorID>453BE916-7F76-A511-6701-F5915743AFE2</generatorID>
<ownerDesignName>hr_schema</ownerDesignName>
<engineerTo>
<item key="8EAAFC55-0F0A-AEE1-F0F5-D8C0FCCDCAFF" value="true"/>
</engineerTo>
<useDomainConstraints>false</useDomainConstraints>
<use>1</use>
<logicalDatatype>LOGDT024</logicalDatatype>
<dataTypeSize>30 BYTE</dataTypeSize>
</Attribute>
<Attribute name="MANAGER ID" id="9976CF5C-83C8-FD87-130F-0A5A2F8994C5">
<createdBy>oracle</createdBy>
<createdTime>2009-12-18 15:31:11 UTC</createdTime>
<commentInRDBMS>Manager_id of a department. Foreign key to employee_id column of employees table. The manager_id column of the employee table references this column.</commentInRDBMS>
<generatorID>66A6B6AA-641B-4B7D-B39A-D6606F143C3D</generatorID>
<ownerDesignName>hr_schema</ownerDesignName>
<engineerTo>
<item key="8EAAFC55-0F0A-AEE1-F0F5-D8C0FCCDCAFF" value="true"/>
</engineerTo>
<nullsAllowed>true</nullsAllowed>
<referedAttribute>030B5A45-6573-5081-5300-2E35C79955C1</referedAttribute>
<useDomainConstraints>false</useDomainConstraints>
<use>1</use>
<logicalDatatype>LOGDT019</logicalDatatype>
<dataTypePrecision>6</dataTypePrecision>
</Attribute>
<Attribute name="LOCATION ID" id="0624B882-312D-6552-5605-268427845134">
<createdBy>oracle</createdBy>
<createdTime>2009-12-18 15:31:11 UTC</createdTime>
<commentInRDBMS>Location id where a department is located. Foreign key to location_id column of locations table.</commentInRDBMS>
<generatorID>9C69C71D-2C03-A3D7-6072-4071A4F3449B</generatorID>
<ownerDesignName>hr_schema</ownerDesignName>
<engineerTo>
<item key="8EAAFC55-0F0A-AEE1-F0F5-D8C0FCCDCAFF" value="true"/>
</engineerTo>
<nullsAllowed>true</nullsAllowed>
<referedAttribute>6763E9ED-5F38-B2D3-663A-DF017DFD397C</referedAttribute>
<useDomainConstraints>false</useDomainConstraints>
<use>1</use>
<logicalDatatype>LOGDT019</logicalDatatype>
<dataTypePrecision>4</dataTypePrecision>
</Attribute>
</attributes>
<identifiers itemClass="oracle.dbtools.crest.model.design.logical.CandidateKey">
<identifier id="78243872-2B7E-BBC6-00EE-9820C2938F9F" name="DEPT ID PK">
<createdBy>oracle</createdBy>
<createdTime>2009-12-18 15:31:11 UTC</createdTime>
<generatorID>943B23A4-CA22-86F8-106B-3A0394BA0076</generatorID>
<ownerDesignName>hr_schema</ownerDesignName>
<engineerTo>
<item key="8EAAFC55-0F0A-AEE1-F0F5-D8C0FCCDCAFF" value="true"/>
</engineerTo>
<pk>true</pk>
<usedAttributes>
<attributeRef>E4FA6484-8EF5-0609-D7FE-B498DEB45361</attributeRef>
</usedAttributes>
</identifier>
</identifiers>
</Entity>