<?xml version = '1.0' encoding = 'UTF-8'?>
<Entity class="oracle.dbtools.crest.model.design.logical.Entity" directorySegmentName="seg_0" id="A7C014D6-E675-410D-EC5C-47914127EC31" name="EMPLOYEES">
<createdBy>oracle</createdBy>
<createdTime>2009-12-18 15:31:11 UTC</createdTime>
<commentInRDBMS>employees table. Contains 107 rows. References with departments,&lt;br&gt;jobs, job_history tables. Contains a self reference.</commentInRDBMS>
<generatorID>DC6A08B0-832F-B2FC-69CA-0F7B4160D912</generatorID>
<ownerDesignName>hr_schema</ownerDesignName>
<engineerTo>
<item key="8EAAFC55-0F0A-AEE1-F0F5-D8C0FCCDCAFF" value="true"/>
</engineerTo>
<adequatelyNormalized>NO</adequatelyNormalized>
<expectedVolumes>0</expectedVolumes>
<fwdEngineeringStrategyName>Single Table</fwdEngineeringStrategyName>
<growthPercent>0</growthPercent>
<growthType>Year</growthType>
<maxVolumes>9999999</maxVolumes>
<minVolumes>0</minVolumes>
<normalForm>Third</normalForm>
<attributes itemClass="oracle.dbtools.crest.model.design.logical.Attribute">
<Attribute name="EMPLOYEE ID" id="030B5A45-6573-5081-5300-2E35C79955C1">
<createdBy>oracle</createdBy>
<createdTime>2009-12-18 15:31:11 UTC</createdTime>
<commentInRDBMS>Primary key of employees table.</commentInRDBMS>
<generatorID>51D57A81-11E6-3D7A-C6BD-23F9B2FCC0BD</generatorID>
<ownerDesignName>hr_schema</ownerDesignName>
<engineerTo>
<item key="8EAAFC55-0F0A-AEE1-F0F5-D8C0FCCDCAFF" value="true"/>
</engineerTo>
<useDomainConstraints>false</useDomainConstraints>
<use>1</use>
<logicalDatatype>LOGDT019</logicalDatatype>
<dataTypePrecision>6</dataTypePrecision>
</Attribute>
<Attribute name="FIRST NAME" id="ED459911-362A-BE3D-732E-FB28A15F01F4">
<createdBy>oracle</createdBy>
<createdTime>2009-12-18 15:31:11 UTC</createdTime>
<commentInRDBMS>First name of the employee. A not null column.</commentInRDBMS>
<generatorID>FDD2EE20-C015-C17D-F2B0-1D0093A50251</generatorID>
<ownerDesignName>hr_schema</ownerDesignName>
<engineerTo>
<item key="8EAAFC55-0F0A-AEE1-F0F5-D8C0FCCDCAFF" value="true"/>
</engineerTo>
<nullsAllowed>true</nullsAllowed>
<useDomainConstraints>false</useDomainConstraints>
<use>1</use>
<logicalDatatype>LOGDT024</logicalDatatype>
<dataTypeSize>20 BYTE</dataTypeSize>
</Attribute>
<Attribute name="LAST NAME" id="64803364-0E90-1375-32F2-98232BA8A05D">
<createdBy>oracle</createdBy>
<createdTime>2009-12-18 15:31:11 UTC</createdTime>
<commentInRDBMS>Last name of the employee. A not null column.</commentInRDBMS>
<generatorID>BF15C32D-BAE0-1C68-45EA-E15B5ADC0B16</generatorID>
<ownerDesignName>hr_schema</ownerDesignName>
<engineerTo>
<item key="8EAAFC55-0F0A-AEE1-F0F5-D8C0FCCDCAFF" value="true"/>
</engineerTo>
<useDomainConstraints>false</useDomainConstraints>
<use>1</use>
<logicalDatatype>LOGDT024</logicalDatatype>
<dataTypeSize>25 BYTE</dataTypeSize>
</Attribute>
<Attribute name="EMAIL" id="22B10164-E6D8-A895-EFB0-71DAC9A20D2A">
<createdBy>oracle</createdBy>
<createdTime>2009-12-18 15:31:11 UTC</createdTime>
<commentInRDBMS>Email id of the employee</commentInRDBMS>
<generatorID>D33D0CA6-7DEA-8772-7E9B-FD86FB79CD5B</generatorID>
<ownerDesignName>hr_schema</ownerDesignName>
<engineerTo>
<item key="8EAAFC55-0F0A-AEE1-F0F5-D8C0FCCDCAFF" value="true"/>
</engineerTo>
<useDomainConstraints>false</useDomainConstraints>
<use>1</use>
<logicalDatatype>LOGDT024</logicalDatatype>
<dataTypeSize>25 BYTE</dataTypeSize>
</Attribute>
<Attribute name="PHONE NUMBER" id="1748CA61-C9FA-EC2B-A0B7-398116BDCDD7">
<createdBy>oracle</createdBy>
<createdTime>2009-12-18 15:31:11 UTC</createdTime>
<commentInRDBMS>Phone number of the employee; includes country code and area code</commentInRDBMS>
<generatorID>A1B3E632-5FF6-FD5F-98B8-FF26CFEC0DF5</generatorID>
<ownerDesignName>hr_schema</ownerDesignName>
<engineerTo>
<item key="8EAAFC55-0F0A-AEE1-F0F5-D8C0FCCDCAFF" value="true"/>
</engineerTo>
<nullsAllowed>true</nullsAllowed>
<useDomainConstraints>false</useDomainConstraints>
<use>1</use>
<logicalDatatype>LOGDT024</logicalDatatype>
<dataTypeSize>20 BYTE</dataTypeSize>
</Attribute>
<Attribute name="HIRE DATE" id="1FF68B31-9BED-2113-F493-EAA0EF666BC8">
<createdBy>oracle</createdBy>
<createdTime>2009-12-18 15:31:11 UTC</createdTime>
<commentInRDBMS>Date when the employee started on this job. A not null column.</commentInRDBMS>
<generatorID>591CFC0F-1D35-FA29-C263-46A382A32EF3</generatorID>
<ownerDesignName>hr_schema</ownerDesignName>
<engineerTo>
<item key="8EAAFC55-0F0A-AEE1-F0F5-D8C0FCCDCAFF" value="true"/>
</engineerTo>
<useDomainConstraints>false</useDomainConstraints>
<use>1</use>
<logicalDatatype>LOGDT007</logicalDatatype>
</Attribute>
<Attribute name="JOB ID" id="B2D02182-2B6D-DAAF-8CE5-8FD768E7650F">
<createdBy>oracle</createdBy>
<createdTime>2009-12-18 15:31:11 UTC</createdTime>
<commentInRDBMS>Current job of the employee; foreign key to job_id column of the&lt;br&gt;jobs table. A not null column.</commentInRDBMS>
<generatorID>24433A89-1005-330D-7920-F9F296C91A8C</generatorID>
<ownerDesignName>hr_schema</ownerDesignName>
<engineerTo>
<item key="8EAAFC55-0F0A-AEE1-F0F5-D8C0FCCDCAFF" value="true"/>
</engineerTo>
<referedAttribute>9978174C-6F08-0D36-B84D-38C2F43DE61F</referedAttribute>
<useDomainConstraints>false</useDomainConstraints>
<use>1</use>
<logicalDatatype>LOGDT024</logicalDatatype>
<dataTypeSize>10 BYTE</dataTypeSize>
</Attribute>
<Attribute name="SALARY" id="62415D54-4CEE-2028-AFF2-1914573E5EA6">
<createdBy>oracle</createdBy>
<createdTime>2009-12-18 15:31:11 UTC</createdTime>
<commentInRDBMS>Monthly salary of the employee. Must be greater&lt;br&gt;than zero (enforced by constraint emp_salary_min)</commentInRDBMS>
<generatorID>D8A51B23-5994-2A13-D397-1D56DBB6B154</generatorID>
<ownerDesignName>hr_schema</ownerDesignName>
<engineerTo>
<item key="8EAAFC55-0F0A-AEE1-F0F5-D8C0FCCDCAFF" value="true"/>
</engineerTo>
<nullsAllowed>true</nullsAllowed>
<useDomainConstraints>false</useDomainConstraints>
<use>1</use>
<logicalDatatype>LOGDT019</logicalDatatype>
<dataTypePrecision>8</dataTypePrecision>
<dataTypeScale>2</dataTypeScale>
<checkConstraint>
<implementationDef dbType="Oracle Database 11g" definition="salary &gt; 0"/>
</checkConstraint>
</Attribute>
<Attribute name="COMMISSION PCT" id="21E3046E-AEAE-080A-6AEF-5B3782913DCA">
<createdBy>oracle</createdBy>
<createdTime>2009-12-18 15:31:11 UTC</createdTime>
<commentInRDBMS>Commission percentage of the employee; Only employees in sales&lt;br&gt;department elgible for commission percentage</commentInRDBMS>
<generatorID>B74541E0-98BC-A0DA-D264-0EAB95BC31BA</generatorID>
<ownerDesignName>hr_schema</ownerDesignName>
<engineerTo>
<item key="8EAAFC55-0F0A-AEE1-F0F5-D8C0FCCDCAFF" value="true"/>
</engineerTo>
<nullsAllowed>true</nullsAllowed>
<useDomainConstraints>false</useDomainConstraints>
<use>1</use>
<logicalDatatype>LOGDT019</logicalDatatype>
<dataTypePrecision>2</dataTypePrecision>
<dataTypeScale>2</dataTypeScale>
</Attribute>
<Attribute name="MANAGER ID" id="F38903CE-B28B-6DFB-3102-746C12250916">
<createdBy>oracle</createdBy>
<createdTime>2009-12-18 15:31:11 UTC</createdTime>
<commentInRDBMS>Manager id of the employee; has same domain as manager_id in&lt;br&gt;departments table. Foreign key to employee_id column of employees table.&lt;br&gt;(useful for reflexive joins and CONNECT BY query)</commentInRDBMS>
<generatorID>BFA6AFB7-02A0-4B3B-AE02-5569E1E7CE8D</generatorID>
<ownerDesignName>hr_schema</ownerDesignName>
<engineerTo>
<item key="8EAAFC55-0F0A-AEE1-F0F5-D8C0FCCDCAFF" value="true"/>
</engineerTo>
<nullsAllowed>true</nullsAllowed>
<referedAttribute>030B5A45-6573-5081-5300-2E35C79955C1</referedAttribute>
<useDomainConstraints>false</useDomainConstraints>
<use>1</use>
<logicalDatatype>LOGDT019</logicalDatatype>
<dataTypePrecision>6</dataTypePrecision>
</Attribute>
<Attribute name="DEPARTMENT ID" id="46E45768-0C34-A0D0-F87F-76EBBDAA1AE3">
<createdBy>oracle</createdBy>
<createdTime>2009-12-18 15:31:11 UTC</createdTime>
<commentInRDBMS>Department id where employee works; foreign key to department_id&lt;br&gt;column of the departments table</commentInRDBMS>
<generatorID>78B30ABF-DAD7-EC1F-4942-86EAA77020F4</generatorID>
<ownerDesignName>hr_schema</ownerDesignName>
<engineerTo>
<item key="8EAAFC55-0F0A-AEE1-F0F5-D8C0FCCDCAFF" value="true"/>
</engineerTo>
<nullsAllowed>true</nullsAllowed>
<referedAttribute>E4FA6484-8EF5-0609-D7FE-B498DEB45361</referedAttribute>
<useDomainConstraints>false</useDomainConstraints>
<use>1</use>
<logicalDatatype>LOGDT019</logicalDatatype>
<dataTypePrecision>4</dataTypePrecision>
</Attribute>
</attributes>
<identifiers itemClass="oracle.dbtools.crest.model.design.logical.CandidateKey">
<identifier id="A5B11F9C-F1FA-C859-8622-77A864EE54DB" name="EMP EMAIL UK">
<createdBy>oracle</createdBy>
<createdTime>2009-12-18 15:31:11 UTC</createdTime>
<generatorID>E818346C-B4C1-DDEE-7CB9-FD5D7107CA19</generatorID>
<ownerDesignName>hr_schema</ownerDesignName>
<engineerTo>
<item key="8EAAFC55-0F0A-AEE1-F0F5-D8C0FCCDCAFF" value="true"/>
</engineerTo>
<usedAttributes>
<attributeRef>22B10164-E6D8-A895-EFB0-71DAC9A20D2A</attributeRef>
</usedAttributes>
</identifier>
<identifier id="2583F946-B74D-9F32-9EBB-E6641F849E9B" name="EMP EMP ID PK">
<createdBy>oracle</createdBy>
<createdTime>2009-12-18 15:31:11 UTC</createdTime>
<generatorID>A8096854-4BF3-53AC-BF1B-9C53C6C5F9BC</generatorID>
<ownerDesignName>hr_schema</ownerDesignName>
<engineerTo>
<item key="8EAAFC55-0F0A-AEE1-F0F5-D8C0FCCDCAFF" value="true"/>
</engineerTo>
<pk>true</pk>
<usedAttributes>
<attributeRef>030B5A45-6573-5081-5300-2E35C79955C1</attributeRef>
</usedAttributes>
</identifier>
</identifiers>
</Entity>