<?xml version = '1.0' encoding = 'UTF-8'?>
<Entity class="oracle.dbtools.crest.model.design.logical.Entity" directorySegmentName="seg_0" id="C7519E83-906B-AF83-C245-C154947942DA" name="LOCATIONS">
<createdBy>oracle</createdBy>
<createdTime>2009-12-18 15:31:11 UTC</createdTime>
<commentInRDBMS>Locations table that contains specific address of a specific office,&lt;br&gt;warehouse, and/or production site of a company. Does not store addresses /&lt;br&gt;locations of customers. Contains 23 rows; references with the&lt;br&gt;departments and countries tables. </commentInRDBMS>
<generatorID>F59CED9A-4D43-AE7B-1C14-3B7E3B448C59</generatorID>
<ownerDesignName>hr_schema</ownerDesignName>
<engineerTo>
<item key="8EAAFC55-0F0A-AEE1-F0F5-D8C0FCCDCAFF" value="true"/>
</engineerTo>
<adequatelyNormalized>NO</adequatelyNormalized>
<expectedVolumes>0</expectedVolumes>
<fwdEngineeringStrategyName>Single Table</fwdEngineeringStrategyName>
<growthPercent>0</growthPercent>
<growthType>Year</growthType>
<maxVolumes>9999999</maxVolumes>
<minVolumes>0</minVolumes>
<normalForm>Third</normalForm>
<attributes itemClass="oracle.dbtools.crest.model.design.logical.Attribute">
<Attribute name="LOCATION ID" id="6763E9ED-5F38-B2D3-663A-DF017DFD397C">
<createdBy>oracle</createdBy>
<createdTime>2009-12-18 15:31:11 UTC</createdTime>
<commentInRDBMS>Primary key of locations table</commentInRDBMS>
<generatorID>3286A712-0761-E343-8E98-D19C909F6AC8</generatorID>
<ownerDesignName>hr_schema</ownerDesignName>
<engineerTo>
<item key="8EAAFC55-0F0A-AEE1-F0F5-D8C0FCCDCAFF" value="true"/>
</engineerTo>
<useDomainConstraints>false</useDomainConstraints>
<use>1</use>
<logicalDatatype>LOGDT019</logicalDatatype>
<dataTypePrecision>4</dataTypePrecision>
</Attribute>
<Attribute name="STREET ADDRESS" id="1B5C3BAA-125C-49CD-4CE9-E82F59556D8C">
<createdBy>oracle</createdBy>
<createdTime>2009-12-18 15:31:11 UTC</createdTime>
<commentInRDBMS>Street address of an office, warehouse, or production site of a company.&lt;br&gt;Contains building number and street name</commentInRDBMS>
<generatorID>61EE2392-5B90-C053-5E60-E99A35FE87AB</generatorID>
<ownerDesignName>hr_schema</ownerDesignName>
<engineerTo>
<item key="8EAAFC55-0F0A-AEE1-F0F5-D8C0FCCDCAFF" value="true"/>
</engineerTo>
<nullsAllowed>true</nullsAllowed>
<useDomainConstraints>false</useDomainConstraints>
<use>1</use>
<logicalDatatype>LOGDT024</logicalDatatype>
<dataTypeSize>40 BYTE</dataTypeSize>
</Attribute>
<Attribute name="POSTAL CODE" id="ED4F2912-5786-4EB9-0505-AEB8F23553AF">
<createdBy>oracle</createdBy>
<createdTime>2009-12-18 15:31:11 UTC</createdTime>
<commentInRDBMS>Postal code of the location of an office, warehouse, or production site&lt;br&gt;of a company. </commentInRDBMS>
<generatorID>D263FD2C-7628-F4D7-E26B-CFF917384088</generatorID>
<ownerDesignName>hr_schema</ownerDesignName>
<engineerTo>
<item key="8EAAFC55-0F0A-AEE1-F0F5-D8C0FCCDCAFF" value="true"/>
</engineerTo>
<nullsAllowed>true</nullsAllowed>
<useDomainConstraints>false</useDomainConstraints>
<use>1</use>
<logicalDatatype>LOGDT024</logicalDatatype>
<dataTypeSize>12 BYTE</dataTypeSize>
</Attribute>
<Attribute name="CITY" id="4025D8D6-2CC3-6C82-F554-7BF108A6201E">
<createdBy>oracle</createdBy>
<createdTime>2009-12-18 15:31:11 UTC</createdTime>
<commentInRDBMS>A not null column that shows city where an office, warehouse, or&lt;br&gt;production site of a company is located. </commentInRDBMS>
<generatorID>D81B8D1B-3EE8-F3DC-FAD9-5105601397B4</generatorID>
<ownerDesignName>hr_schema</ownerDesignName>
<engineerTo>
<item key="8EAAFC55-0F0A-AEE1-F0F5-D8C0FCCDCAFF" value="true"/>
</engineerTo>
<useDomainConstraints>false</useDomainConstraints>
<use>1</use>
<logicalDatatype>LOGDT024</logicalDatatype>
<dataTypeSize>30 BYTE</dataTypeSize>
</Attribute>
<Attribute name="STATE PROVINCE" id="169EFBA6-4448-4441-40A5-27A7A3F694D0">
<createdBy>oracle</createdBy>
<createdTime>2009-12-18 15:31:11 UTC</createdTime>
<commentInRDBMS>State or Province where an office, warehouse, or production site of a&lt;br&gt;company is located.</commentInRDBMS>
<generatorID>4E8ADA62-DE84-190E-C7F4-21242916D9E5</generatorID>
<ownerDesignName>hr_schema</ownerDesignName>
<engineerTo>
<item key="8EAAFC55-0F0A-AEE1-F0F5-D8C0FCCDCAFF" value="true"/>
</engineerTo>
<nullsAllowed>true</nullsAllowed>
<useDomainConstraints>false</useDomainConstraints>
<use>1</use>
<logicalDatatype>LOGDT024</logicalDatatype>
<dataTypeSize>25 BYTE</dataTypeSize>
</Attribute>
<Attribute name="COUNTRY ID" id="DAD15927-82CB-DC74-CF15-D028CB01B887">
<createdBy>oracle</createdBy>
<createdTime>2009-12-18 15:31:11 UTC</createdTime>
<commentInRDBMS>Country where an office, warehouse, or production site of a company is&lt;br&gt;located. Foreign key to country_id column of the countries table.</commentInRDBMS>
<generatorID>63E051E8-20E0-90D2-DA7D-B76EA0221343</generatorID>
<ownerDesignName>hr_schema</ownerDesignName>
<engineerTo>
<item key="8EAAFC55-0F0A-AEE1-F0F5-D8C0FCCDCAFF" value="true"/>
</engineerTo>
<nullsAllowed>true</nullsAllowed>
<referedAttribute>8E88E743-023B-A7F3-A343-5BF88106603F</referedAttribute>
<useDomainConstraints>false</useDomainConstraints>
<use>1</use>
<logicalDatatype>LOGDT025</logicalDatatype>
<dataTypeSize>2 BYTE</dataTypeSize>
</Attribute>
</attributes>
<identifiers itemClass="oracle.dbtools.crest.model.design.logical.CandidateKey">
<identifier id="DD6889BC-B7EA-5EBF-2C37-E965266873AF" name="LOC ID PK">
<createdBy>oracle</createdBy>
<createdTime>2009-12-18 15:31:11 UTC</createdTime>
<generatorID>83E3CA90-5BDF-B278-0368-31D060941A48</generatorID>
<ownerDesignName>hr_schema</ownerDesignName>
<engineerTo>
<item key="8EAAFC55-0F0A-AEE1-F0F5-D8C0FCCDCAFF" value="true"/>
</engineerTo>
<pk>true</pk>
<usedAttributes>
<attributeRef>6763E9ED-5F38-B2D3-663A-DF017DFD397C</attributeRef>
</usedAttributes>
</identifier>
</identifiers>
</Entity>