<?xml version = '1.0' encoding = 'UTF-8'?>
<Entity class="oracle.dbtools.crest.model.design.logical.Entity" directorySegmentName="seg_0" id="E451501F-DAD8-58E6-2072-50AE115E9BE7" name="JOB HISTORY">
<createdBy>oracle</createdBy>
<createdTime>2009-12-18 15:31:11 UTC</createdTime>
<commentInRDBMS>Table that stores job history of the employees. If an employee&lt;br&gt;changes departments within the job or changes jobs within the department,&lt;br&gt;new rows get inserted into this table with old job information of the&lt;br&gt;employee. Contains a complex primary key: employee_id+start_date.&lt;br&gt;Contains 25 rows. References with jobs, employees, and departments tables.</commentInRDBMS>
<generatorID>6F2BC1A4-E6A1-0FFC-1DF5-E47419565A76</generatorID>
<ownerDesignName>hr_schema</ownerDesignName>
<engineerTo>
<item key="8EAAFC55-0F0A-AEE1-F0F5-D8C0FCCDCAFF" value="true"/>
</engineerTo>
<adequatelyNormalized>NO</adequatelyNormalized>
<expectedVolumes>0</expectedVolumes>
<fwdEngineeringStrategyName>Single Table</fwdEngineeringStrategyName>
<growthPercent>0</growthPercent>
<growthType>Year</growthType>
<maxVolumes>9999999</maxVolumes>
<minVolumes>0</minVolumes>
<normalForm>Third</normalForm>
<attributes itemClass="oracle.dbtools.crest.model.design.logical.Attribute">
<Attribute name="EMPLOYEE ID" id="0A818D5F-64DA-00B4-5CB8-C7EF32FC6DE5">
<createdBy>oracle</createdBy>
<createdTime>2009-12-18 15:31:11 UTC</createdTime>
<commentInRDBMS>A not null column in the complex primary key employee_id+start_date.&lt;br&gt;Foreign key to employee_id column of the employee table</commentInRDBMS>
<generatorID>A36CB548-A872-C7D1-BFFA-A1BCE871EF18</generatorID>
<ownerDesignName>hr_schema</ownerDesignName>
<engineerTo>
<item key="8EAAFC55-0F0A-AEE1-F0F5-D8C0FCCDCAFF" value="true"/>
</engineerTo>
<referedAttribute>030B5A45-6573-5081-5300-2E35C79955C1</referedAttribute>
<useDomainConstraints>false</useDomainConstraints>
<use>1</use>
<logicalDatatype>LOGDT019</logicalDatatype>
<dataTypePrecision>6</dataTypePrecision>
</Attribute>
<Attribute name="START DATE" id="DE6B01A4-1752-9667-C703-BA3F4572D577">
<createdBy>oracle</createdBy>
<createdTime>2009-12-18 15:31:11 UTC</createdTime>
<commentInRDBMS>A not null column in the complex primary key employee_id+start_date.&lt;br&gt;Must be less than the end_date of the job_history table. (enforced by&lt;br&gt;constraint jhist_date_interval)</commentInRDBMS>
<generatorID>D7932A67-8FB9-4D2C-4753-9D612365D2C3</generatorID>
<ownerDesignName>hr_schema</ownerDesignName>
<engineerTo>
<item key="8EAAFC55-0F0A-AEE1-F0F5-D8C0FCCDCAFF" value="true"/>
</engineerTo>
<useDomainConstraints>false</useDomainConstraints>
<use>1</use>
<logicalDatatype>LOGDT007</logicalDatatype>
</Attribute>
<Attribute name="END DATE" id="CB655B48-CE0A-7A93-47FC-C8E0872DD06E">
<createdBy>oracle</createdBy>
<createdTime>2009-12-18 15:31:11 UTC</createdTime>
<commentInRDBMS>Last day of the employee in this job role. A not null column. Must be&lt;br&gt;greater than the start_date of the job_history table.&lt;br&gt;(enforced by constraint jhist_date_interval)</commentInRDBMS>
<generatorID>598ECA8D-712A-0A83-50D6-06F4F2F6B884</generatorID>
<ownerDesignName>hr_schema</ownerDesignName>
<engineerTo>
<item key="8EAAFC55-0F0A-AEE1-F0F5-D8C0FCCDCAFF" value="true"/>
</engineerTo>
<useDomainConstraints>false</useDomainConstraints>
<use>1</use>
<logicalDatatype>LOGDT007</logicalDatatype>
</Attribute>
<Attribute name="JOB ID" id="4896F063-0E44-0A8A-8917-BCA3E7468131">
<createdBy>oracle</createdBy>
<createdTime>2009-12-18 15:31:11 UTC</createdTime>
<commentInRDBMS>Job role in which the employee worked in the past; foreign key to&lt;br&gt;job_id column in the jobs table. A not null column.</commentInRDBMS>
<generatorID>AC152A6F-D566-FB81-042D-5D55715B1447</generatorID>
<ownerDesignName>hr_schema</ownerDesignName>
<engineerTo>
<item key="8EAAFC55-0F0A-AEE1-F0F5-D8C0FCCDCAFF" value="true"/>
</engineerTo>
<referedAttribute>9978174C-6F08-0D36-B84D-38C2F43DE61F</referedAttribute>
<useDomainConstraints>false</useDomainConstraints>
<use>1</use>
<logicalDatatype>LOGDT024</logicalDatatype>
<dataTypeSize>10 BYTE</dataTypeSize>
</Attribute>
<Attribute name="DEPARTMENT ID" id="3774FC78-D18E-6652-32A3-DB4D5F42B60A">
<createdBy>oracle</createdBy>
<createdTime>2009-12-18 15:31:11 UTC</createdTime>
<commentInRDBMS>Department id in which the employee worked in the past; foreign key to deparment_id column in the departments table</commentInRDBMS>
<generatorID>CF59EF92-8C52-2844-6AD8-F19E578BD87C</generatorID>
<ownerDesignName>hr_schema</ownerDesignName>
<engineerTo>
<item key="8EAAFC55-0F0A-AEE1-F0F5-D8C0FCCDCAFF" value="true"/>
</engineerTo>
<nullsAllowed>true</nullsAllowed>
<referedAttribute>E4FA6484-8EF5-0609-D7FE-B498DEB45361</referedAttribute>
<useDomainConstraints>false</useDomainConstraints>
<use>1</use>
<logicalDatatype>LOGDT019</logicalDatatype>
<dataTypePrecision>4</dataTypePrecision>
</Attribute>
</attributes>
<identifiers itemClass="oracle.dbtools.crest.model.design.logical.CandidateKey">
<identifier id="B6C29CC5-7CDF-75AB-7D23-B282FE0177FA" name="JHIST EMP ID ST DATE PK">
<createdBy>oracle</createdBy>
<createdTime>2009-12-18 15:31:11 UTC</createdTime>
<generatorID>B6634645-7236-AE07-78B6-90B1C7F22243</generatorID>
<ownerDesignName>hr_schema</ownerDesignName>
<engineerTo>
<item key="8EAAFC55-0F0A-AEE1-F0F5-D8C0FCCDCAFF" value="true"/>
</engineerTo>
<pk>true</pk>
<usedAttributes>
<attributeRef>0A818D5F-64DA-00B4-5CB8-C7EF32FC6DE5</attributeRef>
<attributeRef>DE6B01A4-1752-9667-C703-BA3F4572D577</attributeRef>
</usedAttributes>
</identifier>
</identifiers>
</Entity>