<?xml version = '1.0' encoding = 'UTF-8'?>
<DomainFile class="oracle.dbtools.crest.model.design.DomainFileWrapper" fileName="domains">
   <domains>
      <Domain class="oracle.dbtools.crest.model.design.Domain" name="Name_50v1" id="17143984-3D38-0092-CA15-93F1A735E9C0">
         <createdBy>oracle</createdBy>
         <createdTime>2010-02-12 13:03:08 UTC</createdTime>
         <ownerDesignName>sol_14_01</ownerDesignName>
         <avTSortOrder>0</avTSortOrder>
         <dataTypeSize>50 CHAR</dataTypeSize>
         <fileName>domains</fileName>
         <logicalDatatype>LOGDT024</logicalDatatype>
      </Domain>
      <Domain class="oracle.dbtools.crest.model.design.Domain" name="id_6v1" id="E6BCF554-4132-4C22-A931-81D9B078FBEF">
         <createdBy>oracle</createdBy>
         <createdTime>2010-02-12 13:03:08 UTC</createdTime>
         <ownerDesignName>sol_14_01</ownerDesignName>
         <avTSortOrder>0</avTSortOrder>
         <dataTypeSize>6 BYTE</dataTypeSize>
         <fileName>domains</fileName>
         <logicalDatatype>LOGDT019</logicalDatatype>
      </Domain>
   </domains>
</DomainFile>