<?xml version = '1.0' encoding = 'UTF-8'?>
<Entity class="oracle.dbtools.crest.model.design.logical.Entity" directorySegmentName="seg_0" id="E6958574-63BB-DAAB-B042-CB0F42D6833A" name="Vehicle">
<createdBy>oracle</createdBy>
<createdTime>2009-12-08 15:04:01 UTC</createdTime>
<ownerDesignName>sol_13_01</ownerDesignName>
<engineerTo>
<item key="8AE5E53E-8372-8DFA-5DED-F0FF639897E2" value="true"/>
</engineerTo>
<adequatelyNormalized>NO</adequatelyNormalized>
<expectedVolumes>0</expectedVolumes>
<fwdEngineeringStrategyName>Single Table</fwdEngineeringStrategyName>
<growthPercent>0</growthPercent>
<growthType>Year</growthType>
<maxVolumes>9999999</maxVolumes>
<minVolumes>0</minVolumes>
<normalForm>Third</normalForm>
<attributes itemClass="oracle.dbtools.crest.model.design.logical.Attribute">
<Attribute name="ID" id="E6D1A456-1996-F2D9-5F3F-84388A65DA5C">
<createdBy>oracle</createdBy>
<createdTime>2009-12-08 15:04:10 UTC</createdTime>
<ownerDesignName>sol_13_01</ownerDesignName>
<engineerTo>
<item key="8AE5E53E-8372-8DFA-5DED-F0FF639897E2" value="true"/>
</engineerTo>
<use>0</use>
<logicalDatatype>LOGDT019</logicalDatatype>
<domain>B8552587-2E6A-CB3F-7721-F45E81EA16F6</domain>
</Attribute>
<Attribute name="State of Registration" id="4B2B0EBA-F1A2-93AC-F43E-A89A65BBBB0C">
<createdBy>oracle</createdBy>
<createdTime>2009-12-08 15:04:19 UTC</createdTime>
<ownerDesignName>sol_13_01</ownerDesignName>
<engineerTo>
<item key="8AE5E53E-8372-8DFA-5DED-F0FF639897E2" value="true"/>
</engineerTo>
<nullsAllowed>true</nullsAllowed>
<useDomainConstraints>false</useDomainConstraints>
<use>1</use>
<logicalDatatype>LOGDT025</logicalDatatype>
<dataTypeSize>2</dataTypeSize>
</Attribute>
<Attribute name="Registration Number" id="FC601634-8BA4-DAEC-530D-A63AC669E419">
<createdBy>oracle</createdBy>
<createdTime>2009-12-08 15:04:26 UTC</createdTime>
<ownerDesignName>sol_13_01</ownerDesignName>
<engineerTo>
<item key="8AE5E53E-8372-8DFA-5DED-F0FF639897E2" value="true"/>
</engineerTo>
<nullsAllowed>true</nullsAllowed>
<use>0</use>
<logicalDatatype>LOGDT019</logicalDatatype>
<domain>B8552587-2E6A-CB3F-7721-F45E81EA16F6</domain>
</Attribute>
<Attribute name="Date of Last Maintenance" id="28F53598-5239-E79D-57AE-0C8A4B035AEF">
<createdBy>oracle</createdBy>
<createdTime>2009-12-08 15:04:32 UTC</createdTime>
<ownerDesignName>sol_13_01</ownerDesignName>
<engineerTo>
<item key="8AE5E53E-8372-8DFA-5DED-F0FF639897E2" value="true"/>
</engineerTo>
<nullsAllowed>true</nullsAllowed>
<useDomainConstraints>false</useDomainConstraints>
<use>1</use>
<logicalDatatype>LOGDT007</logicalDatatype>
</Attribute>
<Attribute name="Date of registration expiration" id="0DED38B9-F80E-623F-1BAA-CD47692C573D">
<createdBy>oracle</createdBy>
<createdTime>2009-12-08 15:04:38 UTC</createdTime>
<ownerDesignName>sol_13_01</ownerDesignName>
<engineerTo>
<item key="8AE5E53E-8372-8DFA-5DED-F0FF639897E2" value="true"/>
</engineerTo>
<nullsAllowed>true</nullsAllowed>
<useDomainConstraints>false</useDomainConstraints>
<use>1</use>
<logicalDatatype>LOGDT007</logicalDatatype>
</Attribute>
<Attribute name="Code" id="4F14B136-90A2-3392-FDD4-FF125E2A533B">
<createdBy>oracle</createdBy>
<createdTime>2009-12-08 15:11:00 UTC</createdTime>
<generatorID>16A781C6-5C12-9B34-F91C-B00C73C8BEDF</generatorID>
<ownerDesignName>sol_13_01</ownerDesignName>
<engineerTo>
<item key="8AE5E53E-8372-8DFA-5DED-F0FF639897E2" value="true"/>
</engineerTo>
<referedAttribute>D37E2A02-B200-545C-91AE-AC01E3E077EA</referedAttribute>
<use>0</use>
<logicalDatatype>LOGDT019</logicalDatatype>
<domain>B8552587-2E6A-CB3F-7721-F45E81EA16F6</domain>
</Attribute>
<Attribute name="Number" id="4BA87C76-8E04-88D2-D806-8A4305F64B62">
<createdBy>oracle</createdBy>
<createdTime>2009-12-08 15:11:19 UTC</createdTime>
<generatorID>C7224D5A-69D5-D23E-8057-C7A24DB04704</generatorID>
<ownerDesignName>sol_13_01</ownerDesignName>
<engineerTo>
<item key="8AE5E53E-8372-8DFA-5DED-F0FF639897E2" value="true"/>
</engineerTo>
<referedAttribute>09D8D2EA-9604-4341-38C9-14828063E15C</referedAttribute>
<use>0</use>
<logicalDatatype>LOGDT019</logicalDatatype>
<domain>B8552587-2E6A-CB3F-7721-F45E81EA16F6</domain>
</Attribute>
</attributes>
<identifiers itemClass="oracle.dbtools.crest.model.design.logical.CandidateKey">
<identifier id="63D63A53-0489-4865-A8DD-9BF2D8B4BDBE" name="Vehicle_PK">
<createdBy>oracle</createdBy>
<createdTime>2009-12-08 15:04:48 UTC</createdTime>
<ownerDesignName>sol_13_01</ownerDesignName>
<engineerTo>
<item key="8AE5E53E-8372-8DFA-5DED-F0FF639897E2" value="true"/>
</engineerTo>
<pk>true</pk>
<usedAttributes>
<attributeRef>E6D1A456-1996-F2D9-5F3F-84388A65DA5C</attributeRef>
</usedAttributes>
</identifier>
</identifiers>
</Entity>