<?xml version = '1.0' encoding = 'UTF-8'?>
<TriggerOraclev10g class="oracle.dbtools.crest.model.design.storage.oracle.v10g.TriggerOraclev10g" name="SECURE_EMPLOYEES" directorySegmentName="seg_0" id="18915AEF-7B76-89C4-C2AD-50329EE5A336">
<createdBy>oracle</createdBy>
<createdTime>2011-11-14 09:52:47 UTC</createdTime>
<ownerDesignName>sol_19_01</ownerDesignName>
<actions>INSERT, UPDATE, DELETE</actions>
<body>BEGIN&lt;br/&gt;  secure_dml;&lt;br/&gt;END secure_employees;</body>
<triggerTime>BEFORE</triggerTime>
<owner>25FE5CA4-4DA6-5F09-9ABE-7E58B7715D75</owner>
<table>BFE0AFBC-5FAA-935D-FAAB-82DEE0543442</table>
</TriggerOraclev10g>