<?xml version = '1.0' encoding = 'UTF-8'?>
<TriggerOraclev10g class="oracle.dbtools.crest.model.design.storage.oracle.v10g.TriggerOraclev10g" name="UPDATE_JOB_HISTORY" directorySegmentName="seg_0" id="F6DEDAAE-2F05-DDF4-2AA2-68078679F11F">
<createdBy>oracle</createdBy>
<createdTime>2011-11-14 09:52:47 UTC</createdTime>
<ownerDesignName>sol_19_01</ownerDesignName>
<actions>UPDATE</actions>
<body>BEGIN&lt;br/&gt;  add_job_history(:old.employee_id, :old.hire_date, sysdate,&lt;br/&gt;                  :old.job_id, :old.department_id);&lt;br/&gt;END;</body>
<triggerTime>AFTER</triggerTime>
<columns>32C386FD-02D0-5BAE-0158-F7C41B68B994, DD129A63-656F-A1F6-F21C-3F83D369BD69</columns>
<owner>25FE5CA4-4DA6-5F09-9ABE-7E58B7715D75</owner>
<table>BFE0AFBC-5FAA-935D-FAAB-82DEE0543442</table>
</TriggerOraclev10g>