<?xml version = '1.0' encoding = 'UTF-8'?>
<Arc class="oracle.dbtools.crest.model.design.logical.Arc" directorySegmentName="seg_0" id="7CBC4CB6-EFCD-D0DB-C01E-C65D79B752AD" name="Arc_1">
<createdBy>oracle</createdBy>
<createdTime>2009-12-08 15:14:32 UTC</createdTime>
<ownerDesignName>lab12-5</ownerDesignName>
<engineerTo>
<item key="8AE5E53E-8372-8DFA-5DED-F0FF639897E2" value="true"/>
</engineerTo>
<entity>143FEAB2-F549-4D0D-864A-9CE4A2BB05F7</entity>
<relations>
<relationID>697E6E88-1486-04C2-7FC3-5ED24808A00A</relationID>
<relationID>B033FD23-40C4-F370-05A9-6D4B424C872C</relationID>
</relations>
</Arc>