<?xml version = '1.0' encoding = 'UTF-8'?>
<TriggerOraclev10g class="oracle.dbtools.crest.model.design.storage.oracle.v10g.TriggerOraclev10g" name="INSERT_ORD_LINE" directorySegmentName="seg_0" id="1F3898B4-A1A7-0A38-8855-01FF1A276342">
<createdBy>smharper</createdBy>
<createdTime>2011-01-07 13:05:23 UTC</createdTime>
<ownerDesignName>OE_Sample</ownerDesignName>
<actions>INSERT</actions>
<body>DECLARE&lt;br&gt;    new_line number;&lt;br&gt;  BEGIN&lt;br&gt;    SELECT (NVL(MAX(line_item_id),0)+1) INTO new_line&lt;br&gt;      FROM order_items&lt;br&gt;      WHERE order_id = :new.order_id;&lt;br&gt;    :new.line_item_id := new_line;&lt;br&gt;  END;</body>
<triggerTime>BEFORE</triggerTime>
<owner>D6670C27-0286-8380-C2AB-1B6A7FDD2E54</owner>
<table>401325D6-D30A-4241-B81D-AF54654F75DC</table>
</TriggerOraclev10g>