<?xml version = '1.0' encoding = 'UTF-8'?>
<Diagram class="oracle.dbtools.crest.swingui.relational.DPVRelational" name="Relational_1" id="34422ECE-B0FC-1C0F-AD76-3C9C6BE47580">
<createdBy>oracle</createdBy>
<createdTime>2009-12-18 15:29:36 UTC</createdTime>
<autoRoute>false</autoRoute>
<boxInbox>true</boxInbox>
<showLegend>false</showLegend>
<showLabels>false</showLabels>
<showRelAttributes>false</showRelAttributes>
<showGrid>false</showGrid>
<diagramColor>-1</diagramColor>
<display>false</display>
<notation>1</notation>
<objectViews>
<OView class="oracle.dbtools.crest.swingui.relational.TVTable" oid="10A86985-48EC-C6B3-8CD5-71A664C51682" otype="Table" vid="98A40CE3-1F54-F45C-19D5-1BEC0891BAA7">
<hideElementsInCurrentOnly>false</hideElementsInCurrentOnly>
<bounds x="21" y="637" width="286" height="85"/>
</OView>
<OView class="oracle.dbtools.crest.swingui.relational.TVTable" oid="2168CBE7-8512-43AF-48C7-517B0CF601DA" otype="Table" vid="529B63CD-20E5-A02E-A3D6-9AEC3F311431">
<hideElementsInCurrentOnly>false</hideElementsInCurrentOnly>
<bounds x="20" y="235" width="286" height="113"/>
</OView>
<OView class="oracle.dbtools.crest.swingui.relational.TVTable" oid="6F2BC1A4-E6A1-0FFC-1DF5-E47419565A76" otype="Table" vid="91B17E55-3639-69EC-8E48-609B1D2A91F9">
<hideElementsInCurrentOnly>false</hideElementsInCurrentOnly>
<bounds x="20" y="20" width="286" height="155"/>
</OView>
<OView class="oracle.dbtools.crest.swingui.relational.TVTable" oid="D24F118A-8855-2B78-566D-208398EDD37D" otype="Table" vid="81729476-C208-D2BF-43F4-58D03442BD47">
<hideElementsInCurrentOnly>false</hideElementsInCurrentOnly>
<bounds x="21" y="782" width="286" height="71"/>
</OView>
<OView class="oracle.dbtools.crest.swingui.relational.TVTable" oid="DC6A08B0-832F-B2FC-69CA-0F7B4160D912" otype="Table" vid="929C48F7-D78B-812B-B7B4-11F35E0E91AC">
<hideElementsInCurrentOnly>false</hideElementsInCurrentOnly>
<bounds x="387" y="235" width="286" height="267"/>
</OView>
<OView class="oracle.dbtools.crest.swingui.relational.TVTable" oid="F2AB040E-C4DA-4A90-0669-94A558E06E60" otype="Table" vid="F44ABE3B-CC8F-CE7A-8180-79DCDD8CA20E">
<hideElementsInCurrentOnly>false</hideElementsInCurrentOnly>
<bounds x="386" y="20" width="286" height="99"/>
</OView>
<OView class="oracle.dbtools.crest.swingui.relational.TVTable" oid="F59CED9A-4D43-AE7B-1C14-3B7E3B448C59" otype="Table" vid="4B2A5146-B95C-6558-FEBD-BFC63FBA46A0">
<hideElementsInCurrentOnly>false</hideElementsInCurrentOnly>
<bounds x="21" y="408" width="286" height="169"/>
</OView>
</objectViews>
<connectors>
<Connector class="oracle.dbtools.crest.swingui.relational.TVFKRelation" oid="1072E05F-4F48-1AB5-FAAA-AC9746E678FC" otype="FKIndexAssociation" vid_source="929C48F7-D78B-812B-B7B4-11F35E0E91AC" vid_target="929C48F7-D78B-812B-B7B4-11F35E0E91AC">
<hideElementsInCurrentOnly>false</hideElementsInCurrentOnly>
<lineWidth>1</lineWidth>
<points>
<point x="387" y="368"/>
<point x="688" y="368"/>
<point x="688" y="517"/>
<point x="530" y="517"/>
<point x="387" y="368"/>
</points>
</Connector>
<Connector class="oracle.dbtools.crest.swingui.relational.TVFKRelation" oid="10BD333C-B9A9-44A4-481B-F7E2234C81BA" otype="FKIndexAssociation" vid_source="F44ABE3B-CC8F-CE7A-8180-79DCDD8CA20E" vid_target="929C48F7-D78B-812B-B7B4-11F35E0E91AC">
<hideElementsInCurrentOnly>false</hideElementsInCurrentOnly>
<lineWidth>1</lineWidth>
<points>
<point x="529" y="119"/>
<point x="529" y="235"/>
</points>
</Connector>
<Connector class="oracle.dbtools.crest.swingui.relational.TVFKRelation" oid="3E0C88FA-696D-CDA5-B552-2F24E238C66F" otype="FKIndexAssociation" vid_source="929C48F7-D78B-812B-B7B4-11F35E0E91AC" vid_target="91B17E55-3639-69EC-8E48-609B1D2A91F9">
<hideElementsInCurrentOnly>false</hideElementsInCurrentOnly>
<lineWidth>1</lineWidth>
<points>
<point x="387" y="368"/>
<point x="163" y="175"/>
</points>
</Connector>
<Connector class="oracle.dbtools.crest.swingui.relational.TVFKRelation" oid="47F54D76-1DCC-F612-E810-E55D4879E47B" otype="FKIndexAssociation" vid_source="929C48F7-D78B-812B-B7B4-11F35E0E91AC" vid_target="529B63CD-20E5-A02E-A3D6-9AEC3F311431">
<hideElementsInCurrentOnly>false</hideElementsInCurrentOnly>
<lineWidth>1</lineWidth>
<points>
<point x="387" y="291"/>
<point x="306" y="291"/>
</points>
</Connector>
<Connector class="oracle.dbtools.crest.swingui.relational.TVFKRelation" oid="7800CE7E-104D-0494-6732-2119D4932CAB" otype="FKIndexAssociation" vid_source="81729476-C208-D2BF-43F4-58D03442BD47" vid_target="98A40CE3-1F54-F45C-19D5-1BEC0891BAA7">
<hideElementsInCurrentOnly>false</hideElementsInCurrentOnly>
<lineWidth>1</lineWidth>
<points>
<point x="164" y="782"/>
<point x="164" y="722"/>
</points>
</Connector>
<Connector class="oracle.dbtools.crest.swingui.relational.TVFKRelation" oid="910112C4-8177-66BB-C8E0-115E8BCBB3A2" otype="FKIndexAssociation" vid_source="98A40CE3-1F54-F45C-19D5-1BEC0891BAA7" vid_target="4B2A5146-B95C-6558-FEBD-BFC63FBA46A0">
<hideElementsInCurrentOnly>false</hideElementsInCurrentOnly>
<lineWidth>1</lineWidth>
<points>
<point x="164" y="637"/>
<point x="164" y="577"/>
</points>
</Connector>
<Connector class="oracle.dbtools.crest.swingui.relational.TVFKRelation" oid="940CD603-AE77-DC89-F33B-44CCF3FCC2F2" otype="FKIndexAssociation" vid_source="4B2A5146-B95C-6558-FEBD-BFC63FBA46A0" vid_target="529B63CD-20E5-A02E-A3D6-9AEC3F311431">
<hideElementsInCurrentOnly>false</hideElementsInCurrentOnly>
<lineWidth>1</lineWidth>
<points>
<point x="163" y="408"/>
<point x="163" y="348"/>
</points>
</Connector>
<Connector class="oracle.dbtools.crest.swingui.relational.TVFKRelation" oid="CB30C348-DA8B-C860-0E10-B2A890A29689" otype="FKIndexAssociation" vid_source="F44ABE3B-CC8F-CE7A-8180-79DCDD8CA20E" vid_target="91B17E55-3639-69EC-8E48-609B1D2A91F9">
<hideElementsInCurrentOnly>false</hideElementsInCurrentOnly>
<lineWidth>1</lineWidth>
<points>
<point x="386" y="69"/>
<point x="306" y="69"/>
</points>
</Connector>
<Connector class="oracle.dbtools.crest.swingui.relational.TVFKRelation" oid="CEF4A7D2-F22D-E9B7-35C1-EB7EA7AF43B7" otype="FKIndexAssociation" vid_source="529B63CD-20E5-A02E-A3D6-9AEC3F311431" vid_target="929C48F7-D78B-812B-B7B4-11F35E0E91AC">
<hideElementsInCurrentOnly>false</hideElementsInCurrentOnly>
<lineWidth>1</lineWidth>
<points>
<point x="306" y="301"/>
<point x="387" y="301"/>
</points>
</Connector>
<Connector class="oracle.dbtools.crest.swingui.relational.TVFKRelation" oid="CF9EF2A9-5A02-9D52-FD5F-C1EF375D9777" otype="FKIndexAssociation" vid_source="529B63CD-20E5-A02E-A3D6-9AEC3F311431" vid_target="91B17E55-3639-69EC-8E48-609B1D2A91F9">
<hideElementsInCurrentOnly>false</hideElementsInCurrentOnly>
<lineWidth>1</lineWidth>
<points>
<point x="163" y="235"/>
<point x="163" y="175"/>
</points>
</Connector>
</connectors>
</Diagram>