<?xml version = '1.0' encoding = 'UTF-8'?>
<Diagram class="oracle.dbtools.crest.swingui.relational.DPVRelational" name="Vehicle Rentals" id="803A87CB-7421-C408-FCD5-2245F3FC0851">
<createdBy>oracle</createdBy>
<createdTime>2009-12-08 15:27:58 UTC</createdTime>
<autoRoute>false</autoRoute>
<boxInbox>false</boxInbox>
<showLegend>false</showLegend>
<showLabels>false</showLabels>
<showRelAttributes>false</showRelAttributes>
<showGrid>false</showGrid>
<diagramColor>-1</diagramColor>
<display>false</display>
<notation>1</notation>
<objectViews>
<OView class="oracle.dbtools.crest.swingui.relational.TVTable" oid="18784517-E8F6-3735-1798-0297E6BF25CC" otype="Table" vid="F2C6418A-2A8E-A8F2-4320-D452158E3E1B">
<hideElementsInCurrentOnly>false</hideElementsInCurrentOnly>
<bounds x="76" y="85" width="221" height="193"/>
</OView>
<OView class="oracle.dbtools.crest.swingui.relational.TVTable" oid="30A96D3E-7613-89AD-6A51-3788C784D8E5" otype="Table" vid="FAE250B7-ED42-0672-09BD-E76B4C84CF92">
<hideElementsInCurrentOnly>false</hideElementsInCurrentOnly>
<bounds x="397" y="52" width="342" height="148"/>
</OView>
<OView class="oracle.dbtools.crest.swingui.relational.TVTable" oid="4A29C079-8175-E990-2D99-A5191B4EDC2A" otype="Table" vid="90978F9E-F35C-C37B-6989-DEB664397269">
<hideElementsInCurrentOnly>false</hideElementsInCurrentOnly>
<bounds x="368" y="349" width="449" height="241"/>
</OView>
<OView class="oracle.dbtools.crest.swingui.relational.TVTable" oid="89E3B085-B8E3-1132-8BAE-11454721681D" otype="Table" vid="9914BDDE-E6D6-7FCD-A0D3-1FFC72F88AC3">
<hideElementsInCurrentOnly>false</hideElementsInCurrentOnly>
<bounds x="669" y="527" width="109" height="57"/>
</OView>
<OView class="oracle.dbtools.crest.swingui.relational.TVTable" oid="B05EF8A7-38B9-2465-166B-D5F9ABD5F4FF" otype="Table" vid="7113C55B-6286-31EB-E817-0F02C79CEFA7">
<hideElementsInCurrentOnly>false</hideElementsInCurrentOnly>
<bounds x="369" y="492" width="262" height="96"/>
</OView>
<OView class="oracle.dbtools.crest.swingui.relational.TVTable" oid="D0079DBA-417E-5FFE-487E-2244F0BDBD7B" otype="Table" vid="DEE0D94F-81A0-82F0-FF6B-0EE153E8FB20">
<hideElementsInCurrentOnly>false</hideElementsInCurrentOnly>
<bounds x="464" y="229" width="202" height="83"/>
</OView>
<OView class="oracle.dbtools.crest.swingui.relational.TVTable" oid="DF6E6EFF-782C-37E2-72B3-748979BB3948" otype="Table" vid="4BECBCA2-0D4E-0D8E-F6B1-ED4A0AF8E4DD">
<hideElementsInCurrentOnly>false</hideElementsInCurrentOnly>
<bounds x="93" y="428" width="194" height="70"/>
</OView>
<OView class="oracle.dbtools.crest.swingui.relational.TVTable" oid="F9EAA380-BFA7-1404-991E-81D7AE4CAA16" otype="Table" vid="810E1110-35C4-3088-DC27-9CEFF03B3512">
<hideElementsInCurrentOnly>false</hideElementsInCurrentOnly>
<bounds x="99" y="325" width="202" height="83"/>
</OView>
</objectViews>
<connectors>
<Connector class="oracle.dbtools.crest.swingui.relational.TVFKRelation" oid="102FDB1A-A6BA-9F1B-0B35-1DDF7A08ECCD" otype="FKIndexAssociation" vid_source="FAE250B7-ED42-0672-09BD-E76B4C84CF92" vid_target="F2C6418A-2A8E-A8F2-4320-D452158E3E1B">
<hideElementsInCurrentOnly>false</hideElementsInCurrentOnly>
<lineWidth>1</lineWidth>
<points>
<point x="397" y="142"/>
<point x="297" y="142"/>
</points>
</Connector>
<Connector class="oracle.dbtools.crest.swingui.relational.TVFKRelation" oid="1C1FF0EB-BDC1-4F02-AB1B-63230820BA54" otype="FKIndexAssociation" vid_source="90978F9E-F35C-C37B-6989-DEB664397269" vid_target="F2C6418A-2A8E-A8F2-4320-D452158E3E1B">
<hideElementsInCurrentOnly>false</hideElementsInCurrentOnly>
<lineWidth>1</lineWidth>
<points>
<point x="381" y="349"/>
<point x="381" y="271"/>
<point x="297" y="271"/>
</points>
</Connector>
<Connector class="oracle.dbtools.crest.swingui.relational.TVFKRelation" oid="3D0FF77A-2ED5-F84E-C6E8-108BF950C15D" otype="FKIndexAssociation" vid_source="90978F9E-F35C-C37B-6989-DEB664397269" vid_target="7113C55B-6286-31EB-E817-0F02C79CEFA7">
<hideElementsInCurrentOnly>false</hideElementsInCurrentOnly>
<lineWidth>1</lineWidth>
<points>
<point x="817" y="540"/>
<point x="369" y="540"/>
</points>
</Connector>
<Connector class="oracle.dbtools.crest.swingui.relational.TVFKRelation" oid="5C17A8E9-DA9B-BB27-D662-E87580D24E30" otype="FKIndexAssociation" vid_source="DEE0D94F-81A0-82F0-FF6B-0EE153E8FB20" vid_target="F2C6418A-2A8E-A8F2-4320-D452158E3E1B">
<hideElementsInCurrentOnly>false</hideElementsInCurrentOnly>
<lineWidth>1</lineWidth>
<points>
<point x="464" y="253"/>
<point x="297" y="253"/>
</points>
</Connector>
<Connector class="oracle.dbtools.crest.swingui.relational.TVFKRelation" oid="72B270FD-FA38-F1DB-5ACB-AEDBC3D5F825" otype="FKIndexAssociation" vid_source="4BECBCA2-0D4E-0D8E-F6B1-ED4A0AF8E4DD" vid_target="90978F9E-F35C-C37B-6989-DEB664397269">
<hideElementsInCurrentOnly>false</hideElementsInCurrentOnly>
<lineWidth>1</lineWidth>
<points>
<point x="287" y="463"/>
<point x="368" y="463"/>
</points>
</Connector>
<Connector class="oracle.dbtools.crest.swingui.relational.TVFKRelation" oid="9A374A3B-0965-A0AA-4039-D5A2641936AE" otype="FKIndexAssociation" vid_source="90978F9E-F35C-C37B-6989-DEB664397269" vid_target="9914BDDE-E6D6-7FCD-A0D3-1FFC72F88AC3">
<hideElementsInCurrentOnly>false</hideElementsInCurrentOnly>
<lineWidth>1</lineWidth>
<points>
<point x="817" y="565"/>
<point x="669" y="565"/>
</points>
</Connector>
<Connector class="oracle.dbtools.crest.swingui.relational.TVFKRelation" oid="A9155863-131A-86FF-DBDA-52A3934D6CEF" otype="FKIndexAssociation" vid_source="810E1110-35C4-3088-DC27-9CEFF03B3512" vid_target="F2C6418A-2A8E-A8F2-4320-D452158E3E1B">
<hideElementsInCurrentOnly>false</hideElementsInCurrentOnly>
<lineWidth>1</lineWidth>
<points>
<point x="198" y="325"/>
<point x="198" y="278"/>
</points>
</Connector>
<Connector class="oracle.dbtools.crest.swingui.relational.TVFKRelation" oid="EF5AB1A9-E986-6831-2838-8BC90F29A008" otype="FKIndexAssociation" vid_source="810E1110-35C4-3088-DC27-9CEFF03B3512" vid_target="90978F9E-F35C-C37B-6989-DEB664397269">
<hideElementsInCurrentOnly>false</hideElementsInCurrentOnly>
<lineWidth>1</lineWidth>
<points>
<point x="301" y="378"/>
<point x="368" y="378"/>
</points>
</Connector>
</connectors>
<arcs>
<Arc class="oracle.dbtools.crest.swingui.relational.TVFKArc" oid="029EDAF5-A3F1-C405-D67F-3D659E059167" otype="FKArc" vid="A2372190-27B6-3BF4-654E-2D10400C621F">
<hideElementsInCurrentOnly>false</hideElementsInCurrentOnly>
<bounds x="56" y="65" width="261" height="233"/>
</Arc>
<Arc class="oracle.dbtools.crest.swingui.relational.TVFKArc" oid="C6055DDC-1CF4-F8A4-7660-18580A7E3ED4" otype="FKArc" vid="C4BF0B67-4998-C6A5-7257-8A410978B74E">
<hideElementsInCurrentOnly>false</hideElementsInCurrentOnly>
<bounds x="348" y="329" width="489" height="281"/>
</Arc>
</arcs>
</Diagram>