<?xml version = '1.0' encoding = 'UTF-8'?>
<Diagram class="oracle.dbtools.crest.swingui.datatypes.DPVDataTypesSubView" name="DataTypes" id="32991B86-163F-7546-84A3-7DFBD3A6C036">
<createdBy>oracle</createdBy>
<createdTime>2009-11-17 04:02:56 UTC</createdTime>
<autoRoute>true</autoRoute>
<boxInbox>false</boxInbox>
<showLegend>false</showLegend>
<showLabels>false</showLabels>
<showRelAttributes>false</showRelAttributes>
<showGrid>false</showGrid>
<diagramColor>-1</diagramColor>
<display>false</display>
<notation>1</notation>
</Diagram>