<?xml version = '1.0' encoding = 'UTF-8'?>
<Diagram class="oracle.dbtools.crest.swingui.logical.DPVLogical" name="Logical" id="76698B29-C082-A8CC-F089-7C66D23F5C24">
<createdBy>oracle</createdBy>
<createdTime>2009-12-08 15:27:58 UTC</createdTime>
<autoRoute>false</autoRoute>
<boxInbox>true</boxInbox>
<showLegend>false</showLegend>
<showLabels>true</showLabels>
<showRelAttributes>false</showRelAttributes>
<showGrid>false</showGrid>
<diagramColor>-1</diagramColor>
<display>false</display>
<notation>1</notation>
<objectViews>
<OView class="oracle.dbtools.crest.swingui.logical.TVEntity" oid="143FEAB2-F549-4D0D-864A-9CE4A2BB05F7" otype="Entity" vid="B6205F0D-5A13-4FB3-1595-D9C22975C8CA">
<hideElementsInCurrentOnly>false</hideElementsInCurrentOnly>
<bounds x="88" y="107" width="168" height="116"/>
</OView>
<OView class="oracle.dbtools.crest.swingui.logical.TVEntity" oid="3CB299B3-3FB4-22E2-351F-7880ED7F0D3A" otype="Entity" vid="9DACE347-6773-9838-099C-3C165A7A4055">
<hideElementsInCurrentOnly>false</hideElementsInCurrentOnly>
<bounds x="90" y="390" width="116" height="63"/>
</OView>
<OView class="oracle.dbtools.crest.swingui.logical.TVEntity" oid="41607443-C885-2325-E292-9BE4E01B1838" otype="Entity" vid="BF28E36B-8300-D662-BB4F-744FF1268DEB">
<hideElementsInCurrentOnly>false</hideElementsInCurrentOnly>
<bounds x="397" y="52" width="164" height="131"/>
</OView>
<OView class="oracle.dbtools.crest.swingui.logical.TVEntity" oid="4F68BFCA-83AF-4B32-7E00-772B5271C090" otype="Entity" vid="573CD823-ECD9-AE57-5A3B-6557BCDD8E98">
<hideElementsInCurrentOnly>false</hideElementsInCurrentOnly>
<bounds x="326" y="384" width="170" height="69"/>
</OView>
<OView class="oracle.dbtools.crest.swingui.logical.TVEntity" oid="6A54C8FD-DEAD-F4D3-A240-62FCF5817489" otype="Entity" vid="1E7BA692-9C84-E612-9DD4-18D54C0B0988">
<hideElementsInCurrentOnly>false</hideElementsInCurrentOnly>
<bounds x="447" y="194" width="119" height="79"/>
</OView>
<OView class="oracle.dbtools.crest.swingui.logical.TVEntity" oid="BA95C539-66B5-8598-F32B-EB0FEBCFF1FC" otype="Entity" vid="18E8C14D-114B-A45D-DCE5-564527ADEED6">
<hideElementsInCurrentOnly>false</hideElementsInCurrentOnly>
<bounds x="498" y="384" width="108" height="39"/>
</OView>
<OView class="oracle.dbtools.crest.swingui.logical.TVEntity" oid="E6958574-63BB-DAAB-B042-CB0F42D6833A" otype="Entity" vid="7B3F5B32-F7FB-7FFC-DFD1-D21EB7D9B142">
<hideElementsInCurrentOnly>false</hideElementsInCurrentOnly>
<bounds x="318" y="284" width="298" height="179"/>
</OView>
<OView class="oracle.dbtools.crest.swingui.logical.TVEntity" oid="EF13EC74-7B77-A761-5AAF-695083F94641" otype="Entity" vid="D6BA434D-A8DF-59E5-7411-ABA529644A71">
<hideElementsInCurrentOnly>false</hideElementsInCurrentOnly>
<bounds x="93" y="307" width="133" height="66"/>
</OView>
</objectViews>
<connectors>
<Connector class="oracle.dbtools.crest.swingui.logical.TVRelation" oid="16A781C6-5C12-9B34-F91C-B00C73C8BEDF" otype="Relation" vid_source="9DACE347-6773-9838-099C-3C165A7A4055" vid_target="7B3F5B32-F7FB-7FFC-DFD1-D21EB7D9B142">
<hideElementsInCurrentOnly>false</hideElementsInCurrentOnly>
<lineWidth>1</lineWidth>
<sourceLabel class="oracle.dbtools.crest.model.design.Label">
<site>0</site>
<labelBounds x="222" y="424" width="66" height="20"/>
<fonts itemClass="oracle.dbtools.crest.model.design.FontObjectWr">
<FontObject>
<foType>Text</foType>
<colorRGB>-16777216</colorRGB>
</FontObject>
</fonts>
</sourceLabel>
<targetLabel class="oracle.dbtools.crest.model.design.Label">
<site>2</site>
<labelBounds x="290" y="424" width="82" height="20"/>
<fonts itemClass="oracle.dbtools.crest.model.design.FontObjectWr">
<FontObject>
<foType>Text</foType>
<colorRGB>-16777216</colorRGB>
</FontObject>
</fonts>
</targetLabel>
<points>
<point x="206" y="421"/>
<point x="318" y="421"/>
</points>
</Connector>
<Connector class="oracle.dbtools.crest.swingui.logical.TVRelation" oid="388D7135-077E-6B40-CC37-AFF29E6107C0" otype="Relation" vid_source="D6BA434D-A8DF-59E5-7411-ABA529644A71" vid_target="B6205F0D-5A13-4FB3-1595-D9C22975C8CA">
<hideElementsInCurrentOnly>false</hideElementsInCurrentOnly>
<lineWidth>1</lineWidth>
<sourceLabel class="oracle.dbtools.crest.model.design.Label">
<site>0</site>
<labelBounds x="172" y="286" width="68" height="34"/>
<fonts itemClass="oracle.dbtools.crest.model.design.FontObjectWr">
<FontObject>
<foType>Text</foType>
<colorRGB>-16777216</colorRGB>
</FontObject>
</fonts>
</sourceLabel>
<targetLabel class="oracle.dbtools.crest.model.design.Label">
<site>2</site>
<labelBounds x="172" y="232" width="71" height="18"/>
<fonts itemClass="oracle.dbtools.crest.model.design.FontObjectWr">
<FontObject>
<foType>Text</foType>
<colorRGB>-16777216</colorRGB>
</FontObject>
</fonts>
</targetLabel>
<points>
<point x="169" y="307"/>
<point x="169" y="223"/>
</points>
</Connector>
<Connector class="oracle.dbtools.crest.swingui.logical.TVRelation" oid="697E6E88-1486-04C2-7FC3-5ED24808A00A" otype="Relation" vid_source="1E7BA692-9C84-E612-9DD4-18D54C0B0988" vid_target="B6205F0D-5A13-4FB3-1595-D9C22975C8CA">
<hideElementsInCurrentOnly>false</hideElementsInCurrentOnly>
<lineWidth>1</lineWidth>
<sourceLabel class="oracle.dbtools.crest.model.design.Label">
<site>0</site>
<labelBounds x="399" y="211" width="89" height="20"/>
<fonts itemClass="oracle.dbtools.crest.model.design.FontObjectWr">
<FontObject>
<foType>Text</foType>
<colorRGB>-16777216</colorRGB>
</FontObject>
</fonts>
</sourceLabel>
<targetLabel class="oracle.dbtools.crest.model.design.Label">
<site>2</site>
<labelBounds x="292" y="211" width="86" height="20"/>
<fonts itemClass="oracle.dbtools.crest.model.design.FontObjectWr">
<FontObject>
<foType>Text</foType>
<colorRGB>-16777216</colorRGB>
</FontObject>
</fonts>
</targetLabel>
<points>
<point x="447" y="208"/>
<point x="256" y="208"/>
</points>
</Connector>
<Connector class="oracle.dbtools.crest.swingui.logical.TVRelation" oid="707796A2-A169-1D04-9F63-F3556BF55946" otype="Relation" vid_source="7B3F5B32-F7FB-7FFC-DFD1-D21EB7D9B142" vid_target="B6205F0D-5A13-4FB3-1595-D9C22975C8CA">
<hideElementsInCurrentOnly>false</hideElementsInCurrentOnly>
<lineWidth>1</lineWidth>
<sourceLabel class="oracle.dbtools.crest.model.design.Label">
<site>0</site>
<labelBounds x="286" y="315" width="63" height="20"/>
<fonts itemClass="oracle.dbtools.crest.model.design.FontObjectWr">
<FontObject>
<foType>Text</foType>
<colorRGB>-16777216</colorRGB>
</FontObject>
</fonts>
</sourceLabel>
<targetLabel class="oracle.dbtools.crest.model.design.Label">
<site>2</site>
<labelBounds x="235" y="249" width="51" height="20"/>
<fonts itemClass="oracle.dbtools.crest.model.design.FontObjectWr">
<FontObject>
<foType>Text</foType>
<colorRGB>-16777216</colorRGB>
</FontObject>
</fonts>
</targetLabel>
<points>
<point x="318" y="322"/>
<point x="235" y="312"/>
<point x="172" y="223"/>
</points>
</Connector>
<Connector class="oracle.dbtools.crest.swingui.logical.TVRelation" oid="B033FD23-40C4-F370-05A9-6D4B424C872C" otype="Relation" vid_source="BF28E36B-8300-D662-BB4F-744FF1268DEB" vid_target="B6205F0D-5A13-4FB3-1595-D9C22975C8CA">
<hideElementsInCurrentOnly>false</hideElementsInCurrentOnly>
<lineWidth>1</lineWidth>
<sourceLabel class="oracle.dbtools.crest.model.design.Label">
<site>0</site>
<labelBounds x="361" y="148" width="89" height="20"/>
<fonts itemClass="oracle.dbtools.crest.model.design.FontObjectWr">
<FontObject>
<foType>Text</foType>
<colorRGB>-16777216</colorRGB>
</FontObject>
</fonts>
</sourceLabel>
<targetLabel class="oracle.dbtools.crest.model.design.Label">
<site>2</site>
<labelBounds x="280" y="148" width="86" height="20"/>
<fonts itemClass="oracle.dbtools.crest.model.design.FontObjectWr">
<FontObject>
<foType>Text</foType>
<colorRGB>-16777216</colorRGB>
</FontObject>
</fonts>
</targetLabel>
<points>
<point x="397" y="145"/>
<point x="256" y="145"/>
</points>
</Connector>
<Connector class="oracle.dbtools.crest.swingui.logical.TVRelation" oid="C7224D5A-69D5-D23E-8057-C7A24DB04704" otype="Relation" vid_source="D6BA434D-A8DF-59E5-7411-ABA529644A71" vid_target="7B3F5B32-F7FB-7FFC-DFD1-D21EB7D9B142">
<hideElementsInCurrentOnly>false</hideElementsInCurrentOnly>
<lineWidth>1</lineWidth>
<sourceLabel class="oracle.dbtools.crest.model.design.Label">
<site>0</site>
<labelBounds x="237" y="353" width="35" height="20"/>
<fonts itemClass="oracle.dbtools.crest.model.design.FontObjectWr">
<FontObject>
<foType>Text</foType>
<colorRGB>-16777216</colorRGB>
</FontObject>
</fonts>
</sourceLabel>
<targetLabel class="oracle.dbtools.crest.model.design.Label">
<site>2</site>
<labelBounds x="295" y="353" width="54" height="20"/>
<fonts itemClass="oracle.dbtools.crest.model.design.FontObjectWr">
<FontObject>
<foType>Text</foType>
<colorRGB>-16777216</colorRGB>
</FontObject>
</fonts>
</targetLabel>
<points>
<point x="226" y="350"/>
<point x="318" y="350"/>
</points>
</Connector>
<Connector class="oracle.dbtools.crest.swingui.logical.TVInheritanceRelation" oid="F70067C0-4964-5F22-E063-C9F7B87C2A24" otype="Hierarchy relation" vid_source="7B3F5B32-F7FB-7FFC-DFD1-D21EB7D9B142" vid_target="573CD823-ECD9-AE57-5A3B-6557BCDD8E98">
<hideElementsInCurrentOnly>false</hideElementsInCurrentOnly>
<lineWidth>1</lineWidth>
</Connector>
<Connector class="oracle.dbtools.crest.swingui.logical.TVInheritanceRelation" oid="FC6D0313-07F7-6F3C-06FF-922A70A868C4" otype="Hierarchy relation" vid_source="7B3F5B32-F7FB-7FFC-DFD1-D21EB7D9B142" vid_target="18E8C14D-114B-A45D-DCE5-564527ADEED6">
<hideElementsInCurrentOnly>false</hideElementsInCurrentOnly>
<lineWidth>1</lineWidth>
</Connector>
</connectors>
<arcs>
<Arc class="oracle.dbtools.crest.swingui.logical.TVArc" oid="7CBC4CB6-EFCD-D0DB-C01E-C65D79B752AD" otype="Arc" vid="803D06DC-279B-4B14-B35E-C6D37CFD4E27">
<hideElementsInCurrentOnly>false</hideElementsInCurrentOnly>
<bounds x="68" y="87" width="208" height="156"/>
</Arc>
</arcs>
</Diagram>