<?xml version = '1.0' encoding = 'UTF-8'?>
<FKIndexAssociation class="oracle.dbtools.crest.model.design.relational.FKIndexAssociation" directorySegmentName="seg_0" id="102FDB1A-A6BA-9F1B-0B35-1DDF7A08ECCD" name="Relation_2">
<createdBy>oracle</createdBy>
<createdTime>2014-02-14 01:22:15 UTC</createdTime>
<generatorID>B033FD23-40C4-F370-05A9-6D4B424C872C</generatorID>
<ownerDesignName>sol_15_02</ownerDesignName>
<arc>029EDAF5-A3F1-C405-D67F-3D659E059167</arc>
<containerWithKeyObject>18784517-E8F6-3735-1798-0297E6BF25CC</containerWithKeyObject>
<deleteRule>NO ACTION</deleteRule>
<localFKIndex>80077618-933E-365A-870F-8FD3B2A8573A</localFKIndex>
<keyObject>229AD990-119E-0352-56C8-063306BD1867</keyObject>
<mandatory>false</mandatory>
<transferable>true</transferable>
<columnDependencyConstraintGenerateInDDL>true</columnDependencyConstraintGenerateInDDL>
</FKIndexAssociation>