<?xml version = '1.0' encoding = 'UTF-8'?>
<FKIndexAssociation class="oracle.dbtools.crest.model.design.relational.FKIndexAssociation" directorySegmentName="seg_0" id="9A374A3B-0965-A0AA-4039-D5A2641936AE" name="FK_ASS_2">
<createdBy>oracle</createdBy>
<createdTime>2014-02-14 01:22:15 UTC</createdTime>
<generatorID>FC6D0313-07F7-6F3C-06FF-922A70A868C4</generatorID>
<ownerDesignName>sol_15_02</ownerDesignName>
<arc>C6055DDC-1CF4-F8A4-7660-18580A7E3ED4</arc>
<containerWithKeyObject>89E3B085-B8E3-1132-8BAE-11454721681D</containerWithKeyObject>
<deleteRule>NO ACTION</deleteRule>
<localFKIndex>1976B1A0-B241-D5D9-7422-D876B5F23932</localFKIndex>
<keyObject>1177A813-F967-A78A-FD95-48C52669428F</keyObject>
<mandatory>true</mandatory>
<transferable>true</transferable>
<columnDependencyConstraintGenerateInDDL>true</columnDependencyConstraintGenerateInDDL>
</FKIndexAssociation>