<?xml version = '1.0' encoding = 'UTF-8'?>
<FKIndexAssociation class="oracle.dbtools.crest.model.design.relational.FKIndexAssociation" directorySegmentName="seg_0" id="A9155863-131A-86FF-DBDA-52A3934D6CEF" name="Relation_7">
<createdBy>oracle</createdBy>
<createdTime>2014-02-14 01:22:15 UTC</createdTime>
<generatorID>388D7135-077E-6B40-CC37-AFF29E6107C0</generatorID>
<ownerDesignName>sol_15_02</ownerDesignName>
<containerWithKeyObject>18784517-E8F6-3735-1798-0297E6BF25CC</containerWithKeyObject>
<deleteRule>NO ACTION</deleteRule>
<localFKIndex>7F79B43B-E2E5-69EF-7D8B-1943560CB511</localFKIndex>
<keyObject>630458C4-8F13-B477-F897-1CDDAE2F0B99</keyObject>
<mandatory>true</mandatory>
<transferable>true</transferable>
<columnDependencyConstraintGenerateInDDL>true</columnDependencyConstraintGenerateInDDL>
</FKIndexAssociation>