<?xml version = '1.0' encoding = 'UTF-8'?>
<FKIndexAssociation class="oracle.dbtools.crest.model.design.relational.FKIndexAssociation" directorySegmentName="seg_0" id="EF5AB1A9-E986-6831-2838-8BC90F29A008" name="Relation_8">
<createdBy>oracle</createdBy>
<createdTime>2014-02-14 01:22:15 UTC</createdTime>
<generatorID>C7224D5A-69D5-D23E-8057-C7A24DB04704</generatorID>
<ownerDesignName>sol_15_02</ownerDesignName>
<containerWithKeyObject>4A29C079-8175-E990-2D99-A5191B4EDC2A</containerWithKeyObject>
<deleteRule>NO ACTION</deleteRule>
<localFKIndex>F5B462F2-5C65-0D70-EE7F-401BFA7F0977</localFKIndex>
<keyObject>630458C4-8F13-B477-F897-1CDDAE2F0B99</keyObject>
<mandatory>true</mandatory>
<transferable>true</transferable>
<columnDependencyConstraintGenerateInDDL>true</columnDependencyConstraintGenerateInDDL>
</FKIndexAssociation>