<?xml version = '1.0' encoding = 'UTF-8'?>
<Table class="oracle.dbtools.crest.model.design.relational.Table" directorySegmentName="seg_0" id="3971E065-E62E-67CC-CCFF-C894132F1D64" name="INVENTORIES">
<createdBy>Administrator</createdBy>
<createdTime>2008-11-20 16:11:38 UTC</createdTime>
<ownerDesignName>OE_Sample</ownerDesignName>
<schemaObject>AB99E18F-10A1-579F-F11A-EFD5EB37B0D7</schemaObject>
<columns itemClass="oracle.dbtools.crest.model.design.relational.Column">
<Column name="PRODUCT_ID" id="19474AA4-1AFF-4166-240E-14BDEBBE3D42">
<createdBy>Administrator</createdBy>
<createdTime>2008-11-20 16:11:38 UTC</createdTime>
<commentInRDBMS>Part of concatenated primary key, references product_information.product_id.</commentInRDBMS>
<ownerDesignName>OE_Sample</ownerDesignName>
<useDomainConstraints>false</useDomainConstraints>
<use>1</use>
<logicalDatatype>LOGDT019</logicalDatatype>
<dataTypePrecision>6</dataTypePrecision>
<delegate>0107D555-7835-9007-41C5-0C4BA65E366E</delegate>
<associations>
<colAssociation fkAssociation="9E8D8D83-2144-C166-E9E8-716BC4748270" referredColumn="0107D555-7835-9007-41C5-0C4BA65E366E"/>
</associations>
</Column>
<Column name="WAREHOUSE_ID" id="DE19ADA4-6D35-90A7-BCEF-A3526338F970">
<createdBy>Administrator</createdBy>
<createdTime>2008-11-20 16:11:38 UTC</createdTime>
<commentInRDBMS>Part of concatenated primary key, references warehouses.warehouse_id.</commentInRDBMS>
<ownerDesignName>OE_Sample</ownerDesignName>
<useDomainConstraints>false</useDomainConstraints>
<use>1</use>
<logicalDatatype>LOGDT019</logicalDatatype>
<dataTypePrecision>3</dataTypePrecision>
<delegate>85923096-8B3A-064F-792B-E1628B055CB7</delegate>
<associations>
<colAssociation fkAssociation="15DC9EF1-C467-AD4E-E645-23B0E8DFF52A" referredColumn="85923096-8B3A-064F-792B-E1628B055CB7"/>
</associations>
</Column>
<Column name="QUANTITY_ON_HAND" id="6660220B-E7E7-A881-9260-48FC19E91E23">
<createdBy>Administrator</createdBy>
<createdTime>2008-11-20 16:11:38 UTC</createdTime>
<ownerDesignName>OE_Sample</ownerDesignName>
<useDomainConstraints>false</useDomainConstraints>
<use>1</use>
<logicalDatatype>LOGDT019</logicalDatatype>
<dataTypePrecision>8</dataTypePrecision>
</Column>
</columns>
<indexes itemClass="oracle.dbtools.crest.model.design.relational.Index">
<ind_PK_UK id="EF39643A-940B-0A87-F064-FACFAE17EE15" name="INVENTORY_PK">
<createdBy>Administrator</createdBy>
<createdTime>2008-11-20 16:11:38 UTC</createdTime>
<ownerDesignName>OE_Sample</ownerDesignName>
<pk>true</pk>
<indexState>Primary Constraint</indexState>
<indexColumnUsage>
<colUsage columnID="19474AA4-1AFF-4166-240E-14BDEBBE3D42"/>
<colUsage columnID="DE19ADA4-6D35-90A7-BCEF-A3526338F970"/>
</indexColumnUsage>
</ind_PK_UK>
<ind_PK_UK id="5BDB8885-F3FB-CDD2-D364-442E7093EBFF" name="INVENTORY_IX">
<createdBy>Administrator</createdBy>
<createdTime>2008-11-20 16:11:38 UTC</createdTime>
<ownerDesignName>OE_Sample</ownerDesignName>
<indexColumnUsage>
<colUsage columnID="DE19ADA4-6D35-90A7-BCEF-A3526338F970"/>
<colUsage columnID="19474AA4-1AFF-4166-240E-14BDEBBE3D42"/>
</indexColumnUsage>
</ind_PK_UK>
<ind_PK_UK id="D2A58026-3777-2C89-74B3-0041E12408B8" name="INV_PRODUCT_IX">
<createdBy>Administrator</createdBy>
<createdTime>2008-11-20 16:11:38 UTC</createdTime>
<ownerDesignName>OE_Sample</ownerDesignName>
<indexColumnUsage>
<colUsage columnID="19474AA4-1AFF-4166-240E-14BDEBBE3D42"/>
</indexColumnUsage>
</ind_PK_UK>
<ind_PK_UK id="373D98A9-3150-D877-7D04-9F10383099F6" name="INVENTORIES_WAREHOUSES_FK">
<createdBy>Administrator</createdBy>
<createdTime>2008-11-20 16:11:39 UTC</createdTime>
<ownerDesignName>OE_Sample</ownerDesignName>
<indexState>Foreign Key</indexState>
<indexColumnUsage>
<colUsage columnID="DE19ADA4-6D35-90A7-BCEF-A3526338F970"/>
</indexColumnUsage>
</ind_PK_UK>
<ind_PK_UK id="5BD1E449-BE89-68D4-F05D-8E5D9CABB494" name="INVENTORIES_PRODUCT_ID_FK">
<createdBy>Administrator</createdBy>
<createdTime>2008-11-20 16:11:39 UTC</createdTime>
<ownerDesignName>OE_Sample</ownerDesignName>
<indexState>Foreign Key</indexState>
<indexColumnUsage>
<colUsage columnID="19474AA4-1AFF-4166-240E-14BDEBBE3D42"/>
</indexColumnUsage>
</ind_PK_UK>
</indexes>
</Table>