<?xml version = '1.0' encoding = 'UTF-8'?>
<Table class="oracle.dbtools.crest.model.design.relational.Table" directorySegmentName="seg_0" id="7817B1D3-0C65-D6F7-A5AC-36C81B75B97E" name="CUSTOMERS">
<createdBy>Administrator</createdBy>
<createdTime>2008-11-20 16:11:38 UTC</createdTime>
<ownerDesignName>OE_Sample</ownerDesignName>
<schemaObject>AB99E18F-10A1-579F-F11A-EFD5EB37B0D7</schemaObject>
<columns itemClass="oracle.dbtools.crest.model.design.relational.Column">
<Column name="CUSTOMER_ID" id="AA2D0A34-9C2F-6732-0F15-3CE5097F65D5">
<createdBy>Administrator</createdBy>
<createdTime>2008-11-20 16:11:38 UTC</createdTime>
<commentInRDBMS>Primary key column.</commentInRDBMS>
<ownerDesignName>OE_Sample</ownerDesignName>
<constraintName>CUSTOMER_ID_MIN</constraintName>
<useDomainConstraints>false</useDomainConstraints>
<use>1</use>
<logicalDatatype>LOGDT019</logicalDatatype>
<dataTypePrecision>6</dataTypePrecision>
<checkConstraint>
<implementationDef dbType="Oracle Database 10g" definition="customer_id &gt; 0"/>
</checkConstraint>
</Column>
<Column name="CUST_FIRST_NAME" id="5FE12C6F-1B20-9838-8346-7DD23E0C56FC">
<createdBy>Administrator</createdBy>
<createdTime>2008-11-20 16:11:38 UTC</createdTime>
<commentInRDBMS>NOT NULL constraint.</commentInRDBMS>
<ownerDesignName>OE_Sample</ownerDesignName>
<useDomainConstraints>false</useDomainConstraints>
<use>1</use>
<logicalDatatype>LOGDT024</logicalDatatype>
<dataTypeSize>20 BYTE</dataTypeSize>
</Column>
<Column name="CUST_LAST_NAME" id="BBECBD76-9020-F3F2-2797-71285EC8B822">
<createdBy>Administrator</createdBy>
<createdTime>2008-11-20 16:11:38 UTC</createdTime>
<commentInRDBMS>NOT NULL constraint.</commentInRDBMS>
<ownerDesignName>OE_Sample</ownerDesignName>
<useDomainConstraints>false</useDomainConstraints>
<use>1</use>
<logicalDatatype>LOGDT024</logicalDatatype>
<dataTypeSize>20 BYTE</dataTypeSize>
</Column>
<Column name="CUST_ADDRESS" id="5B456B67-4C52-13D5-ADB6-B09AF223F8F9">
<createdBy>Administrator</createdBy>
<createdTime>2008-11-20 16:11:38 UTC</createdTime>
<commentInRDBMS>Object column of type address_typ.</commentInRDBMS>
<ownerDesignName>OE_Sample</ownerDesignName>
<nullsAllowed>true</nullsAllowed>
<useDomainConstraints>false</useDomainConstraints>
<use>3</use>
<structuredType>1300B473-479F-D3B1-B2DD-70FB97433BE4</structuredType>
</Column>
<Column name="PHONE_NUMBERS" id="D6394E12-4EB3-0DEC-5DAF-52EF8DF52111">
<createdBy>Administrator</createdBy>
<createdTime>2008-11-20 16:11:38 UTC</createdTime>
<commentInRDBMS>Varray column of type phone_list_typ</commentInRDBMS>
<ownerDesignName>OE_Sample</ownerDesignName>
<nullsAllowed>true</nullsAllowed>
<useDomainConstraints>false</useDomainConstraints>
<use>4</use>
<collectionType>48266FC4-A570-2EE2-13CB-768782D95645</collectionType>
</Column>
<Column name="NLS_LANGUAGE" id="7A5DD6A0-9C8E-CBA8-00CE-5073375118CE">
<createdBy>Administrator</createdBy>
<createdTime>2008-11-20 16:11:38 UTC</createdTime>
<ownerDesignName>OE_Sample</ownerDesignName>
<nullsAllowed>true</nullsAllowed>
<useDomainConstraints>false</useDomainConstraints>
<use>1</use>
<logicalDatatype>LOGDT024</logicalDatatype>
<dataTypeSize>3 BYTE</dataTypeSize>
</Column>
<Column name="NLS_TERRITORY" id="62E288A1-8FFD-0235-D654-D77C34DEE361">
<createdBy>Administrator</createdBy>
<createdTime>2008-11-20 16:11:38 UTC</createdTime>
<ownerDesignName>OE_Sample</ownerDesignName>
<nullsAllowed>true</nullsAllowed>
<useDomainConstraints>false</useDomainConstraints>
<use>1</use>
<logicalDatatype>LOGDT024</logicalDatatype>
<dataTypeSize>30 BYTE</dataTypeSize>
</Column>
<Column name="CREDIT_LIMIT" id="9411C9B2-A483-F190-826B-BE8C9BACAA08">
<createdBy>Administrator</createdBy>
<createdTime>2008-11-20 16:11:38 UTC</createdTime>
<commentInRDBMS>Check constraint.</commentInRDBMS>
<ownerDesignName>OE_Sample</ownerDesignName>
<constraintName>CUSTOMER_CREDIT_LIMIT_MAX</constraintName>
<nullsAllowed>true</nullsAllowed>
<useDomainConstraints>false</useDomainConstraints>
<use>1</use>
<logicalDatatype>LOGDT019</logicalDatatype>
<dataTypePrecision>9</dataTypePrecision>
<dataTypeScale>2</dataTypeScale>
<checkConstraint>
<implementationDef dbType="Oracle Database 10g" definition="credit_limit &lt;= 5000"/>
</checkConstraint>
</Column>
<Column name="CUST_EMAIL" id="DA7EC865-9420-9602-9EB0-619D2A2E86ED">
<createdBy>Administrator</createdBy>
<createdTime>2008-11-20 16:11:38 UTC</createdTime>
<ownerDesignName>OE_Sample</ownerDesignName>
<nullsAllowed>true</nullsAllowed>
<useDomainConstraints>false</useDomainConstraints>
<use>1</use>
<logicalDatatype>LOGDT024</logicalDatatype>
<dataTypeSize>30 BYTE</dataTypeSize>
</Column>
<Column name="ACCOUNT_MGR_ID" id="E9676AF9-DCC0-912F-08E5-0C47F2EE3DBB">
<createdBy>Administrator</createdBy>
<createdTime>2008-11-20 16:11:38 UTC</createdTime>
<commentInRDBMS>References hr.employees.employee_id.</commentInRDBMS>
<ownerDesignName>OE_Sample</ownerDesignName>
<nullsAllowed>true</nullsAllowed>
<useDomainConstraints>false</useDomainConstraints>
<use>1</use>
<logicalDatatype>LOGDT019</logicalDatatype>
<dataTypePrecision>6</dataTypePrecision>
</Column>
<Column name="CUST_GEO_LOCATION" id="EB90BF23-D1F4-047F-ADE5-DC7BDD4740DB">
<createdBy>Administrator</createdBy>
<createdTime>2008-11-20 16:11:38 UTC</createdTime>
<commentInRDBMS>SDO (spatial) column.</commentInRDBMS>
<ownerDesignName>OE_Sample</ownerDesignName>
<nullsAllowed>true</nullsAllowed>
<useDomainConstraints>false</useDomainConstraints>
<use>3</use>
</Column>
<Column name="DATE_OF_BIRTH" id="9AE345E8-8332-8596-7170-6E2C4129D42F">
<createdBy>Administrator</createdBy>
<createdTime>2008-11-20 16:11:38 UTC</createdTime>
<ownerDesignName>OE_Sample</ownerDesignName>
<nullsAllowed>true</nullsAllowed>
<useDomainConstraints>false</useDomainConstraints>
<use>1</use>
<logicalDatatype>LOGDT007</logicalDatatype>
</Column>
<Column name="MARITAL_STATUS" id="FA96BBA1-1CBC-75DC-BD56-D25B7C2C7DB6">
<createdBy>Administrator</createdBy>
<createdTime>2008-11-20 16:11:38 UTC</createdTime>
<ownerDesignName>OE_Sample</ownerDesignName>
<nullsAllowed>true</nullsAllowed>
<useDomainConstraints>false</useDomainConstraints>
<use>1</use>
<logicalDatatype>LOGDT024</logicalDatatype>
<dataTypeSize>20 BYTE</dataTypeSize>
</Column>
<Column name="GENDER" id="46E00FA1-DF2B-311F-9896-7E4E412ECE2C">
<createdBy>Administrator</createdBy>
<createdTime>2008-11-20 16:11:38 UTC</createdTime>
<ownerDesignName>OE_Sample</ownerDesignName>
<nullsAllowed>true</nullsAllowed>
<useDomainConstraints>false</useDomainConstraints>
<use>1</use>
<logicalDatatype>LOGDT024</logicalDatatype>
<dataTypeSize>1 BYTE</dataTypeSize>
</Column>
<Column name="INCOME_LEVEL" id="1CDBE7F3-5A20-A31A-1CCF-FD566F31DBB4">
<createdBy>Administrator</createdBy>
<createdTime>2008-11-20 16:11:38 UTC</createdTime>
<ownerDesignName>OE_Sample</ownerDesignName>
<nullsAllowed>true</nullsAllowed>
<useDomainConstraints>false</useDomainConstraints>
<use>1</use>
<logicalDatatype>LOGDT024</logicalDatatype>
<dataTypeSize>20 BYTE</dataTypeSize>
</Column>
</columns>
<indexes itemClass="oracle.dbtools.crest.model.design.relational.Index">
<ind_PK_UK id="2F5EFDD6-CCA4-9454-0A22-96179B051C4A" name="CUSTOMERS_PK">
<createdBy>Administrator</createdBy>
<createdTime>2008-11-20 16:11:38 UTC</createdTime>
<ownerDesignName>OE_Sample</ownerDesignName>
<pk>true</pk>
<indexState>Primary Constraint</indexState>
<indexColumnUsage>
<colUsage columnID="AA2D0A34-9C2F-6732-0F15-3CE5097F65D5"/>
</indexColumnUsage>
</ind_PK_UK>
<ind_PK_UK id="C26E2F71-FE86-5EC2-924F-0D9E8972515C" name="CUST_UPPER_NAME_IX">
<createdBy>Administrator</createdBy>
<createdTime>2008-11-20 16:11:38 UTC</createdTime>
<ownerDesignName>OE_Sample</ownerDesignName>
<indexExpression>UPPER(&quot;CUST_LAST_NAME&quot;),UPPER(&quot;CUST_FIRST_NAME&quot;)</indexExpression>
</ind_PK_UK>
<ind_PK_UK id="1050DAAF-7016-A7B8-D2F3-0717E19EB761" name="CUST_ACCOUNT_MANAGER_IX">
<createdBy>Administrator</createdBy>
<createdTime>2008-11-20 16:11:38 UTC</createdTime>
<ownerDesignName>OE_Sample</ownerDesignName>
<indexColumnUsage>
<colUsage columnID="E9676AF9-DCC0-912F-08E5-0C47F2EE3DBB"/>
</indexColumnUsage>
</ind_PK_UK>
<ind_PK_UK id="3A4629F2-C01C-1517-5EC2-DB331AA331BE" name="CUST_LNAME_IX">
<createdBy>Administrator</createdBy>
<createdTime>2008-11-20 16:11:38 UTC</createdTime>
<ownerDesignName>OE_Sample</ownerDesignName>
<indexColumnUsage>
<colUsage columnID="BBECBD76-9020-F3F2-2797-71285EC8B822"/>
</indexColumnUsage>
</ind_PK_UK>
<ind_PK_UK id="6F0D6D31-7848-8D22-577C-CA892F6E2E6B" name="CUST_EMAIL_IX">
<createdBy>Administrator</createdBy>
<createdTime>2008-11-20 16:11:38 UTC</createdTime>
<ownerDesignName>OE_Sample</ownerDesignName>
<indexColumnUsage>
<colUsage columnID="DA7EC865-9420-9602-9EB0-619D2A2E86ED"/>
</indexColumnUsage>
</ind_PK_UK>
</indexes>
</Table>