<?xml version = '1.0' encoding = 'UTF-8'?>
<StructuredTypeProxyOraclev10g class="oracle.dbtools.crest.model.design.storage.oracle.v10g.StructuredTypeProxyOraclev10g" name="emp_address_typ" directorySegmentName="seg_0" id="99E94568-CDB5-7B79-7F93-A5C7B30CE290">
<createdBy>oracle</createdBy>
<createdTime>2014-02-14 01:41:14 UTC</createdTime>
<ownerDesignName>sol_17_01</ownerDesignName>
<attributes itemClass="oracle.dbtools.crest.model.design.storage.oracle.v9i.TypeElementProxyOraclev9i">
<Attribute name="City" id="5D0F06AE-578E-8F86-8D4C-AEADE500EDF9">
<createdBy>oracle</createdBy>
<createdTime>2014-02-14 01:41:14 UTC</createdTime>
<ownerDesignName>sol_17_01</ownerDesignName>
</Attribute>
<Attribute name="Street" id="63BD2D22-2F3E-6EFE-48D0-87AC304D2EDE">
<createdBy>oracle</createdBy>
<createdTime>2014-02-14 01:41:14 UTC</createdTime>
<ownerDesignName>sol_17_01</ownerDesignName>
</Attribute>
<Attribute name="Zip Code" id="A519844E-6447-FA7E-E9DE-EA204D6FCC99">
<createdBy>oracle</createdBy>
<createdTime>2014-02-14 01:41:14 UTC</createdTime>
<ownerDesignName>sol_17_01</ownerDesignName>
</Attribute>
<Attribute name="State" id="A9BE8EDF-1AA5-337E-7D3C-3740BD8D6D94">
<createdBy>oracle</createdBy>
<createdTime>2014-02-14 01:41:14 UTC</createdTime>
<ownerDesignName>sol_17_01</ownerDesignName>
</Attribute>
</attributes>
</StructuredTypeProxyOraclev10g>