<?xml version = '1.0' encoding = 'UTF-8'?>
<Table class="oracle.dbtools.crest.model.design.relational.Table" directorySegmentName="seg_0" id="01D7F57F-D731-0799-E4BB-ADE1DD00F595" name="JOBS">
<sourceConnName>hr_orcl</sourceConnName>
<sourceObjSchema>HR</sourceObjSchema>
<sourceObjName>JOBS</sourceObjName>
<createdBy>oracle</createdBy>
<createdTime>2011-11-14 09:52:46 UTC</createdTime>
<commentInRDBMS>jobs table with job titles and salary ranges. Contains 19 rows.&lt;br/&gt;References with employees and job_history table.</commentInRDBMS>
<ownerDesignName>sol_19_01</ownerDesignName>
<schemaObject>9C030125-DA4D-FDEF-BBC0-77146F895669</schemaObject>
<columns itemClass="oracle.dbtools.crest.model.design.relational.Column">
<Column name="JOB_ID" id="DCCBCCC1-E8F0-BD63-7721-096A727E5120">
<sourceConnName>hr_orcl</sourceConnName>
<sourceObjSchema>JOBS</sourceObjSchema>
<sourceObjName>JOB_ID</sourceObjName>
<createdBy>oracle</createdBy>
<createdTime>2011-11-14 09:52:46 UTC</createdTime>
<commentInRDBMS>Primary key of jobs table.</commentInRDBMS>
<ownerDesignName>sol_19_01</ownerDesignName>
<useDomainConstraints>false</useDomainConstraints>
<use>1</use>
<logicalDatatype>LOGDT024</logicalDatatype>
<dataTypeSize>10 BYTE</dataTypeSize>
<autoIncrementCycle>false</autoIncrementCycle>
</Column>
<Column name="JOB_TITLE" id="611C8373-67DB-AAC3-5329-8C9A92DF84B6">
<sourceConnName>hr_orcl</sourceConnName>
<sourceObjSchema>JOBS</sourceObjSchema>
<sourceObjName>JOB_TITLE</sourceObjName>
<createdBy>oracle</createdBy>
<createdTime>2011-11-14 09:52:46 UTC</createdTime>
<commentInRDBMS>A not null column that shows job title, e.g. AD_VP, FI_ACCOUNTANT</commentInRDBMS>
<ownerDesignName>sol_19_01</ownerDesignName>
<useDomainConstraints>false</useDomainConstraints>
<use>1</use>
<logicalDatatype>LOGDT024</logicalDatatype>
<dataTypeSize>35 BYTE</dataTypeSize>
<autoIncrementCycle>false</autoIncrementCycle>
<notNullConstraintName>JOB_TITLE_NN</notNullConstraintName>
</Column>
<Column name="MIN_SALARY" id="C7F90BBD-85FD-4B57-67F1-738F6521FB52">
<sourceConnName>hr_orcl</sourceConnName>
<sourceObjSchema>JOBS</sourceObjSchema>
<sourceObjName>MIN_SALARY</sourceObjName>
<createdBy>oracle</createdBy>
<createdTime>2011-11-14 09:52:46 UTC</createdTime>
<commentInRDBMS>Minimum salary for a job title.</commentInRDBMS>
<ownerDesignName>sol_19_01</ownerDesignName>
<nullsAllowed>true</nullsAllowed>
<useDomainConstraints>false</useDomainConstraints>
<use>1</use>
<logicalDatatype>LOGDT019</logicalDatatype>
<dataTypePrecision>6</dataTypePrecision>
<autoIncrementCycle>false</autoIncrementCycle>
</Column>
<Column name="MAX_SALARY" id="EBA37069-2238-BA9C-A67A-0CF97DE57271">
<sourceConnName>hr_orcl</sourceConnName>
<sourceObjSchema>JOBS</sourceObjSchema>
<sourceObjName>MAX_SALARY</sourceObjName>
<createdBy>oracle</createdBy>
<createdTime>2011-11-14 09:52:46 UTC</createdTime>
<commentInRDBMS>Maximum salary for a job title</commentInRDBMS>
<ownerDesignName>sol_19_01</ownerDesignName>
<nullsAllowed>true</nullsAllowed>
<useDomainConstraints>false</useDomainConstraints>
<use>1</use>
<logicalDatatype>LOGDT019</logicalDatatype>
<dataTypePrecision>6</dataTypePrecision>
<autoIncrementCycle>false</autoIncrementCycle>
</Column>
</columns>
<indexes itemClass="oracle.dbtools.crest.model.design.relational.Index">
<ind_PK_UK id="6D9F3C00-B945-35C2-D035-BFB0045F6267" name="JOB_ID_PK">
<sourceConnName>hr_orcl</sourceConnName>
<sourceObjSchema>HR</sourceObjSchema>
<sourceObjName>JOB_ID_PK</sourceObjName>
<createdBy>oracle</createdBy>
<createdTime>2011-11-14 09:52:47 UTC</createdTime>
<ownerDesignName>sol_19_01</ownerDesignName>
<pk>true</pk>
<indexState>Primary Constraint</indexState>
<schemaObject>9C030125-DA4D-FDEF-BBC0-77146F895669</schemaObject>
<indexColumnUsage>
<colUsage columnID="DCCBCCC1-E8F0-BD63-7721-096A727E5120"/>
</indexColumnUsage>
</ind_PK_UK>
</indexes>
</Table>