<?xml version = '1.0' encoding = 'UTF-8'?>
<Table class="oracle.dbtools.crest.model.design.relational.Table" directorySegmentName="seg_0" id="6A7D5A36-EFB3-AC42-36F6-176EE28443EB" name="JOB_HISTORY">
<sourceConnName>hr_orcl</sourceConnName>
<sourceObjSchema>HR</sourceObjSchema>
<sourceObjName>JOB_HISTORY</sourceObjName>
<createdBy>oracle</createdBy>
<createdTime>2011-11-14 09:52:46 UTC</createdTime>
<commentInRDBMS>Table that stores job history of the employees. If an employee&lt;br/&gt;changes departments within the job or changes jobs within the department,&lt;br/&gt;new rows get inserted into this table with old job information of the&lt;br/&gt;employee. Contains a complex primary key: employee_id+start_date.&lt;br/&gt;Contains 25 rows. References with jobs, employees, and departments tables.</commentInRDBMS>
<ownerDesignName>sol_19_01</ownerDesignName>
<schemaObject>9C030125-DA4D-FDEF-BBC0-77146F895669</schemaObject>
<columns itemClass="oracle.dbtools.crest.model.design.relational.Column">
<Column name="EMPLOYEE_ID" id="9749D5F5-7DDD-3112-CB54-05C06DD17271">
<sourceConnName>hr_orcl</sourceConnName>
<sourceObjSchema>JOB_HISTORY</sourceObjSchema>
<sourceObjName>EMPLOYEE_ID</sourceObjName>
<createdBy>oracle</createdBy>
<createdTime>2011-11-14 09:52:46 UTC</createdTime>
<commentInRDBMS>A not null column in the complex primary key employee_id+start_date.&lt;br/&gt;Foreign key to employee_id column of the employee table</commentInRDBMS>
<ownerDesignName>sol_19_01</ownerDesignName>
<useDomainConstraints>false</useDomainConstraints>
<use>1</use>
<logicalDatatype>LOGDT019</logicalDatatype>
<dataTypePrecision>6</dataTypePrecision>
<delegate>563B1F0D-5FDF-28A5-F1ED-51600E5C017F</delegate>
<autoIncrementCycle>false</autoIncrementCycle>
<notNullConstraintName>JHIST_EMPLOYEE_NN</notNullConstraintName>
<associations>
<colAssociation fkAssociation="41BC346C-19DB-A81F-DF06-9CAF3682CF25" referredColumn="563B1F0D-5FDF-28A5-F1ED-51600E5C017F"/>
</associations>
</Column>
<Column name="START_DATE" id="7191DA23-8722-1035-190E-7D8C5A62837A">
<sourceConnName>hr_orcl</sourceConnName>
<sourceObjSchema>JOB_HISTORY</sourceObjSchema>
<sourceObjName>START_DATE</sourceObjName>
<createdBy>oracle</createdBy>
<createdTime>2011-11-14 09:52:46 UTC</createdTime>
<commentInRDBMS>A not null column in the complex primary key employee_id+start_date.&lt;br/&gt;Must be less than the end_date of the job_history table. (enforced by&lt;br/&gt;constraint jhist_date_interval)</commentInRDBMS>
<ownerDesignName>sol_19_01</ownerDesignName>
<useDomainConstraints>false</useDomainConstraints>
<use>1</use>
<logicalDatatype>LOGDT007</logicalDatatype>
<dataTypeSize>7</dataTypeSize>
<autoIncrementCycle>false</autoIncrementCycle>
<notNullConstraintName>JHIST_START_DATE_NN</notNullConstraintName>
</Column>
<Column name="END_DATE" id="A36A5516-50BA-09D4-573F-98C2C39EFE4B">
<sourceConnName>hr_orcl</sourceConnName>
<sourceObjSchema>JOB_HISTORY</sourceObjSchema>
<sourceObjName>END_DATE</sourceObjName>
<createdBy>oracle</createdBy>
<createdTime>2011-11-14 09:52:46 UTC</createdTime>
<commentInRDBMS>Last day of the employee in this job role. A not null column. Must be&lt;br/&gt;greater than the start_date of the job_history table.&lt;br/&gt;(enforced by constraint jhist_date_interval)</commentInRDBMS>
<ownerDesignName>sol_19_01</ownerDesignName>
<useDomainConstraints>false</useDomainConstraints>
<use>1</use>
<logicalDatatype>LOGDT007</logicalDatatype>
<dataTypeSize>7</dataTypeSize>
<autoIncrementCycle>false</autoIncrementCycle>
<notNullConstraintName>JHIST_END_DATE_NN</notNullConstraintName>
</Column>
<Column name="JOB_ID" id="9729AAE5-EE96-BF59-1847-F1B53F5CC31E">
<sourceConnName>hr_orcl</sourceConnName>
<sourceObjSchema>JOB_HISTORY</sourceObjSchema>
<sourceObjName>JOB_ID</sourceObjName>
<createdBy>oracle</createdBy>
<createdTime>2011-11-14 09:52:46 UTC</createdTime>
<commentInRDBMS>Job role in which the employee worked in the past; foreign key to&lt;br/&gt;job_id column in the jobs table. A not null column.</commentInRDBMS>
<ownerDesignName>sol_19_01</ownerDesignName>
<useDomainConstraints>false</useDomainConstraints>
<use>1</use>
<logicalDatatype>LOGDT024</logicalDatatype>
<dataTypeSize>10 BYTE</dataTypeSize>
<delegate>DCCBCCC1-E8F0-BD63-7721-096A727E5120</delegate>
<autoIncrementCycle>false</autoIncrementCycle>
<notNullConstraintName>JHIST_JOB_NN</notNullConstraintName>
<associations>
<colAssociation fkAssociation="37C4E0A5-3E7F-6DC6-78C6-BC850AC65DBD" referredColumn="DCCBCCC1-E8F0-BD63-7721-096A727E5120"/>
</associations>
</Column>
<Column name="DEPARTMENT_ID" id="8999B2B8-26BD-D697-F8B7-74E8598EEAD5">
<sourceConnName>hr_orcl</sourceConnName>
<sourceObjSchema>JOB_HISTORY</sourceObjSchema>
<sourceObjName>DEPARTMENT_ID</sourceObjName>
<createdBy>oracle</createdBy>
<createdTime>2011-11-14 09:52:46 UTC</createdTime>
<commentInRDBMS>Department id in which the employee worked in the past; foreign key to deparment_id column in the departments table</commentInRDBMS>
<ownerDesignName>sol_19_01</ownerDesignName>
<nullsAllowed>true</nullsAllowed>
<useDomainConstraints>false</useDomainConstraints>
<use>1</use>
<logicalDatatype>LOGDT019</logicalDatatype>
<dataTypePrecision>4</dataTypePrecision>
<delegate>81AA7977-1F3A-248C-0DD1-ABC7EE010E96</delegate>
<autoIncrementCycle>false</autoIncrementCycle>
<associations>
<colAssociation fkAssociation="9AA06AC6-7D6A-C00A-40F2-E5FC359C5BA2" referredColumn="81AA7977-1F3A-248C-0DD1-ABC7EE010E96"/>
</associations>
</Column>
</columns>
<indexes itemClass="oracle.dbtools.crest.model.design.relational.Index">
<ind_PK_UK id="DD6223CD-3C03-7E67-80CC-D2CEB6427D73" name="JHIST_EMP_ID_ST_DATE_PK">
<sourceConnName>hr_orcl</sourceConnName>
<sourceObjSchema>HR</sourceObjSchema>
<sourceObjName>JHIST_EMP_ID_ST_DATE_PK</sourceObjName>
<createdBy>oracle</createdBy>
<createdTime>2011-11-14 09:52:47 UTC</createdTime>
<ownerDesignName>sol_19_01</ownerDesignName>
<pk>true</pk>
<indexState>Primary Constraint</indexState>
<schemaObject>9C030125-DA4D-FDEF-BBC0-77146F895669</schemaObject>
<indexColumnUsage>
<colUsage columnID="9749D5F5-7DDD-3112-CB54-05C06DD17271"/>
<colUsage columnID="7191DA23-8722-1035-190E-7D8C5A62837A"/>
</indexColumnUsage>
</ind_PK_UK>
<ind_PK_UK id="6CDCB55B-0B8E-5527-CF87-9F2B435359D6" name="JHIST_JOB_IX">
<sourceConnName>hr_orcl</sourceConnName>
<sourceObjSchema>HR</sourceObjSchema>
<sourceObjName>JHIST_JOB_IX</sourceObjName>
<createdBy>oracle</createdBy>
<createdTime>2011-11-14 09:52:47 UTC</createdTime>
<ownerDesignName>sol_19_01</ownerDesignName>
<schemaObject>9C030125-DA4D-FDEF-BBC0-77146F895669</schemaObject>
<indexColumnUsage>
<colUsage columnID="9729AAE5-EE96-BF59-1847-F1B53F5CC31E"/>
</indexColumnUsage>
</ind_PK_UK>
<ind_PK_UK id="5A79D084-85D7-926B-7812-EF827A98DF55" name="JHIST_EMPLOYEE_IX">
<sourceConnName>hr_orcl</sourceConnName>
<sourceObjSchema>HR</sourceObjSchema>
<sourceObjName>JHIST_EMPLOYEE_IX</sourceObjName>
<createdBy>oracle</createdBy>
<createdTime>2011-11-14 09:52:47 UTC</createdTime>
<ownerDesignName>sol_19_01</ownerDesignName>
<schemaObject>9C030125-DA4D-FDEF-BBC0-77146F895669</schemaObject>
<indexColumnUsage>
<colUsage columnID="9749D5F5-7DDD-3112-CB54-05C06DD17271"/>
</indexColumnUsage>
</ind_PK_UK>
<ind_PK_UK id="123372C2-2770-8902-8885-709CAD888443" name="JHIST_DEPARTMENT_IX">
<sourceConnName>hr_orcl</sourceConnName>
<sourceObjSchema>HR</sourceObjSchema>
<sourceObjName>JHIST_DEPARTMENT_IX</sourceObjName>
<createdBy>oracle</createdBy>
<createdTime>2011-11-14 09:52:47 UTC</createdTime>
<ownerDesignName>sol_19_01</ownerDesignName>
<schemaObject>9C030125-DA4D-FDEF-BBC0-77146F895669</schemaObject>
<indexColumnUsage>
<colUsage columnID="8999B2B8-26BD-D697-F8B7-74E8598EEAD5"/>
</indexColumnUsage>
</ind_PK_UK>
<ind_PK_UK id="9DF6E79A-7EA1-6B4B-2475-7CD899A5CF7E" name="JHIST_DEPT_FK">
<createdBy>oracle</createdBy>
<createdTime>2011-11-14 09:52:47 UTC</createdTime>
<ownerDesignName>sol_19_01</ownerDesignName>
<indexState>Foreign Key</indexState>
<indexColumnUsage>
<colUsage columnID="8999B2B8-26BD-D697-F8B7-74E8598EEAD5"/>
</indexColumnUsage>
</ind_PK_UK>
<ind_PK_UK id="FF9F1E24-8262-D0EE-FB04-E1A7E4CC8AF4" name="JHIST_EMP_FK">
<createdBy>oracle</createdBy>
<createdTime>2011-11-14 09:52:47 UTC</createdTime>
<ownerDesignName>sol_19_01</ownerDesignName>
<indexState>Foreign Key</indexState>
<indexColumnUsage>
<colUsage columnID="9749D5F5-7DDD-3112-CB54-05C06DD17271"/>
</indexColumnUsage>
</ind_PK_UK>
<ind_PK_UK id="7CF014BF-E648-EF49-0EBD-3008D7398976" name="JHIST_JOB_FK">
<createdBy>oracle</createdBy>
<createdTime>2011-11-14 09:52:47 UTC</createdTime>
<ownerDesignName>sol_19_01</ownerDesignName>
<indexState>Foreign Key</indexState>
<indexColumnUsage>
<colUsage columnID="9729AAE5-EE96-BF59-1847-F1B53F5CC31E"/>
</indexColumnUsage>
</ind_PK_UK>
</indexes>
<tableCheckConstraints itemClass="oracle.dbtools.crest.model.design.constraint.TableLevelConstraint">
<tableCheckConstraint name="JHIST_DATE_INTERVAL" directorySegmentName="seg_0" id="6A9C74AF-9179-EFC4-FB7E-A21D273329A2">
<sourceConnName>hr_orcl</sourceConnName>
<sourceObjSchema>HR</sourceObjSchema>
<sourceObjName>JHIST_DATE_INTERVAL</sourceObjName>
<createdBy>oracle</createdBy>
<createdTime>2011-11-14 09:52:47 UTC</createdTime>
<ownerDesignName>my_practice_20</ownerDesignName>
<rule>end_date &gt; start_date</rule>
</tableCheckConstraint>
</tableCheckConstraints>
</Table>