<?xml version = '1.0' encoding = 'UTF-8'?>
<Table class="oracle.dbtools.crest.model.design.relational.Table" directorySegmentName="seg_0" id="8922B3E0-D0F5-7CCD-E8EC-9387A97B3E90" name="DEPARTMENTS">
<sourceConnName>hr_orcl</sourceConnName>
<sourceObjSchema>HR</sourceObjSchema>
<sourceObjName>DEPARTMENTS</sourceObjName>
<createdBy>oracle</createdBy>
<createdTime>2011-11-14 09:52:46 UTC</createdTime>
<commentInRDBMS>Departments table that shows details of departments where employees&lt;br/&gt;work. Contains 27 rows; references with locations, employees, and job_history tables.</commentInRDBMS>
<ownerDesignName>sol_19_01</ownerDesignName>
<schemaObject>9C030125-DA4D-FDEF-BBC0-77146F895669</schemaObject>
<columns itemClass="oracle.dbtools.crest.model.design.relational.Column">
<Column name="DEPARTMENT_ID" id="81AA7977-1F3A-248C-0DD1-ABC7EE010E96">
<sourceConnName>hr_orcl</sourceConnName>
<sourceObjSchema>DEPARTMENTS</sourceObjSchema>
<sourceObjName>DEPARTMENT_ID</sourceObjName>
<createdBy>oracle</createdBy>
<createdTime>2011-11-14 09:52:46 UTC</createdTime>
<commentInRDBMS>Primary key column of departments table.</commentInRDBMS>
<ownerDesignName>sol_19_01</ownerDesignName>
<useDomainConstraints>false</useDomainConstraints>
<use>1</use>
<logicalDatatype>LOGDT019</logicalDatatype>
<dataTypePrecision>4</dataTypePrecision>
<autoIncrementCycle>false</autoIncrementCycle>
</Column>
<Column name="DEPARTMENT_NAME" id="410B6E07-4610-3E61-51E2-9336D8ABA0E8">
<sourceConnName>hr_orcl</sourceConnName>
<sourceObjSchema>DEPARTMENTS</sourceObjSchema>
<sourceObjName>DEPARTMENT_NAME</sourceObjName>
<createdBy>oracle</createdBy>
<createdTime>2011-11-14 09:52:46 UTC</createdTime>
<commentInRDBMS>A not null column that shows name of a department. Administration,&lt;br/&gt;Marketing, Purchasing, Human Resources, Shipping, IT, Executive, Public&lt;br/&gt;Relations, Sales, Finance, and Accounting. </commentInRDBMS>
<ownerDesignName>sol_19_01</ownerDesignName>
<useDomainConstraints>false</useDomainConstraints>
<use>1</use>
<logicalDatatype>LOGDT024</logicalDatatype>
<dataTypeSize>30 BYTE</dataTypeSize>
<autoIncrementCycle>false</autoIncrementCycle>
<notNullConstraintName>DEPT_NAME_NN</notNullConstraintName>
</Column>
<Column name="MANAGER_ID" id="5FDFFE70-58D0-2182-F29E-7A80CCAC8B39">
<sourceConnName>hr_orcl</sourceConnName>
<sourceObjSchema>DEPARTMENTS</sourceObjSchema>
<sourceObjName>MANAGER_ID</sourceObjName>
<createdBy>oracle</createdBy>
<createdTime>2011-11-14 09:52:46 UTC</createdTime>
<commentInRDBMS>Manager_id of a department. Foreign key to employee_id column of employees table. The manager_id column of the employee table references this column.</commentInRDBMS>
<ownerDesignName>sol_19_01</ownerDesignName>
<nullsAllowed>true</nullsAllowed>
<useDomainConstraints>false</useDomainConstraints>
<use>1</use>
<logicalDatatype>LOGDT019</logicalDatatype>
<dataTypePrecision>6</dataTypePrecision>
<delegate>563B1F0D-5FDF-28A5-F1ED-51600E5C017F</delegate>
<autoIncrementCycle>false</autoIncrementCycle>
<associations>
<colAssociation fkAssociation="559A3B81-707B-E8B3-73F2-257A18A7BAD0" referredColumn="563B1F0D-5FDF-28A5-F1ED-51600E5C017F"/>
</associations>
</Column>
<Column name="LOCATION_ID" id="249E0DBE-C79B-9837-3D9F-E16181552E95">
<sourceConnName>hr_orcl</sourceConnName>
<sourceObjSchema>DEPARTMENTS</sourceObjSchema>
<sourceObjName>LOCATION_ID</sourceObjName>
<createdBy>oracle</createdBy>
<createdTime>2011-11-14 09:52:46 UTC</createdTime>
<commentInRDBMS>Location id where a department is located. Foreign key to location_id column of locations table.</commentInRDBMS>
<ownerDesignName>sol_19_01</ownerDesignName>
<nullsAllowed>true</nullsAllowed>
<useDomainConstraints>false</useDomainConstraints>
<use>1</use>
<logicalDatatype>LOGDT019</logicalDatatype>
<dataTypePrecision>4</dataTypePrecision>
<delegate>26B8DB3C-9ADB-3CC4-77A1-10B495364EE0</delegate>
<autoIncrementCycle>false</autoIncrementCycle>
<associations>
<colAssociation fkAssociation="74EE2001-F76E-D5A8-BE2D-20D5475CEB63" referredColumn="26B8DB3C-9ADB-3CC4-77A1-10B495364EE0"/>
</associations>
</Column>
</columns>
<indexes itemClass="oracle.dbtools.crest.model.design.relational.Index">
<ind_PK_UK id="535999B2-7CF6-CABC-87A0-ED9AE70C5F0F" name="DEPT_ID_PK">
<sourceConnName>hr_orcl</sourceConnName>
<sourceObjSchema>HR</sourceObjSchema>
<sourceObjName>DEPT_ID_PK</sourceObjName>
<createdBy>oracle</createdBy>
<createdTime>2011-11-14 09:52:47 UTC</createdTime>
<ownerDesignName>sol_19_01</ownerDesignName>
<pk>true</pk>
<indexState>Primary Constraint</indexState>
<schemaObject>9C030125-DA4D-FDEF-BBC0-77146F895669</schemaObject>
<indexColumnUsage>
<colUsage columnID="81AA7977-1F3A-248C-0DD1-ABC7EE010E96"/>
</indexColumnUsage>
</ind_PK_UK>
<ind_PK_UK id="AB7C02CB-B744-2566-450D-16F7D66ED239" name="DEPT_LOCATION_IX">
<sourceConnName>hr_orcl</sourceConnName>
<sourceObjSchema>HR</sourceObjSchema>
<sourceObjName>DEPT_LOCATION_IX</sourceObjName>
<createdBy>oracle</createdBy>
<createdTime>2011-11-14 09:52:47 UTC</createdTime>
<ownerDesignName>sol_19_01</ownerDesignName>
<schemaObject>9C030125-DA4D-FDEF-BBC0-77146F895669</schemaObject>
<indexColumnUsage>
<colUsage columnID="249E0DBE-C79B-9837-3D9F-E16181552E95"/>
</indexColumnUsage>
</ind_PK_UK>
<ind_PK_UK id="8C7E6E67-FBC1-CCCE-096E-CFCF86336EA2" name="DEPT_MGR_FK">
<createdBy>oracle</createdBy>
<createdTime>2011-11-14 09:52:47 UTC</createdTime>
<ownerDesignName>sol_19_01</ownerDesignName>
<indexState>Foreign Key</indexState>
<indexColumnUsage>
<colUsage columnID="5FDFFE70-58D0-2182-F29E-7A80CCAC8B39"/>
</indexColumnUsage>
</ind_PK_UK>
<ind_PK_UK id="9E3A3814-7E04-578F-8C3A-40C3AB0C7F05" name="DEPT_LOC_FK">
<createdBy>oracle</createdBy>
<createdTime>2011-11-14 09:52:47 UTC</createdTime>
<ownerDesignName>sol_19_01</ownerDesignName>
<indexState>Foreign Key</indexState>
<indexColumnUsage>
<colUsage columnID="249E0DBE-C79B-9837-3D9F-E16181552E95"/>
</indexColumnUsage>
</ind_PK_UK>
</indexes>
</Table>