<?xml version = '1.0' encoding = 'UTF-8'?>
<Table class="oracle.dbtools.crest.model.design.relational.Table" directorySegmentName="seg_0" id="899B33D1-929D-7AAB-0518-357998432A49" name="COUNTRIES">
<sourceConnName>hr_orcl</sourceConnName>
<sourceObjSchema>HR</sourceObjSchema>
<sourceObjName>COUNTRIES</sourceObjName>
<createdBy>oracle</createdBy>
<createdTime>2011-11-14 09:52:46 UTC</createdTime>
<commentInRDBMS>country table. Contains 25 rows. References with locations table.</commentInRDBMS>
<ownerDesignName>sol_19_01</ownerDesignName>
<schemaObject>9C030125-DA4D-FDEF-BBC0-77146F895669</schemaObject>
<columns itemClass="oracle.dbtools.crest.model.design.relational.Column">
<Column name="COUNTRY_ID" id="579DB273-1D59-E808-BCAD-2FB3FC709F43">
<sourceConnName>hr_orcl</sourceConnName>
<sourceObjSchema>COUNTRIES</sourceObjSchema>
<sourceObjName>COUNTRY_ID</sourceObjName>
<createdBy>oracle</createdBy>
<createdTime>2011-11-14 09:52:46 UTC</createdTime>
<commentInRDBMS>Primary key of countries table.</commentInRDBMS>
<ownerDesignName>sol_19_01</ownerDesignName>
<useDomainConstraints>false</useDomainConstraints>
<use>1</use>
<logicalDatatype>LOGDT025</logicalDatatype>
<dataTypeSize>2 BYTE</dataTypeSize>
<autoIncrementCycle>false</autoIncrementCycle>
<notNullConstraintName>COUNTRY_ID_NN</notNullConstraintName>
</Column>
<Column name="COUNTRY_NAME" id="6F2B55EA-C6AB-9BC8-223A-B9813EC90209">
<sourceConnName>hr_orcl</sourceConnName>
<sourceObjSchema>COUNTRIES</sourceObjSchema>
<sourceObjName>COUNTRY_NAME</sourceObjName>
<createdBy>oracle</createdBy>
<createdTime>2011-11-14 09:52:46 UTC</createdTime>
<commentInRDBMS>Country name</commentInRDBMS>
<ownerDesignName>sol_19_01</ownerDesignName>
<nullsAllowed>true</nullsAllowed>
<useDomainConstraints>false</useDomainConstraints>
<use>1</use>
<logicalDatatype>LOGDT024</logicalDatatype>
<dataTypeSize>40 BYTE</dataTypeSize>
<autoIncrementCycle>false</autoIncrementCycle>
</Column>
<Column name="REGION_ID" id="CAB657D4-4DE6-81DF-9DA6-231F35290DBA">
<sourceConnName>hr_orcl</sourceConnName>
<sourceObjSchema>COUNTRIES</sourceObjSchema>
<sourceObjName>REGION_ID</sourceObjName>
<createdBy>oracle</createdBy>
<createdTime>2011-11-14 09:52:46 UTC</createdTime>
<commentInRDBMS>Region ID for the country. Foreign key to region_id column in the departments table.</commentInRDBMS>
<ownerDesignName>sol_19_01</ownerDesignName>
<nullsAllowed>true</nullsAllowed>
<useDomainConstraints>false</useDomainConstraints>
<use>1</use>
<logicalDatatype>LOGDT019</logicalDatatype>
<dataTypeSize>22</dataTypeSize>
<delegate>6900D1FF-1677-7F76-86B3-5684A0FC006A</delegate>
<autoIncrementCycle>false</autoIncrementCycle>
<associations>
<colAssociation fkAssociation="FFC93A7E-85FD-0694-0BB2-00603FAFD7AC" referredColumn="6900D1FF-1677-7F76-86B3-5684A0FC006A"/>
</associations>
</Column>
</columns>
<indexes itemClass="oracle.dbtools.crest.model.design.relational.Index">
<ind_PK_UK id="ECF8B200-9BB7-3462-2F58-A2F2A3E64C52" name="COUNTRY_C_ID_PK">
<sourceConnName>hr_orcl</sourceConnName>
<sourceObjSchema>HR</sourceObjSchema>
<sourceObjName>COUNTRY_C_ID_PK</sourceObjName>
<createdBy>oracle</createdBy>
<createdTime>2011-11-14 09:52:46 UTC</createdTime>
<ownerDesignName>sol_19_01</ownerDesignName>
<pk>true</pk>
<indexState>Primary Constraint</indexState>
<schemaObject>9C030125-DA4D-FDEF-BBC0-77146F895669</schemaObject>
<indexColumnUsage>
<colUsage columnID="579DB273-1D59-E808-BCAD-2FB3FC709F43"/>
</indexColumnUsage>
</ind_PK_UK>
<ind_PK_UK id="13003582-8295-F95B-457D-5860338A0795" name="COUNTR_REG_FK">
<createdBy>oracle</createdBy>
<createdTime>2011-11-14 09:52:47 UTC</createdTime>
<ownerDesignName>sol_19_01</ownerDesignName>
<indexState>Foreign Key</indexState>
<indexColumnUsage>
<colUsage columnID="CAB657D4-4DE6-81DF-9DA6-231F35290DBA"/>
</indexColumnUsage>
</ind_PK_UK>
</indexes>
</Table>