<?xml version = '1.0' encoding = 'UTF-8'?>
<Table class="oracle.dbtools.crest.model.design.relational.Table" directorySegmentName="seg_0" id="BFE0AFBC-5FAA-935D-FAAB-82DEE0543442" name="EMPLOYEES">
<sourceConnName>hr_orcl</sourceConnName>
<sourceObjSchema>HR</sourceObjSchema>
<sourceObjName>EMPLOYEES</sourceObjName>
<createdBy>oracle</createdBy>
<createdTime>2011-11-14 09:52:46 UTC</createdTime>
<commentInRDBMS>employees table. Contains 107 rows. References with departments,&lt;br/&gt;jobs, job_history tables. Contains a self reference.</commentInRDBMS>
<ownerDesignName>sol_19_01</ownerDesignName>
<schemaObject>9C030125-DA4D-FDEF-BBC0-77146F895669</schemaObject>
<columns itemClass="oracle.dbtools.crest.model.design.relational.Column">
<Column name="EMPLOYEE_ID" id="563B1F0D-5FDF-28A5-F1ED-51600E5C017F">
<sourceConnName>hr_orcl</sourceConnName>
<sourceObjSchema>EMPLOYEES</sourceObjSchema>
<sourceObjName>EMPLOYEE_ID</sourceObjName>
<createdBy>oracle</createdBy>
<createdTime>2011-11-14 09:52:46 UTC</createdTime>
<commentInRDBMS>Primary key of employees table.</commentInRDBMS>
<ownerDesignName>sol_19_01</ownerDesignName>
<useDomainConstraints>false</useDomainConstraints>
<use>1</use>
<logicalDatatype>LOGDT019</logicalDatatype>
<dataTypePrecision>6</dataTypePrecision>
<autoIncrementCycle>false</autoIncrementCycle>
</Column>
<Column name="FIRST_NAME" id="AC6CFFF2-188D-6591-4ADA-4284C63EC34F">
<sourceConnName>hr_orcl</sourceConnName>
<sourceObjSchema>EMPLOYEES</sourceObjSchema>
<sourceObjName>FIRST_NAME</sourceObjName>
<createdBy>oracle</createdBy>
<createdTime>2011-11-14 09:52:46 UTC</createdTime>
<commentInRDBMS>First name of the employee. A not null column.</commentInRDBMS>
<ownerDesignName>sol_19_01</ownerDesignName>
<nullsAllowed>true</nullsAllowed>
<useDomainConstraints>false</useDomainConstraints>
<use>1</use>
<logicalDatatype>LOGDT024</logicalDatatype>
<dataTypeSize>20 BYTE</dataTypeSize>
<autoIncrementCycle>false</autoIncrementCycle>
</Column>
<Column name="LAST_NAME" id="370705DC-A3DA-B0F2-9F91-1A9A6AF08876">
<sourceConnName>hr_orcl</sourceConnName>
<sourceObjSchema>EMPLOYEES</sourceObjSchema>
<sourceObjName>LAST_NAME</sourceObjName>
<createdBy>oracle</createdBy>
<createdTime>2011-11-14 09:52:46 UTC</createdTime>
<commentInRDBMS>Last name of the employee. A not null column.</commentInRDBMS>
<ownerDesignName>sol_19_01</ownerDesignName>
<useDomainConstraints>false</useDomainConstraints>
<use>1</use>
<logicalDatatype>LOGDT024</logicalDatatype>
<dataTypeSize>25 BYTE</dataTypeSize>
<autoIncrementCycle>false</autoIncrementCycle>
<notNullConstraintName>EMP_LAST_NAME_NN</notNullConstraintName>
</Column>
<Column name="EMAIL" id="5DC6F383-52B6-3D60-1F18-898A56CFF04B">
<sourceConnName>hr_orcl</sourceConnName>
<sourceObjSchema>EMPLOYEES</sourceObjSchema>
<sourceObjName>EMAIL</sourceObjName>
<createdBy>oracle</createdBy>
<createdTime>2011-11-14 09:52:46 UTC</createdTime>
<commentInRDBMS>Email id of the employee</commentInRDBMS>
<ownerDesignName>sol_19_01</ownerDesignName>
<useDomainConstraints>false</useDomainConstraints>
<use>1</use>
<logicalDatatype>LOGDT024</logicalDatatype>
<dataTypeSize>25 BYTE</dataTypeSize>
<autoIncrementCycle>false</autoIncrementCycle>
<notNullConstraintName>EMP_EMAIL_NN</notNullConstraintName>
</Column>
<Column name="PHONE_NUMBER" id="2BF2CC5D-F75C-FED9-0D94-53F763672986">
<sourceConnName>hr_orcl</sourceConnName>
<sourceObjSchema>EMPLOYEES</sourceObjSchema>
<sourceObjName>PHONE_NUMBER</sourceObjName>
<createdBy>oracle</createdBy>
<createdTime>2011-11-14 09:52:46 UTC</createdTime>
<commentInRDBMS>Phone number of the employee; includes country code and area code</commentInRDBMS>
<ownerDesignName>sol_19_01</ownerDesignName>
<nullsAllowed>true</nullsAllowed>
<useDomainConstraints>false</useDomainConstraints>
<use>1</use>
<logicalDatatype>LOGDT024</logicalDatatype>
<dataTypeSize>20 BYTE</dataTypeSize>
<autoIncrementCycle>false</autoIncrementCycle>
</Column>
<Column name="HIRE_DATE" id="7EC228B4-7CE2-2BCB-CF1B-4F4A9D95D14E">
<sourceConnName>hr_orcl</sourceConnName>
<sourceObjSchema>EMPLOYEES</sourceObjSchema>
<sourceObjName>HIRE_DATE</sourceObjName>
<createdBy>oracle</createdBy>
<createdTime>2011-11-14 09:52:46 UTC</createdTime>
<commentInRDBMS>Date when the employee started on this job. A not null column.</commentInRDBMS>
<ownerDesignName>sol_19_01</ownerDesignName>
<useDomainConstraints>false</useDomainConstraints>
<use>1</use>
<logicalDatatype>LOGDT007</logicalDatatype>
<dataTypeSize>7</dataTypeSize>
<autoIncrementCycle>false</autoIncrementCycle>
<notNullConstraintName>EMP_HIRE_DATE_NN</notNullConstraintName>
</Column>
<Column name="JOB_ID" id="32C386FD-02D0-5BAE-0158-F7C41B68B994">
<sourceConnName>hr_orcl</sourceConnName>
<sourceObjSchema>EMPLOYEES</sourceObjSchema>
<sourceObjName>JOB_ID</sourceObjName>
<createdBy>oracle</createdBy>
<createdTime>2011-11-14 09:52:46 UTC</createdTime>
<commentInRDBMS>Current job of the employee; foreign key to job_id column of the&lt;br/&gt;jobs table. A not null column.</commentInRDBMS>
<ownerDesignName>sol_19_01</ownerDesignName>
<useDomainConstraints>false</useDomainConstraints>
<use>1</use>
<logicalDatatype>LOGDT024</logicalDatatype>
<dataTypeSize>10 BYTE</dataTypeSize>
<delegate>DCCBCCC1-E8F0-BD63-7721-096A727E5120</delegate>
<autoIncrementCycle>false</autoIncrementCycle>
<notNullConstraintName>EMP_JOB_NN</notNullConstraintName>
<associations>
<colAssociation fkAssociation="6D16D30B-EEAB-0692-4B81-1A3325E6EC6F" referredColumn="DCCBCCC1-E8F0-BD63-7721-096A727E5120"/>
</associations>
</Column>
<Column name="SALARY" id="B3C6502A-3EFE-C6DE-3737-D453F9B9C224">
<sourceConnName>hr_orcl</sourceConnName>
<sourceObjSchema>EMPLOYEES</sourceObjSchema>
<sourceObjName>SALARY</sourceObjName>
<createdBy>oracle</createdBy>
<createdTime>2011-11-14 09:52:46 UTC</createdTime>
<commentInRDBMS>Monthly salary of the employee. Must be greater&lt;br/&gt;than zero (enforced by constraint emp_salary_min)</commentInRDBMS>
<ownerDesignName>sol_19_01</ownerDesignName>
<constraintName>EMP_SALARY_MIN</constraintName>
<nullsAllowed>true</nullsAllowed>
<useDomainConstraints>false</useDomainConstraints>
<use>1</use>
<logicalDatatype>LOGDT019</logicalDatatype>
<dataTypePrecision>8</dataTypePrecision>
<dataTypeScale>2</dataTypeScale>
<checkConstraint>
<implementationDef dbType="Oracle Database 11g" definition="salary &gt; 0"/>
</checkConstraint>
<autoIncrementCycle>false</autoIncrementCycle>
</Column>
<Column name="COMMISSION_PCT" id="2A85045E-6CBE-08CA-14C8-B0FEF61B6654">
<sourceConnName>hr_orcl</sourceConnName>
<sourceObjSchema>EMPLOYEES</sourceObjSchema>
<sourceObjName>COMMISSION_PCT</sourceObjName>
<createdBy>oracle</createdBy>
<createdTime>2011-11-14 09:52:46 UTC</createdTime>
<commentInRDBMS>Commission percentage of the employee; Only employees in sales&lt;br/&gt;department elgible for commission percentage</commentInRDBMS>
<ownerDesignName>sol_19_01</ownerDesignName>
<nullsAllowed>true</nullsAllowed>
<useDomainConstraints>false</useDomainConstraints>
<use>1</use>
<logicalDatatype>LOGDT019</logicalDatatype>
<dataTypePrecision>2</dataTypePrecision>
<dataTypeScale>2</dataTypeScale>
<autoIncrementCycle>false</autoIncrementCycle>
</Column>
<Column name="MANAGER_ID" id="E1A80839-D3D2-9C52-20B6-A9A15158EBF6">
<sourceConnName>hr_orcl</sourceConnName>
<sourceObjSchema>EMPLOYEES</sourceObjSchema>
<sourceObjName>MANAGER_ID</sourceObjName>
<createdBy>oracle</createdBy>
<createdTime>2011-11-14 09:52:46 UTC</createdTime>
<commentInRDBMS>Manager id of the employee; has same domain as manager_id in&lt;br/&gt;departments table. Foreign key to employee_id column of employees table.&lt;br/&gt;(useful for reflexive joins and CONNECT BY query)</commentInRDBMS>
<ownerDesignName>sol_19_01</ownerDesignName>
<nullsAllowed>true</nullsAllowed>
<useDomainConstraints>false</useDomainConstraints>
<use>1</use>
<logicalDatatype>LOGDT019</logicalDatatype>
<dataTypePrecision>6</dataTypePrecision>
<delegate>563B1F0D-5FDF-28A5-F1ED-51600E5C017F</delegate>
<autoIncrementCycle>false</autoIncrementCycle>
<associations>
<colAssociation fkAssociation="2563F683-7D47-3D67-03A4-8E4632A33776" referredColumn="563B1F0D-5FDF-28A5-F1ED-51600E5C017F"/>
</associations>
</Column>
<Column name="DEPARTMENT_ID" id="DD129A63-656F-A1F6-F21C-3F83D369BD69">
<sourceConnName>hr_orcl</sourceConnName>
<sourceObjSchema>EMPLOYEES</sourceObjSchema>
<sourceObjName>DEPARTMENT_ID</sourceObjName>
<createdBy>oracle</createdBy>
<createdTime>2011-11-14 09:52:46 UTC</createdTime>
<commentInRDBMS>Department id where employee works; foreign key to department_id&lt;br/&gt;column of the departments table</commentInRDBMS>
<ownerDesignName>sol_19_01</ownerDesignName>
<nullsAllowed>true</nullsAllowed>
<useDomainConstraints>false</useDomainConstraints>
<use>1</use>
<logicalDatatype>LOGDT019</logicalDatatype>
<dataTypePrecision>4</dataTypePrecision>
<delegate>81AA7977-1F3A-248C-0DD1-ABC7EE010E96</delegate>
<autoIncrementCycle>false</autoIncrementCycle>
<associations>
<colAssociation fkAssociation="E62ACA8A-F2F0-3013-F7B2-D606F75FB22E" referredColumn="81AA7977-1F3A-248C-0DD1-ABC7EE010E96"/>
</associations>
</Column>
</columns>
<indexes itemClass="oracle.dbtools.crest.model.design.relational.Index">
<ind_PK_UK id="EF4FFB93-EE84-A5AC-7BAD-B89D6F884F5C" name="EMP_EMP_ID_PK">
<sourceConnName>hr_orcl</sourceConnName>
<sourceObjSchema>HR</sourceObjSchema>
<sourceObjName>EMP_EMP_ID_PK</sourceObjName>
<createdBy>oracle</createdBy>
<createdTime>2011-11-14 09:52:47 UTC</createdTime>
<ownerDesignName>sol_19_01</ownerDesignName>
<pk>true</pk>
<indexState>Primary Constraint</indexState>
<schemaObject>9C030125-DA4D-FDEF-BBC0-77146F895669</schemaObject>
<indexColumnUsage>
<colUsage columnID="563B1F0D-5FDF-28A5-F1ED-51600E5C017F"/>
</indexColumnUsage>
</ind_PK_UK>
<ind_PK_UK id="F7C0EF4B-0871-688F-2C9B-6897FDDE29BF" name="EMP_EMAIL_UK">
<sourceConnName>hr_orcl</sourceConnName>
<sourceObjSchema>HR</sourceObjSchema>
<sourceObjName>EMP_EMAIL_UK</sourceObjName>
<createdBy>oracle</createdBy>
<createdTime>2011-11-14 09:52:47 UTC</createdTime>
<ownerDesignName>sol_19_01</ownerDesignName>
<indexState>Unique Constraint</indexState>
<schemaObject>9C030125-DA4D-FDEF-BBC0-77146F895669</schemaObject>
<indexColumnUsage>
<colUsage columnID="5DC6F383-52B6-3D60-1F18-898A56CFF04B"/>
</indexColumnUsage>
</ind_PK_UK>
<ind_PK_UK id="FD0F7FBF-C60F-3778-A274-2C1B143D888C" name="EMP_DEPARTMENT_IX">
<sourceConnName>hr_orcl</sourceConnName>
<sourceObjSchema>HR</sourceObjSchema>
<sourceObjName>EMP_DEPARTMENT_IX</sourceObjName>
<createdBy>oracle</createdBy>
<createdTime>2011-11-14 09:52:47 UTC</createdTime>
<ownerDesignName>sol_19_01</ownerDesignName>
<schemaObject>9C030125-DA4D-FDEF-BBC0-77146F895669</schemaObject>
<indexColumnUsage>
<colUsage columnID="DD129A63-656F-A1F6-F21C-3F83D369BD69"/>
</indexColumnUsage>
</ind_PK_UK>
<ind_PK_UK id="92603CBE-F74F-7465-365B-14CF22F44143" name="EMP_JOB_IX">
<sourceConnName>hr_orcl</sourceConnName>
<sourceObjSchema>HR</sourceObjSchema>
<sourceObjName>EMP_JOB_IX</sourceObjName>
<createdBy>oracle</createdBy>
<createdTime>2011-11-14 09:52:47 UTC</createdTime>
<ownerDesignName>sol_19_01</ownerDesignName>
<schemaObject>9C030125-DA4D-FDEF-BBC0-77146F895669</schemaObject>
<indexColumnUsage>
<colUsage columnID="32C386FD-02D0-5BAE-0158-F7C41B68B994"/>
</indexColumnUsage>
</ind_PK_UK>
<ind_PK_UK id="6E61B8F7-F1C3-631A-0399-B40BB3C80AAC" name="EMP_MANAGER_IX">
<sourceConnName>hr_orcl</sourceConnName>
<sourceObjSchema>HR</sourceObjSchema>
<sourceObjName>EMP_MANAGER_IX</sourceObjName>
<createdBy>oracle</createdBy>
<createdTime>2011-11-14 09:52:47 UTC</createdTime>
<ownerDesignName>sol_19_01</ownerDesignName>
<schemaObject>9C030125-DA4D-FDEF-BBC0-77146F895669</schemaObject>
<indexColumnUsage>
<colUsage columnID="E1A80839-D3D2-9C52-20B6-A9A15158EBF6"/>
</indexColumnUsage>
</ind_PK_UK>
<ind_PK_UK id="0D659589-1E2E-89A5-4250-4D4F96A763A3" name="EMP_NAME_IX">
<sourceConnName>hr_orcl</sourceConnName>
<sourceObjSchema>HR</sourceObjSchema>
<sourceObjName>EMP_NAME_IX</sourceObjName>
<createdBy>oracle</createdBy>
<createdTime>2011-11-14 09:52:47 UTC</createdTime>
<ownerDesignName>sol_19_01</ownerDesignName>
<schemaObject>9C030125-DA4D-FDEF-BBC0-77146F895669</schemaObject>
<indexColumnUsage>
<colUsage columnID="370705DC-A3DA-B0F2-9F91-1A9A6AF08876"/>
<colUsage columnID="AC6CFFF2-188D-6591-4ADA-4284C63EC34F"/>
</indexColumnUsage>
</ind_PK_UK>
<ind_PK_UK id="88CF2F86-DB54-E8C2-CD76-9EB9789526C6" name="EMP_MANAGER_FK">
<createdBy>oracle</createdBy>
<createdTime>2011-11-14 09:52:47 UTC</createdTime>
<ownerDesignName>sol_19_01</ownerDesignName>
<indexState>Foreign Key</indexState>
<indexColumnUsage>
<colUsage columnID="E1A80839-D3D2-9C52-20B6-A9A15158EBF6"/>
</indexColumnUsage>
</ind_PK_UK>
<ind_PK_UK id="12AE198A-EE9B-36EF-FB34-A9F16CF45CE2" name="EMP_JOB_FK">
<createdBy>oracle</createdBy>
<createdTime>2011-11-14 09:52:47 UTC</createdTime>
<ownerDesignName>sol_19_01</ownerDesignName>
<indexState>Foreign Key</indexState>
<indexColumnUsage>
<colUsage columnID="32C386FD-02D0-5BAE-0158-F7C41B68B994"/>
</indexColumnUsage>
</ind_PK_UK>
<ind_PK_UK id="DB46956B-DA50-6532-F7BB-3F0FC1A25A99" name="EMP_DEPT_FK">
<createdBy>oracle</createdBy>
<createdTime>2011-11-14 09:52:47 UTC</createdTime>
<ownerDesignName>sol_19_01</ownerDesignName>
<indexState>Foreign Key</indexState>
<indexColumnUsage>
<colUsage columnID="DD129A63-656F-A1F6-F21C-3F83D369BD69"/>
</indexColumnUsage>
</ind_PK_UK>
</indexes>
</Table>