<?xml version = '1.0' encoding = 'UTF-8'?>
<Table class="oracle.dbtools.crest.model.design.relational.Table" directorySegmentName="seg_0" id="C1253BC7-8C4F-A116-9933-A6B677CD0665" name="LOCATIONS">
<sourceConnName>hr_orcl</sourceConnName>
<sourceObjSchema>HR</sourceObjSchema>
<sourceObjName>LOCATIONS</sourceObjName>
<createdBy>oracle</createdBy>
<createdTime>2011-11-14 09:52:46 UTC</createdTime>
<commentInRDBMS>Locations table that contains specific address of a specific office,&lt;br/&gt;warehouse, and/or production site of a company. Does not store addresses /&lt;br/&gt;locations of customers. Contains 23 rows; references with the&lt;br/&gt;departments and countries tables. </commentInRDBMS>
<ownerDesignName>sol_19_01</ownerDesignName>
<schemaObject>9C030125-DA4D-FDEF-BBC0-77146F895669</schemaObject>
<columns itemClass="oracle.dbtools.crest.model.design.relational.Column">
<Column name="LOCATION_ID" id="26B8DB3C-9ADB-3CC4-77A1-10B495364EE0">
<sourceConnName>hr_orcl</sourceConnName>
<sourceObjSchema>LOCATIONS</sourceObjSchema>
<sourceObjName>LOCATION_ID</sourceObjName>
<createdBy>oracle</createdBy>
<createdTime>2011-11-14 09:52:46 UTC</createdTime>
<commentInRDBMS>Primary key of locations table</commentInRDBMS>
<ownerDesignName>sol_19_01</ownerDesignName>
<useDomainConstraints>false</useDomainConstraints>
<use>1</use>
<logicalDatatype>LOGDT019</logicalDatatype>
<dataTypePrecision>4</dataTypePrecision>
<autoIncrementCycle>false</autoIncrementCycle>
</Column>
<Column name="STREET_ADDRESS" id="AF17BEEF-2D6B-7889-33D1-72D43E55B9D1">
<sourceConnName>hr_orcl</sourceConnName>
<sourceObjSchema>LOCATIONS</sourceObjSchema>
<sourceObjName>STREET_ADDRESS</sourceObjName>
<createdBy>oracle</createdBy>
<createdTime>2011-11-14 09:52:46 UTC</createdTime>
<commentInRDBMS>Street address of an office, warehouse, or production site of a company.&lt;br/&gt;Contains building number and street name</commentInRDBMS>
<ownerDesignName>sol_19_01</ownerDesignName>
<nullsAllowed>true</nullsAllowed>
<useDomainConstraints>false</useDomainConstraints>
<use>1</use>
<logicalDatatype>LOGDT024</logicalDatatype>
<dataTypeSize>40 BYTE</dataTypeSize>
<autoIncrementCycle>false</autoIncrementCycle>
</Column>
<Column name="POSTAL_CODE" id="F7117F4E-7D50-4B25-F4CA-4A6AFDE7A6B7">
<sourceConnName>hr_orcl</sourceConnName>
<sourceObjSchema>LOCATIONS</sourceObjSchema>
<sourceObjName>POSTAL_CODE</sourceObjName>
<createdBy>oracle</createdBy>
<createdTime>2011-11-14 09:52:46 UTC</createdTime>
<commentInRDBMS>Postal code of the location of an office, warehouse, or production site&lt;br/&gt;of a company. </commentInRDBMS>
<ownerDesignName>sol_19_01</ownerDesignName>
<nullsAllowed>true</nullsAllowed>
<useDomainConstraints>false</useDomainConstraints>
<use>1</use>
<logicalDatatype>LOGDT024</logicalDatatype>
<dataTypeSize>12 BYTE</dataTypeSize>
<autoIncrementCycle>false</autoIncrementCycle>
</Column>
<Column name="CITY" id="43ACD05F-9A22-0DCC-EBE4-93FB56D2E381">
<sourceConnName>hr_orcl</sourceConnName>
<sourceObjSchema>LOCATIONS</sourceObjSchema>
<sourceObjName>CITY</sourceObjName>
<createdBy>oracle</createdBy>
<createdTime>2011-11-14 09:52:46 UTC</createdTime>
<commentInRDBMS>A not null column that shows city where an office, warehouse, or&lt;br/&gt;production site of a company is located. </commentInRDBMS>
<ownerDesignName>sol_19_01</ownerDesignName>
<useDomainConstraints>false</useDomainConstraints>
<use>1</use>
<logicalDatatype>LOGDT024</logicalDatatype>
<dataTypeSize>30 BYTE</dataTypeSize>
<autoIncrementCycle>false</autoIncrementCycle>
<notNullConstraintName>LOC_CITY_NN</notNullConstraintName>
</Column>
<Column name="STATE_PROVINCE" id="5AF69C00-0300-5082-9A01-B1F154664F6A">
<sourceConnName>hr_orcl</sourceConnName>
<sourceObjSchema>LOCATIONS</sourceObjSchema>
<sourceObjName>STATE_PROVINCE</sourceObjName>
<createdBy>oracle</createdBy>
<createdTime>2011-11-14 09:52:46 UTC</createdTime>
<commentInRDBMS>State or Province where an office, warehouse, or production site of a&lt;br/&gt;company is located.</commentInRDBMS>
<ownerDesignName>sol_19_01</ownerDesignName>
<nullsAllowed>true</nullsAllowed>
<useDomainConstraints>false</useDomainConstraints>
<use>1</use>
<logicalDatatype>LOGDT024</logicalDatatype>
<dataTypeSize>25 BYTE</dataTypeSize>
<autoIncrementCycle>false</autoIncrementCycle>
</Column>
<Column name="COUNTRY_ID" id="AB5C1F53-5B5B-1B5B-AE82-E50BE66C4C14">
<sourceConnName>hr_orcl</sourceConnName>
<sourceObjSchema>LOCATIONS</sourceObjSchema>
<sourceObjName>COUNTRY_ID</sourceObjName>
<createdBy>oracle</createdBy>
<createdTime>2011-11-14 09:52:46 UTC</createdTime>
<commentInRDBMS>Country where an office, warehouse, or production site of a company is&lt;br/&gt;located. Foreign key to country_id column of the countries table.</commentInRDBMS>
<ownerDesignName>sol_19_01</ownerDesignName>
<nullsAllowed>true</nullsAllowed>
<useDomainConstraints>false</useDomainConstraints>
<use>1</use>
<logicalDatatype>LOGDT025</logicalDatatype>
<dataTypeSize>2 BYTE</dataTypeSize>
<delegate>579DB273-1D59-E808-BCAD-2FB3FC709F43</delegate>
<autoIncrementCycle>false</autoIncrementCycle>
<associations>
<colAssociation fkAssociation="BF7116A8-94ED-F999-E5F8-F8C076EBC695" referredColumn="579DB273-1D59-E808-BCAD-2FB3FC709F43"/>
</associations>
</Column>
</columns>
<indexes itemClass="oracle.dbtools.crest.model.design.relational.Index">
<ind_PK_UK id="27C325E8-BDEE-928D-AB19-D8D4822C364A" name="LOC_ID_PK">
<sourceConnName>hr_orcl</sourceConnName>
<sourceObjSchema>HR</sourceObjSchema>
<sourceObjName>LOC_ID_PK</sourceObjName>
<createdBy>oracle</createdBy>
<createdTime>2011-11-14 09:52:47 UTC</createdTime>
<ownerDesignName>sol_19_01</ownerDesignName>
<pk>true</pk>
<indexState>Primary Constraint</indexState>
<schemaObject>9C030125-DA4D-FDEF-BBC0-77146F895669</schemaObject>
<indexColumnUsage>
<colUsage columnID="26B8DB3C-9ADB-3CC4-77A1-10B495364EE0"/>
</indexColumnUsage>
</ind_PK_UK>
<ind_PK_UK id="CD4DB400-0B09-58EF-1CEC-477651CE1A93" name="LOC_CITY_IX">
<sourceConnName>hr_orcl</sourceConnName>
<sourceObjSchema>HR</sourceObjSchema>
<sourceObjName>LOC_CITY_IX</sourceObjName>
<createdBy>oracle</createdBy>
<createdTime>2011-11-14 09:52:47 UTC</createdTime>
<ownerDesignName>sol_19_01</ownerDesignName>
<schemaObject>9C030125-DA4D-FDEF-BBC0-77146F895669</schemaObject>
<indexColumnUsage>
<colUsage columnID="43ACD05F-9A22-0DCC-EBE4-93FB56D2E381"/>
</indexColumnUsage>
</ind_PK_UK>
<ind_PK_UK id="ED0151D2-04A3-B789-1944-06B796CACC5E" name="LOC_STATE_PROVINCE_IX">
<sourceConnName>hr_orcl</sourceConnName>
<sourceObjSchema>HR</sourceObjSchema>
<sourceObjName>LOC_STATE_PROVINCE_IX</sourceObjName>
<createdBy>oracle</createdBy>
<createdTime>2011-11-14 09:52:47 UTC</createdTime>
<ownerDesignName>sol_19_01</ownerDesignName>
<schemaObject>9C030125-DA4D-FDEF-BBC0-77146F895669</schemaObject>
<indexColumnUsage>
<colUsage columnID="5AF69C00-0300-5082-9A01-B1F154664F6A"/>
</indexColumnUsage>
</ind_PK_UK>
<ind_PK_UK id="2E26DA26-21DB-77BD-9A8D-0CCA658D64D5" name="LOC_COUNTRY_IX">
<sourceConnName>hr_orcl</sourceConnName>
<sourceObjSchema>HR</sourceObjSchema>
<sourceObjName>LOC_COUNTRY_IX</sourceObjName>
<createdBy>oracle</createdBy>
<createdTime>2011-11-14 09:52:47 UTC</createdTime>
<ownerDesignName>sol_19_01</ownerDesignName>
<schemaObject>9C030125-DA4D-FDEF-BBC0-77146F895669</schemaObject>
<indexColumnUsage>
<colUsage columnID="AB5C1F53-5B5B-1B5B-AE82-E50BE66C4C14"/>
</indexColumnUsage>
</ind_PK_UK>
<ind_PK_UK id="5040C5B2-D62A-FB3D-9A14-200F97845AE3" name="LOC_C_ID_FK">
<createdBy>oracle</createdBy>
<createdTime>2011-11-14 09:52:47 UTC</createdTime>
<ownerDesignName>sol_19_01</ownerDesignName>
<indexState>Foreign Key</indexState>
<indexColumnUsage>
<colUsage columnID="AB5C1F53-5B5B-1B5B-AE82-E50BE66C4C14"/>
</indexColumnUsage>
</ind_PK_UK>
</indexes>
</Table>