<?xml version = '1.0' encoding = 'UTF-8'?>
<relationalModel class="oracle.dbtools.crest.model.design.relational.RelationalDesign" name="Relational_2" id="26422F9F-4DF2-FEC0-08AE-5485848DD93C" mainViewID="E2AD1EB9-3B26-FD31-4550-5EC2C2B5A673">
<createdBy>oracle</createdBy>
<createdTime>2011-11-14 10:07:05 UTC</createdTime>
<ownerDesignName>my_practice_20</ownerDesignName>
<shouldBeOpen>true</shouldBeOpen>
<selectedRDBMSSite>32076570-2523-435C-2E92-BF29817DFF70</selectedRDBMSSite>
</relationalModel>