<?xml version = '1.0' encoding = 'UTF-8'?>
<relationalModel class="oracle.dbtools.crest.model.design.relational.RelationalDesign" name="Relational_1" id="2C593812-CBA1-65FE-F9AA-5B6F4EFA8912" mainViewID="E65EB4B0-697E-A0F7-DDBD-49DFB1B34A48">
<createdBy>oracle</createdBy>
<createdTime>2011-11-14 09:46:51 UTC</createdTime>
<ownerDesignName>my_practice_20</ownerDesignName>
<shouldBeOpen>true</shouldBeOpen>
<selectedRDBMSSite>32076570-2523-435C-2E92-BF29817DFF70</selectedRDBMSSite>
<importConnectionStamps>
<importConnectionStamp class="oracle.dbtools.crest.imports.DBConnectionStamp">
<connName>hr_orcl</connName>
<connUrl>jdbc:oracle:thin:@localhost:1521:orcl</connUrl>
<connUser>hr</connUser>
<connType>1</connType>
</importConnectionStamp>
</importConnectionStamps>
</relationalModel>