<?xml version = '1.0' encoding = 'UTF-8'?>
<StructuredType class="oracle.dbtools.crest.model.design.datatypes.StructuredType" name="CUST_ADDRESS_TYP" directorySegmentName="seg_0" id="1300B473-479F-D3B1-B2DD-70FB97433BE4">
<createdBy>Administrator</createdBy>
<createdTime>2008-11-20 16:11:34 UTC</createdTime>
<ownerDesignName>OE_Sample</ownerDesignName>
<predefined>false</predefined>
<final>true</final>
<instantiable>true</instantiable>
<attributes itemClass="oracle.dbtools.crest.model.design.datatypes.TypeElement">
<Attribute name="STREET_ADDRESS" id="955F72B8-BA52-6338-BB9E-B92AD9721325">
<createdBy>Administrator</createdBy>
<createdTime>2008-11-20 16:11:35 UTC</createdTime>
<ownerDesignName>525_OE</ownerDesignName>
<mandatory>false</mandatory>
<precision>0</precision>
<reference>false</reference>
<scale>0</scale>
<size>40</size>
<type>LOGDT024</type>
</Attribute>
<Attribute name="POSTAL_CODE" id="CCC2A8CD-EEF8-EB19-546E-BDF21008C531">
<createdBy>Administrator</createdBy>
<createdTime>2008-11-20 16:11:35 UTC</createdTime>
<ownerDesignName>525_OE</ownerDesignName>
<mandatory>false</mandatory>
<precision>0</precision>
<reference>false</reference>
<scale>0</scale>
<size>10</size>
<type>LOGDT024</type>
</Attribute>
<Attribute name="CITY" id="97BF4080-A9AF-99E0-47C3-21CBE459A0E2">
<createdBy>Administrator</createdBy>
<createdTime>2008-11-20 16:11:35 UTC</createdTime>
<ownerDesignName>525_OE</ownerDesignName>
<mandatory>false</mandatory>
<precision>0</precision>
<reference>false</reference>
<scale>0</scale>
<size>30</size>
<type>LOGDT024</type>
</Attribute>
<Attribute name="STATE_PROVINCE" id="F0A80CA5-5DDE-7434-68CA-95F3CC9B738A">
<createdBy>Administrator</createdBy>
<createdTime>2008-11-20 16:11:35 UTC</createdTime>
<ownerDesignName>525_OE</ownerDesignName>
<mandatory>false</mandatory>
<precision>0</precision>
<reference>false</reference>
<scale>0</scale>
<size>10</size>
<type>LOGDT024</type>
</Attribute>
<Attribute name="COUNTRY_ID" id="F8F75481-6D6A-2FD4-44FC-0AFBB2D4D9A0">
<createdBy>Administrator</createdBy>
<createdTime>2008-11-20 16:11:35 UTC</createdTime>
<ownerDesignName>525_OE</ownerDesignName>
<mandatory>false</mandatory>
<precision>0</precision>
<reference>false</reference>
<scale>0</scale>
<size>2</size>
<type>LOGDT025</type>
</Attribute>
</attributes>
</StructuredType>