<?xml version = '1.0' encoding = 'UTF-8'?>
<StructuredType class="oracle.dbtools.crest.model.design.datatypes.StructuredType" name="ORDER_ITEM_TYP" directorySegmentName="seg_0" id="621BACE7-BA59-D8FF-E944-4DFE0A6EEB2E">
<createdBy>Administrator</createdBy>
<createdTime>2008-11-20 16:11:34 UTC</createdTime>
<ownerDesignName>OE_Sample</ownerDesignName>
<predefined>false</predefined>
<final>true</final>
<instantiable>true</instantiable>
<attributes itemClass="oracle.dbtools.crest.model.design.datatypes.TypeElement">
<Attribute name="ORDER_ID" id="5E98E5D5-4524-AB74-5B1C-8E5DC31AE257">
<createdBy>Administrator</createdBy>
<createdTime>2008-11-20 16:11:35 UTC</createdTime>
<ownerDesignName>525_OE</ownerDesignName>
<mandatory>false</mandatory>
<precision>12</precision>
<reference>false</reference>
<scale>0</scale>
<size>0</size>
<type>LOGDT019</type>
</Attribute>
<Attribute name="LINE_ITEM_ID" id="5C6FD6A2-9402-CB17-93BB-809D4B174FF2">
<createdBy>Administrator</createdBy>
<createdTime>2008-11-20 16:11:35 UTC</createdTime>
<ownerDesignName>525_OE</ownerDesignName>
<mandatory>false</mandatory>
<precision>3</precision>
<reference>false</reference>
<scale>0</scale>
<size>0</size>
<type>LOGDT019</type>
</Attribute>
<Attribute name="UNIT_PRICE" id="83549557-5175-1506-4123-827A46DF7A5A">
<createdBy>Administrator</createdBy>
<createdTime>2008-11-20 16:11:35 UTC</createdTime>
<ownerDesignName>525_OE</ownerDesignName>
<mandatory>false</mandatory>
<precision>8</precision>
<reference>false</reference>
<scale>2</scale>
<size>0</size>
<type>LOGDT019</type>
</Attribute>
<Attribute name="QUANTITY" id="7F9B5278-58C1-1A83-9FA8-A7BD42D32C43">
<createdBy>Administrator</createdBy>
<createdTime>2008-11-20 16:11:35 UTC</createdTime>
<ownerDesignName>525_OE</ownerDesignName>
<mandatory>false</mandatory>
<precision>8</precision>
<reference>false</reference>
<scale>0</scale>
<size>0</size>
<type>LOGDT019</type>
</Attribute>
<Attribute name="PRODUCT_REF" id="9EB3C455-A22E-E03E-9EB8-FA509D615AE3">
<createdBy>Administrator</createdBy>
<createdTime>2008-11-20 16:11:35 UTC</createdTime>
<ownerDesignName>525_OE</ownerDesignName>
<mandatory>false</mandatory>
<precision>0</precision>
<reference>true</reference>
<scale>0</scale>
<size>0</size>
<type>3E6BB331-2412-CAF5-FF2A-2AB8E1D8B629</type>
</Attribute>
</attributes>
</StructuredType>