<?xml version = '1.0' encoding = 'UTF-8'?>
<StructuredType class="oracle.dbtools.crest.model.design.datatypes.StructuredType" name="CORPORATE_CUSTOMER_TYP" directorySegmentName="seg_0" id="7CAA6A5F-EEF1-E703-79A6-71DB1429939F">
<createdBy>Administrator</createdBy>
<createdTime>2008-11-20 16:11:34 UTC</createdTime>
<ownerDesignName>OE_Sample</ownerDesignName>
<predefined>false</predefined>
<final>true</final>
<inheritanceRelation>749AA4F4-050A-0C03-7688-7223B5006ED9</inheritanceRelation>
<instantiable>true</instantiable>
<parentTypeID>D9FE7F6F-49DE-FB61-374E-C33A516674A6</parentTypeID>
<attributes itemClass="oracle.dbtools.crest.model.design.datatypes.TypeElement">
<Attribute name="ACCOUNT_MGR_ID" id="5D45C911-3497-C165-0FE6-765437D521C6">
<createdBy>Administrator</createdBy>
<createdTime>2008-11-20 16:11:35 UTC</createdTime>
<ownerDesignName>525_OE</ownerDesignName>
<mandatory>false</mandatory>
<precision>6</precision>
<reference>false</reference>
<scale>0</scale>
<size>0</size>
<type>LOGDT019</type>
</Attribute>
</attributes>
</StructuredType>