<?xml version = '1.0' encoding = 'UTF-8'?>
<StructuredType class="oracle.dbtools.crest.model.design.datatypes.StructuredType" name="LINEITEM_T" directorySegmentName="seg_0" id="A65225D2-2732-443A-75CB-506FDCF0B983">
<createdBy>Administrator</createdBy>
<createdTime>2008-11-20 16:11:34 UTC</createdTime>
<ownerDesignName>OE_Sample</ownerDesignName>
<predefined>false</predefined>
<final>false</final>
<instantiable>true</instantiable>
<attributes itemClass="oracle.dbtools.crest.model.design.datatypes.TypeElement">
<Attribute name="SYS_XDBPD$" id="145FE2AE-D5F0-CA00-C7EC-6AFBA20BC502">
<createdBy>Administrator</createdBy>
<createdTime>2008-11-20 16:11:35 UTC</createdTime>
<ownerDesignName>525_OE</ownerDesignName>
<mandatory>false</mandatory>
<precision>0</precision>
<reference>false</reference>
<scale>0</scale>
<size>0</size>
<type>0878E25C-6CFE-854E-A3E5-414CCECFC38F</type>
</Attribute>
<Attribute name="ITEMNUMBER" id="38861AC4-5740-065C-7579-33BC7AE15D1C">
<createdBy>Administrator</createdBy>
<createdTime>2008-11-20 16:11:35 UTC</createdTime>
<ownerDesignName>525_OE</ownerDesignName>
<mandatory>false</mandatory>
<precision>38</precision>
<reference>false</reference>
<scale>0</scale>
<size>0</size>
<type>LOGDT019</type>
</Attribute>
<Attribute name="DESCRIPTION" id="5BCD4FF1-A874-4A3D-12AF-270865DD6FE5">
<createdBy>Administrator</createdBy>
<createdTime>2008-11-20 16:11:35 UTC</createdTime>
<ownerDesignName>525_OE</ownerDesignName>
<mandatory>false</mandatory>
<precision>0</precision>
<reference>false</reference>
<scale>0</scale>
<size>256</size>
<type>LOGDT024</type>
</Attribute>
<Attribute name="PART" id="F05231A4-275D-E758-32B6-F3989089ABA7">
<createdBy>Administrator</createdBy>
<createdTime>2008-11-20 16:11:35 UTC</createdTime>
<ownerDesignName>525_OE</ownerDesignName>
<mandatory>false</mandatory>
<precision>0</precision>
<reference>false</reference>
<scale>0</scale>
<size>0</size>
<type>D4531AD5-72E4-2793-D215-3E58E57B0A6C</type>
</Attribute>
</attributes>
</StructuredType>