<?xml version = '1.0' encoding = 'UTF-8'?>
<StructuredType class="oracle.dbtools.crest.model.design.datatypes.StructuredType" name="REJECTION_T" directorySegmentName="seg_0" id="A92A5F30-019C-622A-8A05-FB7AA8D5F9B7">
<createdBy>Administrator</createdBy>
<createdTime>2008-11-20 16:11:34 UTC</createdTime>
<ownerDesignName>OE_Sample</ownerDesignName>
<predefined>false</predefined>
<final>false</final>
<instantiable>true</instantiable>
<attributes itemClass="oracle.dbtools.crest.model.design.datatypes.TypeElement">
<Attribute name="SYS_XDBPD$" id="89576835-BCC3-8DF4-4465-C65274093513">
<createdBy>Administrator</createdBy>
<createdTime>2008-11-20 16:11:35 UTC</createdTime>
<ownerDesignName>525_OE</ownerDesignName>
<mandatory>false</mandatory>
<precision>0</precision>
<reference>false</reference>
<scale>0</scale>
<size>0</size>
<type>0878E25C-6CFE-854E-A3E5-414CCECFC38F</type>
</Attribute>
<Attribute name="REJECTED_BY" id="ADA4BFC6-8BAA-1A9D-DED7-991ACBC943D3">
<createdBy>Administrator</createdBy>
<createdTime>2008-11-20 16:11:35 UTC</createdTime>
<ownerDesignName>525_OE</ownerDesignName>
<mandatory>false</mandatory>
<precision>0</precision>
<reference>false</reference>
<scale>0</scale>
<size>10</size>
<type>LOGDT024</type>
</Attribute>
<Attribute name="DATE_REJECTED" id="3B98C0E2-863A-D7DF-2853-906EB8A58EE3">
<createdBy>Administrator</createdBy>
<createdTime>2008-11-20 16:11:35 UTC</createdTime>
<ownerDesignName>525_OE</ownerDesignName>
<mandatory>false</mandatory>
<precision>0</precision>
<reference>false</reference>
<scale>0</scale>
<size>0</size>
<type>LOGDT007</type>
</Attribute>
<Attribute name="REASON_REJECTED" id="53400088-7668-66EE-5D19-1DA53B6E3F7F">
<createdBy>Administrator</createdBy>
<createdTime>2008-11-20 16:11:35 UTC</createdTime>
<ownerDesignName>525_OE</ownerDesignName>
<mandatory>false</mandatory>
<precision>0</precision>
<reference>false</reference>
<scale>0</scale>
<size>2048</size>
<type>LOGDT024</type>
</Attribute>
</attributes>
</StructuredType>