<?xml version = '1.0' encoding = 'UTF-8'?>
<StructuredType class="oracle.dbtools.crest.model.design.datatypes.StructuredType" name="SHIPPING_INSTRUCTIONS_T" directorySegmentName="seg_0" id="A9CB1BFD-5A23-8A8A-8228-3674A5840050">
<createdBy>Administrator</createdBy>
<createdTime>2008-11-20 16:11:34 UTC</createdTime>
<ownerDesignName>OE_Sample</ownerDesignName>
<predefined>false</predefined>
<final>false</final>
<instantiable>true</instantiable>
<attributes itemClass="oracle.dbtools.crest.model.design.datatypes.TypeElement">
<Attribute name="SYS_XDBPD$" id="5EF9B4C6-ADDE-BF83-C52B-FE0A2484E2A0">
<createdBy>Administrator</createdBy>
<createdTime>2008-11-20 16:11:35 UTC</createdTime>
<ownerDesignName>525_OE</ownerDesignName>
<mandatory>false</mandatory>
<precision>0</precision>
<reference>false</reference>
<scale>0</scale>
<size>0</size>
<type>0878E25C-6CFE-854E-A3E5-414CCECFC38F</type>
</Attribute>
<Attribute name="SHIP_TO_NAME" id="C5AB3EB3-3397-62F8-2273-82D88C206D1D">
<createdBy>Administrator</createdBy>
<createdTime>2008-11-20 16:11:35 UTC</createdTime>
<ownerDesignName>525_OE</ownerDesignName>
<mandatory>false</mandatory>
<precision>0</precision>
<reference>false</reference>
<scale>0</scale>
<size>20</size>
<type>LOGDT024</type>
</Attribute>
<Attribute name="SHIP_TO_ADDRESS" id="A490E043-5693-1020-201C-27F6F583F0B9">
<createdBy>Administrator</createdBy>
<createdTime>2008-11-20 16:11:35 UTC</createdTime>
<ownerDesignName>525_OE</ownerDesignName>
<mandatory>false</mandatory>
<precision>0</precision>
<reference>false</reference>
<scale>0</scale>
<size>256</size>
<type>LOGDT024</type>
</Attribute>
<Attribute name="SHIP_TO_PHONE" id="0D980FDD-DD7C-1D7E-C6AF-5FB791F1918A">
<createdBy>Administrator</createdBy>
<createdTime>2008-11-20 16:11:35 UTC</createdTime>
<ownerDesignName>525_OE</ownerDesignName>
<mandatory>false</mandatory>
<precision>0</precision>
<reference>false</reference>
<scale>0</scale>
<size>24</size>
<type>LOGDT024</type>
</Attribute>
</attributes>
</StructuredType>