<?xml version = '1.0' encoding = 'UTF-8'?>
<StructuredType class="oracle.dbtools.crest.model.design.datatypes.StructuredType" name="PART_T" directorySegmentName="seg_0" id="D4531AD5-72E4-2793-D215-3E58E57B0A6C">
<createdBy>Administrator</createdBy>
<createdTime>2008-11-20 16:11:34 UTC</createdTime>
<ownerDesignName>OE_Sample</ownerDesignName>
<predefined>false</predefined>
<final>false</final>
<instantiable>true</instantiable>
<attributes itemClass="oracle.dbtools.crest.model.design.datatypes.TypeElement">
<Attribute name="SYS_XDBPD$" id="BD24735B-0735-7F83-4B3D-7172CB5B6CB4">
<createdBy>Administrator</createdBy>
<createdTime>2008-11-20 16:11:35 UTC</createdTime>
<ownerDesignName>525_OE</ownerDesignName>
<mandatory>false</mandatory>
<precision>0</precision>
<reference>false</reference>
<scale>0</scale>
<size>0</size>
<type>0878E25C-6CFE-854E-A3E5-414CCECFC38F</type>
</Attribute>
<Attribute name="PART_NUMBER" id="BB05468F-E0A9-CE9D-023A-A843B7A72E0C">
<createdBy>Administrator</createdBy>
<createdTime>2008-11-20 16:11:35 UTC</createdTime>
<ownerDesignName>525_OE</ownerDesignName>
<mandatory>false</mandatory>
<precision>0</precision>
<reference>false</reference>
<scale>0</scale>
<size>14</size>
<type>LOGDT024</type>
</Attribute>
<Attribute name="QUANTITY" id="54E25938-05D8-4318-5E0D-57BBCB93B1E6">
<createdBy>Administrator</createdBy>
<createdTime>2008-11-20 16:11:35 UTC</createdTime>
<ownerDesignName>525_OE</ownerDesignName>
<mandatory>false</mandatory>
<precision>8</precision>
<reference>false</reference>
<scale>4</scale>
<size>0</size>
<type>LOGDT019</type>
</Attribute>
<Attribute name="UNITPRICE" id="A2D20C5E-AC06-C1D1-A1C6-CEFC44E21414">
<createdBy>Administrator</createdBy>
<createdTime>2008-11-20 16:11:35 UTC</createdTime>
<ownerDesignName>525_OE</ownerDesignName>
<mandatory>false</mandatory>
<precision>12</precision>
<reference>false</reference>
<scale>2</scale>
<size>0</size>
<type>LOGDT019</type>
</Attribute>
</attributes>
</StructuredType>