<?xml version = '1.0' encoding = 'UTF-8'?>
<StructuredType class="oracle.dbtools.crest.model.design.datatypes.StructuredType" name="CUSTOMER_TYP" directorySegmentName="seg_0" id="D9FE7F6F-49DE-FB61-374E-C33A516674A6">
<createdBy>Administrator</createdBy>
<createdTime>2008-11-20 16:11:34 UTC</createdTime>
<ownerDesignName>OE_Sample</ownerDesignName>
<predefined>false</predefined>
<final>false</final>
<instantiable>true</instantiable>
<attributes itemClass="oracle.dbtools.crest.model.design.datatypes.TypeElement">
<Attribute name="CUSTOMER_ID" id="BB39825A-BCA2-6F97-A1C3-F91C74A599C7">
<createdBy>Administrator</createdBy>
<createdTime>2008-11-20 16:11:35 UTC</createdTime>
<ownerDesignName>525_OE</ownerDesignName>
<mandatory>false</mandatory>
<precision>6</precision>
<reference>false</reference>
<scale>0</scale>
<size>0</size>
<type>LOGDT019</type>
</Attribute>
<Attribute name="CUST_FIRST_NAME" id="E0DB5F44-65F2-16DC-0586-5E123861BA9E">
<createdBy>Administrator</createdBy>
<createdTime>2008-11-20 16:11:35 UTC</createdTime>
<ownerDesignName>525_OE</ownerDesignName>
<mandatory>false</mandatory>
<precision>0</precision>
<reference>false</reference>
<scale>0</scale>
<size>20</size>
<type>LOGDT024</type>
</Attribute>
<Attribute name="CUST_LAST_NAME" id="20E049A0-9985-4359-FBA0-C83901AC106D">
<createdBy>Administrator</createdBy>
<createdTime>2008-11-20 16:11:35 UTC</createdTime>
<ownerDesignName>525_OE</ownerDesignName>
<mandatory>false</mandatory>
<precision>0</precision>
<reference>false</reference>
<scale>0</scale>
<size>20</size>
<type>LOGDT024</type>
</Attribute>
<Attribute name="CUST_ADDRESS" id="739C9596-A4B1-18D6-6484-7694E3ED5A2F">
<createdBy>Administrator</createdBy>
<createdTime>2008-11-20 16:11:35 UTC</createdTime>
<ownerDesignName>525_OE</ownerDesignName>
<mandatory>false</mandatory>
<precision>0</precision>
<reference>false</reference>
<scale>0</scale>
<size>0</size>
<type>1300B473-479F-D3B1-B2DD-70FB97433BE4</type>
</Attribute>
<Attribute name="PHONE_NUMBERS" id="C3F959C4-3A54-6A7A-9B66-6FD361F4C292">
<createdBy>Administrator</createdBy>
<createdTime>2008-11-20 16:11:35 UTC</createdTime>
<ownerDesignName>525_OE</ownerDesignName>
<mandatory>false</mandatory>
<precision>0</precision>
<reference>false</reference>
<scale>0</scale>
<size>0</size>
<type>48266FC4-A570-2EE2-13CB-768782D95645</type>
</Attribute>
<Attribute name="NLS_LANGUAGE" id="51532250-2D67-66B0-2971-874D84CA485F">
<createdBy>Administrator</createdBy>
<createdTime>2008-11-20 16:11:35 UTC</createdTime>
<ownerDesignName>525_OE</ownerDesignName>
<mandatory>false</mandatory>
<precision>0</precision>
<reference>false</reference>
<scale>0</scale>
<size>3</size>
<type>LOGDT024</type>
</Attribute>
<Attribute name="NLS_TERRITORY" id="0EE53B73-4750-421F-4FB7-E88EDB183E60">
<createdBy>Administrator</createdBy>
<createdTime>2008-11-20 16:11:35 UTC</createdTime>
<ownerDesignName>525_OE</ownerDesignName>
<mandatory>false</mandatory>
<precision>0</precision>
<reference>false</reference>
<scale>0</scale>
<size>30</size>
<type>LOGDT024</type>
</Attribute>
<Attribute name="CREDIT_LIMIT" id="6F7019C5-368B-947B-F1A0-08834C838974">
<createdBy>Administrator</createdBy>
<createdTime>2008-11-20 16:11:35 UTC</createdTime>
<ownerDesignName>525_OE</ownerDesignName>
<mandatory>false</mandatory>
<precision>9</precision>
<reference>false</reference>
<scale>2</scale>
<size>0</size>
<type>LOGDT019</type>
</Attribute>
<Attribute name="CUST_EMAIL" id="1C2FDEF2-C54C-E802-8583-E3CAF89B1693">
<createdBy>Administrator</createdBy>
<createdTime>2008-11-20 16:11:35 UTC</createdTime>
<ownerDesignName>525_OE</ownerDesignName>
<mandatory>false</mandatory>
<precision>0</precision>
<reference>false</reference>
<scale>0</scale>
<size>30</size>
<type>LOGDT024</type>
</Attribute>
<Attribute name="CUST_ORDERS" id="F5355BBF-7539-CCC2-C0A8-CEB81B02D8FB">
<createdBy>Administrator</createdBy>
<createdTime>2008-11-20 16:11:35 UTC</createdTime>
<ownerDesignName>525_OE</ownerDesignName>
<mandatory>false</mandatory>
<precision>0</precision>
<reference>false</reference>
<scale>0</scale>
<size>0</size>
<type>C2D8D4FF-31A9-ED37-DF1D-8F96B1FD63D2</type>
</Attribute>
</attributes>
</StructuredType>