<?xml version = '1.0' encoding = 'UTF-8'?>
<StructuredType class="oracle.dbtools.crest.model.design.datatypes.StructuredType" name="PURCHASEORDER_T" directorySegmentName="seg_0" id="DF157475-D63C-E86D-571D-6CF0DF9FDB3A">
<createdBy>Administrator</createdBy>
<createdTime>2008-11-20 16:11:34 UTC</createdTime>
<ownerDesignName>OE_Sample</ownerDesignName>
<predefined>false</predefined>
<final>false</final>
<instantiable>true</instantiable>
<attributes itemClass="oracle.dbtools.crest.model.design.datatypes.TypeElement">
<Attribute name="SYS_XDBPD$" id="4F93A6AB-4416-1C80-DC54-65261FA444E9">
<createdBy>Administrator</createdBy>
<createdTime>2008-11-20 16:11:35 UTC</createdTime>
<ownerDesignName>525_OE</ownerDesignName>
<mandatory>false</mandatory>
<precision>0</precision>
<reference>false</reference>
<scale>0</scale>
<size>0</size>
<type>0878E25C-6CFE-854E-A3E5-414CCECFC38F</type>
</Attribute>
<Attribute name="REFERENCE" id="45192B9D-F265-E37A-58EA-5D16225B95F4">
<createdBy>Administrator</createdBy>
<createdTime>2008-11-20 16:11:35 UTC</createdTime>
<ownerDesignName>525_OE</ownerDesignName>
<mandatory>false</mandatory>
<precision>0</precision>
<reference>false</reference>
<scale>0</scale>
<size>30</size>
<type>LOGDT024</type>
</Attribute>
<Attribute name="ACTIONS" id="9BE12DBC-D691-C98E-3778-EF862EE34163">
<createdBy>Administrator</createdBy>
<createdTime>2008-11-20 16:11:35 UTC</createdTime>
<ownerDesignName>525_OE</ownerDesignName>
<mandatory>false</mandatory>
<precision>0</precision>
<reference>false</reference>
<scale>0</scale>
<size>0</size>
<type>E83AC126-38AC-813C-131C-E7C46EB5C25C</type>
</Attribute>
<Attribute name="REJECTION" id="494204EA-FA63-AD65-5021-8DE6FB9C9D74">
<createdBy>Administrator</createdBy>
<createdTime>2008-11-20 16:11:35 UTC</createdTime>
<ownerDesignName>525_OE</ownerDesignName>
<mandatory>false</mandatory>
<precision>0</precision>
<reference>false</reference>
<scale>0</scale>
<size>0</size>
<type>A92A5F30-019C-622A-8A05-FB7AA8D5F9B7</type>
</Attribute>
<Attribute name="REQUESTOR" id="4FDFE9A0-F7BF-F274-DB69-0DADA7DE31A1">
<createdBy>Administrator</createdBy>
<createdTime>2008-11-20 16:11:35 UTC</createdTime>
<ownerDesignName>525_OE</ownerDesignName>
<mandatory>false</mandatory>
<precision>0</precision>
<reference>false</reference>
<scale>0</scale>
<size>128</size>
<type>LOGDT024</type>
</Attribute>
<Attribute name="USERID" id="57E74317-4F56-408B-584B-724EECE9740E">
<createdBy>Administrator</createdBy>
<createdTime>2008-11-20 16:11:35 UTC</createdTime>
<ownerDesignName>525_OE</ownerDesignName>
<mandatory>false</mandatory>
<precision>0</precision>
<reference>false</reference>
<scale>0</scale>
<size>10</size>
<type>LOGDT024</type>
</Attribute>
<Attribute name="COST_CENTER" id="E132B8F8-0AB1-4963-27BD-9A636D677372">
<createdBy>Administrator</createdBy>
<createdTime>2008-11-20 16:11:35 UTC</createdTime>
<ownerDesignName>525_OE</ownerDesignName>
<mandatory>false</mandatory>
<precision>0</precision>
<reference>false</reference>
<scale>0</scale>
<size>4</size>
<type>LOGDT024</type>
</Attribute>
<Attribute name="SHIPPING_INSTRUCTIONS" id="07AF5CE9-63AC-8784-2855-D510FB440C1C">
<createdBy>Administrator</createdBy>
<createdTime>2008-11-20 16:11:35 UTC</createdTime>
<ownerDesignName>525_OE</ownerDesignName>
<mandatory>false</mandatory>
<precision>0</precision>
<reference>false</reference>
<scale>0</scale>
<size>0</size>
<type>A9CB1BFD-5A23-8A8A-8228-3674A5840050</type>
</Attribute>
<Attribute name="SPECIAL_INSTRUCTIONS" id="906E5546-90FB-7851-C0F3-114E06CD8176">
<createdBy>Administrator</createdBy>
<createdTime>2008-11-20 16:11:35 UTC</createdTime>
<ownerDesignName>525_OE</ownerDesignName>
<mandatory>false</mandatory>
<precision>0</precision>
<reference>false</reference>
<scale>0</scale>
<size>2048</size>
<type>LOGDT024</type>
</Attribute>
<Attribute name="LINEITEMS" id="0A080B6B-751A-CC5B-8071-C22C758B0E06">
<createdBy>Administrator</createdBy>
<createdTime>2008-11-20 16:11:35 UTC</createdTime>
<ownerDesignName>525_OE</ownerDesignName>
<mandatory>false</mandatory>
<precision>0</precision>
<reference>false</reference>
<scale>0</scale>
<size>0</size>
<type>66DA6F65-85F7-927F-F6B2-5C5985B1915C</type>
</Attribute>
</attributes>
</StructuredType>