<?xml version = '1.0' encoding = 'UTF-8'?>
<StructuredType class="oracle.dbtools.crest.model.design.datatypes.StructuredType" name="ACTIONS_T" directorySegmentName="seg_0" id="E83AC126-38AC-813C-131C-E7C46EB5C25C">
<createdBy>Administrator</createdBy>
<createdTime>2008-11-20 16:11:34 UTC</createdTime>
<ownerDesignName>OE_Sample</ownerDesignName>
<predefined>false</predefined>
<final>false</final>
<instantiable>true</instantiable>
<attributes itemClass="oracle.dbtools.crest.model.design.datatypes.TypeElement">
<Attribute name="SYS_XDBPD$" id="2F5DF787-FE14-09F4-4F1C-2778E9F030EF">
<createdBy>Administrator</createdBy>
<createdTime>2008-11-20 16:11:34 UTC</createdTime>
<ownerDesignName>525_OE</ownerDesignName>
<mandatory>false</mandatory>
<precision>0</precision>
<reference>false</reference>
<scale>0</scale>
<size>0</size>
<type>0878E25C-6CFE-854E-A3E5-414CCECFC38F</type>
</Attribute>
<Attribute name="ACTION" id="741331ED-018F-9F69-7A05-7296478E762B">
<createdBy>Administrator</createdBy>
<createdTime>2008-11-20 16:11:34 UTC</createdTime>
<ownerDesignName>525_OE</ownerDesignName>
<mandatory>false</mandatory>
<precision>0</precision>
<reference>false</reference>
<scale>0</scale>
<size>0</size>
<type>68140FBF-D1B6-FB1E-5B3F-7C93B5FD7AF4</type>
</Attribute>
</attributes>
</StructuredType>