<?xml version = '1.0' encoding = 'UTF-8'?>
<StructuredType class="oracle.dbtools.crest.model.design.datatypes.StructuredType" name="COMPOSITE_CATEGORY_TYP" directorySegmentName="seg_0" id="ECB7CC80-675D-B36A-24C6-9A10E92E186F">
<createdBy>Administrator</createdBy>
<createdTime>2008-11-20 16:11:34 UTC</createdTime>
<ownerDesignName>OE_Sample</ownerDesignName>
<predefined>false</predefined>
<final>false</final>
<inheritanceRelation>3BC588DE-103E-8EAD-BFC3-83CA1E503CD0</inheritanceRelation>
<instantiable>true</instantiable>
<parentTypeID>474D6FCB-A77F-4356-E491-2C454AD2E444</parentTypeID>
<attributes itemClass="oracle.dbtools.crest.model.design.datatypes.TypeElement">
<Attribute name="SUBCATEGORY_REF_LIST" id="2DEC4B0D-BA5D-69C7-7FC8-E3A591E05A5B">
<createdBy>Administrator</createdBy>
<createdTime>2008-11-20 16:11:35 UTC</createdTime>
<ownerDesignName>525_OE</ownerDesignName>
<mandatory>false</mandatory>
<precision>0</precision>
<reference>false</reference>
<scale>0</scale>
<size>0</size>
<type>1E4EBAD2-FBE1-460E-924A-3ADF1F19509C</type>
</Attribute>
</attributes>
<methods itemClass="oracle.dbtools.crest.model.design.datatypes.Method">
<Method name="CATEGORY_DESCRIBE" id="2990DDB3-BA3B-DBEA-1334-464F19C2E74A">
<createdBy>Administrator</createdBy>
<createdTime>2008-11-20 16:11:35 UTC</createdTime>
<ownerDesignName>525_OE</ownerDesignName>
<body>BEGIN&lt;br&gt;      RETURN &apos;composite_category_typ&apos;;&lt;br&gt;    END;&lt;br&gt;   </body>
<number>0</number>
<returnValue class="oracle.dbtools.crest.model.design.datatypes.MethodParam" name="CATEGORY_DESCRIBE" id="null">
<precision>0</precision>
<reference>false</reference>
<scale>0</scale>
<size>0</size>
<typeID>LOGDT024</typeID>
</returnValue>
</Method>
</methods>
</StructuredType>