<?xml version = '1.0' encoding = 'UTF-8'?>
<Table class="oracle.dbtools.crest.model.design.relational.Table" directorySegmentName="seg_0" id="2DCEACA1-6ECB-63AD-6EBC-148934342274" name="EMPLOYEES">
<createdBy>oracle</createdBy>
<createdTime>2011-11-14 10:07:47 UTC</createdTime>
<commentInRDBMS>employees table. Contains 107 rows. References with departments,&lt;br/&gt;jobs, job_history tables. Contains a self reference.</commentInRDBMS>
<generatorID>80BD1D78-50A9-837E-0E18-923B058D7EAC</generatorID>
<ownerDesignName>sol_19_01</ownerDesignName>
<columns itemClass="oracle.dbtools.crest.model.design.relational.Column">
<Column name="EMPLOYEE_ID" id="778BB481-A5FC-5868-9D9D-83D31B607730">
<createdBy>oracle</createdBy>
<createdTime>2011-11-14 10:07:47 UTC</createdTime>
<commentInRDBMS>Primary key of employees table.</commentInRDBMS>
<generatorID>44D6EC71-9353-E400-4399-113950A57264</generatorID>
<ownerDesignName>sol_19_01</ownerDesignName>
<useDomainConstraints>false</useDomainConstraints>
<use>1</use>
<logicalDatatype>LOGDT019</logicalDatatype>
<dataTypePrecision>6</dataTypePrecision>
<dataTypeScale>0</dataTypeScale>
<previousColumn>false</previousColumn>
<autoIncrementCycle>false</autoIncrementCycle>
</Column>
<Column name="FIRST_NAME" id="4B06C913-5296-88E9-26F2-2F7F8ECB6F17">
<createdBy>oracle</createdBy>
<createdTime>2011-11-14 10:07:47 UTC</createdTime>
<commentInRDBMS>First name of the employee. A not null column.</commentInRDBMS>
<generatorID>F8DE11B8-47BB-425F-FAD6-65098544B3B5</generatorID>
<ownerDesignName>sol_19_01</ownerDesignName>
<nullsAllowed>true</nullsAllowed>
<useDomainConstraints>false</useDomainConstraints>
<use>1</use>
<logicalDatatype>LOGDT024</logicalDatatype>
<dataTypeSize>20 BYTE</dataTypeSize>
<previousColumn>false</previousColumn>
<autoIncrementCycle>false</autoIncrementCycle>
</Column>
<Column name="LAST_NAME" id="7743A443-566B-2A0E-2966-DDE7D0E15DF4">
<createdBy>oracle</createdBy>
<createdTime>2011-11-14 10:07:47 UTC</createdTime>
<commentInRDBMS>Last name of the employee. A not null column.</commentInRDBMS>
<generatorID>65A1F74B-BCE6-5894-8A14-D7C7B9D0682A</generatorID>
<ownerDesignName>sol_19_01</ownerDesignName>
<useDomainConstraints>false</useDomainConstraints>
<use>1</use>
<logicalDatatype>LOGDT024</logicalDatatype>
<dataTypeSize>25 BYTE</dataTypeSize>
<previousColumn>false</previousColumn>
<autoIncrementCycle>false</autoIncrementCycle>
</Column>
<Column name="HIRE_DATE" id="05509D0E-5DCF-88CC-0E84-B28B47E8B2AB">
<createdBy>oracle</createdBy>
<createdTime>2011-11-14 10:07:47 UTC</createdTime>
<commentInRDBMS>Date when the employee started on this job. A not null column.</commentInRDBMS>
<generatorID>5DAEAEFA-B199-57EC-3E9E-C189D4F63BF2</generatorID>
<ownerDesignName>sol_19_01</ownerDesignName>
<useDomainConstraints>false</useDomainConstraints>
<use>1</use>
<logicalDatatype>LOGDT007</logicalDatatype>
<previousColumn>false</previousColumn>
<autoIncrementCycle>false</autoIncrementCycle>
</Column>
<Column name="EMAIL" id="B9E75D36-D612-B742-EE16-15203512DCBA">
<createdBy>oracle</createdBy>
<createdTime>2011-11-14 10:07:47 UTC</createdTime>
<commentInRDBMS>Email id of the employee</commentInRDBMS>
<generatorID>72CD5483-8BEB-A1E2-42A7-381F6C5F05E8</generatorID>
<ownerDesignName>sol_19_01</ownerDesignName>
<useDomainConstraints>false</useDomainConstraints>
<use>1</use>
<logicalDatatype>LOGDT024</logicalDatatype>
<dataTypeSize>25 BYTE</dataTypeSize>
<previousColumn>false</previousColumn>
<autoIncrementCycle>false</autoIncrementCycle>
</Column>
<Column name="PHONE_NUMBER" id="569B0468-36C3-60A2-D8CB-5628E116BABF">
<createdBy>oracle</createdBy>
<createdTime>2011-11-14 10:07:47 UTC</createdTime>
<commentInRDBMS>Phone number of the employee; includes country code and area code</commentInRDBMS>
<generatorID>852F77E7-B27A-C8E0-4FDC-79BEC8908247</generatorID>
<ownerDesignName>sol_19_01</ownerDesignName>
<nullsAllowed>true</nullsAllowed>
<useDomainConstraints>false</useDomainConstraints>
<use>1</use>
<logicalDatatype>LOGDT024</logicalDatatype>
<dataTypeSize>20 BYTE</dataTypeSize>
<previousColumn>false</previousColumn>
<autoIncrementCycle>false</autoIncrementCycle>
</Column>
<Column name="JOB_ID" id="C2E1158D-D74B-B813-1923-39A1AA472E98">
<createdBy>oracle</createdBy>
<createdTime>2011-11-14 10:07:47 UTC</createdTime>
<commentInRDBMS>Current job of the employee; foreign key to job_id column of the&lt;br/&gt;jobs table. A not null column.</commentInRDBMS>
<generatorID>AC8F3DCA-94C4-643C-B2D2-FD61CCE97473</generatorID>
<ownerDesignName>sol_19_01</ownerDesignName>
<useDomainConstraints>false</useDomainConstraints>
<use>1</use>
<logicalDatatype>LOGDT024</logicalDatatype>
<dataTypeSize>10 BYTE</dataTypeSize>
<delegate>47346ED5-6451-F9EF-3B3E-E823DBE14994</delegate>
<previousColumn>false</previousColumn>
<autoIncrementCycle>false</autoIncrementCycle>
<associations>
<colAssociation fkAssociation="5B99EC93-94C2-64F2-BC20-A521543394A5" referredColumn="47346ED5-6451-F9EF-3B3E-E823DBE14994"/>
</associations>
</Column>
<Column name="SALARY" id="9474E189-0276-2363-0AD1-7047BDAEA8AC">
<createdBy>oracle</createdBy>
<createdTime>2011-11-14 10:07:47 UTC</createdTime>
<commentInRDBMS>Monthly salary of the employee. Must be greater&lt;br/&gt;than zero (enforced by constraint emp_salary_min)</commentInRDBMS>
<generatorID>C65046EB-E315-6ECD-1779-FE02468CCD20</generatorID>
<ownerDesignName>sol_19_01</ownerDesignName>
<constraintName>EMP_SALARY_MIN</constraintName>
<nullsAllowed>true</nullsAllowed>
<useDomainConstraints>false</useDomainConstraints>
<use>1</use>
<logicalDatatype>LOGDT019</logicalDatatype>
<dataTypePrecision>8</dataTypePrecision>
<dataTypeScale>2</dataTypeScale>
<checkConstraint>
<implementationDef dbType="Oracle Database 11g" definition="salary &gt; 0"/>
</checkConstraint>
<previousColumn>false</previousColumn>
<autoIncrementCycle>false</autoIncrementCycle>
</Column>
<Column name="COMMISSION_PCT" id="7661271C-4DA6-9D63-72A3-7E13AF63AA78">
<createdBy>oracle</createdBy>
<createdTime>2011-11-14 10:07:47 UTC</createdTime>
<commentInRDBMS>Commission percentage of the employee; Only employees in sales&lt;br/&gt;department elgible for commission percentage</commentInRDBMS>
<generatorID>CFE364A9-3E5B-E27E-35A2-371CDB720DBB</generatorID>
<ownerDesignName>sol_19_01</ownerDesignName>
<nullsAllowed>true</nullsAllowed>
<useDomainConstraints>false</useDomainConstraints>
<use>1</use>
<logicalDatatype>LOGDT019</logicalDatatype>
<dataTypePrecision>2</dataTypePrecision>
<dataTypeScale>2</dataTypeScale>
<previousColumn>false</previousColumn>
<autoIncrementCycle>false</autoIncrementCycle>
</Column>
<Column name="EMPLOYEE_ID1" id="4E64B307-AB87-26BE-1AFE-C583F6288D69">
<createdBy>oracle</createdBy>
<createdTime>2011-11-14 10:07:47 UTC</createdTime>
<commentInRDBMS>Manager id of the employee; has same domain as manager_id in&lt;br/&gt;departments table. Foreign key to employee_id column of employees table.&lt;br/&gt;(useful for reflexive joins and CONNECT BY query)</commentInRDBMS>
<generatorID>43ED0B96-DB59-9997-AE36-6C05E48D5691</generatorID>
<ownerDesignName>sol_19_01</ownerDesignName>
<nullsAllowed>true</nullsAllowed>
<useDomainConstraints>false</useDomainConstraints>
<use>1</use>
<logicalDatatype>LOGDT019</logicalDatatype>
<dataTypePrecision>6</dataTypePrecision>
<dataTypeScale>0</dataTypeScale>
<delegate>778BB481-A5FC-5868-9D9D-83D31B607730</delegate>
<previousColumn>false</previousColumn>
<autoIncrementCycle>false</autoIncrementCycle>
<associations>
<colAssociation fkAssociation="BF0A901B-10F5-FA73-3C98-5925C47FC86F" referredColumn="778BB481-A5FC-5868-9D9D-83D31B607730"/>
</associations>
</Column>
<Column name="DEPARTMENT_ID" id="30E1903D-8DB7-7C19-5CF6-0CF114D0DDF0">
<createdBy>oracle</createdBy>
<createdTime>2011-11-14 10:07:47 UTC</createdTime>
<commentInRDBMS>Department id where employee works; foreign key to department_id&lt;br/&gt;column of the departments table</commentInRDBMS>
<generatorID>F93CD5E7-3877-C5B2-2F9E-88C122B4455C</generatorID>
<ownerDesignName>sol_19_01</ownerDesignName>
<nullsAllowed>true</nullsAllowed>
<useDomainConstraints>false</useDomainConstraints>
<use>1</use>
<logicalDatatype>LOGDT019</logicalDatatype>
<dataTypePrecision>4</dataTypePrecision>
<dataTypeScale>0</dataTypeScale>
<delegate>E7AE2AC9-B787-2830-A19D-ED6680D4991B</delegate>
<previousColumn>false</previousColumn>
<autoIncrementCycle>false</autoIncrementCycle>
<associations>
<colAssociation fkAssociation="E04A6676-D44C-951E-305E-04513913037B" referredColumn="E7AE2AC9-B787-2830-A19D-ED6680D4991B"/>
</associations>
</Column>
</columns>
<indexes itemClass="oracle.dbtools.crest.model.design.relational.Index">
<ind_PK_UK id="7B7460C6-C27A-2309-3978-DB9E20EA3C0F" name="EMP_EMP_ID_PK">
<createdBy>oracle</createdBy>
<createdTime>2011-11-14 10:07:47 UTC</createdTime>
<generatorID>525A8C03-5243-F5E2-20DD-62EA25D5CE71</generatorID>
<ownerDesignName>sol_19_01</ownerDesignName>
<pk>true</pk>
<indexState>Primary Constraint</indexState>
<indexColumnUsage>
<colUsage columnID="778BB481-A5FC-5868-9D9D-83D31B607730"/>
</indexColumnUsage>
</ind_PK_UK>
<ind_PK_UK id="36319F20-A9E0-B670-A032-D7601EB89391" name="EMP_EMAIL_UK">
<createdBy>oracle</createdBy>
<createdTime>2011-11-14 10:07:47 UTC</createdTime>
<generatorID>E54762FB-61C2-D279-8296-E1ECA4DB0C49</generatorID>
<ownerDesignName>sol_19_01</ownerDesignName>
<indexState>Unique Constraint</indexState>
<indexColumnUsage>
<colUsage columnID="B9E75D36-D612-B742-EE16-15203512DCBA"/>
</indexColumnUsage>
</ind_PK_UK>
<ind_PK_UK id="3DB609A7-C91E-1F9A-F9FA-8F9BD5E21B5F" name="EMP_DEPT_FK">
<createdBy>oracle</createdBy>
<createdTime>2011-11-14 10:07:47 UTC</createdTime>
<generatorID>9275E559-11AE-8840-6FAD-6C2E0855E60B</generatorID>
<ownerDesignName>sol_19_01</ownerDesignName>
<indexState>Foreign Key</indexState>
<indexColumnUsage>
<colUsage columnID="30E1903D-8DB7-7C19-5CF6-0CF114D0DDF0"/>
</indexColumnUsage>
</ind_PK_UK>
<ind_PK_UK id="E6705C90-AB60-F8B8-4931-68C116030F27" name="EMP_JOB_FK">
<createdBy>oracle</createdBy>
<createdTime>2011-11-14 10:07:47 UTC</createdTime>
<generatorID>1EFE48E1-FADF-E74C-2E39-4A329A9E7389</generatorID>
<ownerDesignName>sol_19_01</ownerDesignName>
<indexState>Foreign Key</indexState>
<indexColumnUsage>
<colUsage columnID="C2E1158D-D74B-B813-1923-39A1AA472E98"/>
</indexColumnUsage>
</ind_PK_UK>
<ind_PK_UK id="49BDF66F-FB55-DEF5-EB3C-99A9B994426C" name="EMP_MANAGER_FK">
<createdBy>oracle</createdBy>
<createdTime>2011-11-14 10:07:47 UTC</createdTime>
<generatorID>ED2E3021-4797-F711-FD93-FA42F930B57A</generatorID>
<ownerDesignName>sol_19_01</ownerDesignName>
<indexState>Foreign Key</indexState>
<indexColumnUsage>
<colUsage columnID="4E64B307-AB87-26BE-1AFE-C583F6288D69"/>
</indexColumnUsage>
</ind_PK_UK>
</indexes>
</Table>