<?xml version = '1.0' encoding = 'UTF-8'?>
<Table class="oracle.dbtools.crest.model.design.relational.Table" directorySegmentName="seg_0" id="3267EF57-DB8D-4300-7468-2B66797BE7B8" name="JOBS">
<createdBy>oracle</createdBy>
<createdTime>2011-11-14 10:07:47 UTC</createdTime>
<commentInRDBMS>jobs table with job titles and salary ranges. Contains 19 rows.&lt;br/&gt;References with employees and job_history table.</commentInRDBMS>
<generatorID>91C8E099-3E8F-DAA5-7976-B4C01A3EE99C</generatorID>
<ownerDesignName>sol_19_01</ownerDesignName>
<columns itemClass="oracle.dbtools.crest.model.design.relational.Column">
<Column name="JOB_ID" id="47346ED5-6451-F9EF-3B3E-E823DBE14994">
<createdBy>oracle</createdBy>
<createdTime>2011-11-14 10:07:47 UTC</createdTime>
<commentInRDBMS>Primary key of jobs table.</commentInRDBMS>
<generatorID>BBE228B5-6B28-62AF-F3F8-C383048BF293</generatorID>
<ownerDesignName>sol_19_01</ownerDesignName>
<useDomainConstraints>false</useDomainConstraints>
<use>1</use>
<logicalDatatype>LOGDT024</logicalDatatype>
<dataTypeSize>10 BYTE</dataTypeSize>
<previousColumn>false</previousColumn>
<autoIncrementCycle>false</autoIncrementCycle>
</Column>
<Column name="JOB_TITLE" id="694FEB79-D045-2017-CD39-0500734C344F">
<createdBy>oracle</createdBy>
<createdTime>2011-11-14 10:07:47 UTC</createdTime>
<commentInRDBMS>A not null column that shows job title, e.g. AD_VP, FI_ACCOUNTANT</commentInRDBMS>
<generatorID>E34E9F47-F8DA-DB0C-592A-41BD7930CC48</generatorID>
<ownerDesignName>sol_19_01</ownerDesignName>
<useDomainConstraints>false</useDomainConstraints>
<use>1</use>
<logicalDatatype>LOGDT024</logicalDatatype>
<dataTypeSize>35 BYTE</dataTypeSize>
<previousColumn>false</previousColumn>
<autoIncrementCycle>false</autoIncrementCycle>
</Column>
<Column name="MIN_SALARY" id="BEBAC7CF-122A-96EA-2F2F-A5D26EF9DB08">
<createdBy>oracle</createdBy>
<createdTime>2011-11-14 10:07:47 UTC</createdTime>
<commentInRDBMS>Minimum salary for a job title.</commentInRDBMS>
<generatorID>F1C1F793-E25B-8D83-C22D-1E8B6FEB0F60</generatorID>
<ownerDesignName>sol_19_01</ownerDesignName>
<nullsAllowed>true</nullsAllowed>
<useDomainConstraints>false</useDomainConstraints>
<use>1</use>
<logicalDatatype>LOGDT019</logicalDatatype>
<dataTypePrecision>6</dataTypePrecision>
<previousColumn>false</previousColumn>
<autoIncrementCycle>false</autoIncrementCycle>
</Column>
<Column name="MAX_SALARY" id="C9D37DAF-1FF9-BBD3-949E-D671B34452F5">
<createdBy>oracle</createdBy>
<createdTime>2011-11-14 10:07:47 UTC</createdTime>
<commentInRDBMS>Maximum salary for a job title</commentInRDBMS>
<generatorID>877E38BB-AEC3-2BD0-E777-38A80982C76F</generatorID>
<ownerDesignName>sol_19_01</ownerDesignName>
<nullsAllowed>true</nullsAllowed>
<useDomainConstraints>false</useDomainConstraints>
<use>1</use>
<logicalDatatype>LOGDT019</logicalDatatype>
<dataTypePrecision>6</dataTypePrecision>
<previousColumn>false</previousColumn>
<autoIncrementCycle>false</autoIncrementCycle>
</Column>
</columns>
<indexes itemClass="oracle.dbtools.crest.model.design.relational.Index">
<ind_PK_UK id="2C113FE9-1DDD-F8F8-E0FD-29F4089F4711" name="JOB_ID_PK">
<createdBy>oracle</createdBy>
<createdTime>2011-11-14 10:07:47 UTC</createdTime>
<generatorID>020FB30F-44EE-4EEA-4CD9-D590D620EEDB</generatorID>
<ownerDesignName>sol_19_01</ownerDesignName>
<pk>true</pk>
<indexState>Primary Constraint</indexState>
<indexColumnUsage>
<colUsage columnID="47346ED5-6451-F9EF-3B3E-E823DBE14994"/>
</indexColumnUsage>
</ind_PK_UK>
</indexes>
</Table>