<?xml version = '1.0' encoding = 'UTF-8'?>
<Table class="oracle.dbtools.crest.model.design.relational.Table" directorySegmentName="seg_0" id="6F31F983-B62D-FD91-2703-332E215AA7EA" name="COUNTRIES">
<createdBy>oracle</createdBy>
<createdTime>2011-11-14 10:07:47 UTC</createdTime>
<commentInRDBMS>country table. Contains 25 rows. References with locations table.</commentInRDBMS>
<generatorID>F6D600F0-64D4-782C-3D9C-129CF39C790F</generatorID>
<ownerDesignName>sol_19_01</ownerDesignName>
<columns itemClass="oracle.dbtools.crest.model.design.relational.Column">
<Column name="COUNTRY_ID" id="372DE6B6-17A1-BE20-91B4-E3C81C8AA1A9">
<createdBy>oracle</createdBy>
<createdTime>2011-11-14 10:07:47 UTC</createdTime>
<commentInRDBMS>Primary key of countries table.</commentInRDBMS>
<generatorID>B6BDE289-86D7-D0AA-2570-DDB5B3EF1188</generatorID>
<ownerDesignName>sol_19_01</ownerDesignName>
<useDomainConstraints>false</useDomainConstraints>
<use>1</use>
<logicalDatatype>LOGDT025</logicalDatatype>
<dataTypeSize>2 BYTE</dataTypeSize>
<previousColumn>false</previousColumn>
<autoIncrementCycle>false</autoIncrementCycle>
</Column>
<Column name="COUNTRY_NAME" id="B551B149-D8BE-D671-AB6E-D806E7EAE8B5">
<createdBy>oracle</createdBy>
<createdTime>2011-11-14 10:07:47 UTC</createdTime>
<commentInRDBMS>Country name</commentInRDBMS>
<generatorID>DF332D5C-3B2B-33A6-4678-279B702B7B1A</generatorID>
<ownerDesignName>sol_19_01</ownerDesignName>
<nullsAllowed>true</nullsAllowed>
<useDomainConstraints>false</useDomainConstraints>
<use>1</use>
<logicalDatatype>LOGDT024</logicalDatatype>
<dataTypeSize>40 BYTE</dataTypeSize>
<previousColumn>false</previousColumn>
<autoIncrementCycle>false</autoIncrementCycle>
</Column>
<Column name="REGION_ID" id="E95D902E-5BD2-14CB-4B13-93A358F271C4">
<createdBy>oracle</createdBy>
<createdTime>2011-11-14 10:07:47 UTC</createdTime>
<commentInRDBMS>Region ID for the country. Foreign key to region_id column in the departments table.</commentInRDBMS>
<generatorID>1E85FB8A-C4E2-F7FD-7158-0CEB0EB723D5</generatorID>
<ownerDesignName>sol_19_01</ownerDesignName>
<nullsAllowed>true</nullsAllowed>
<useDomainConstraints>false</useDomainConstraints>
<use>1</use>
<logicalDatatype>LOGDT019</logicalDatatype>
<dataTypeSize>22</dataTypeSize>
<delegate>9B1FA6C1-96BF-AF01-54C0-BFA13316CD42</delegate>
<previousColumn>false</previousColumn>
<autoIncrementCycle>false</autoIncrementCycle>
<associations>
<colAssociation fkAssociation="7E58D3FD-5F47-E1D3-AFA1-083B242154E6" referredColumn="9B1FA6C1-96BF-AF01-54C0-BFA13316CD42"/>
</associations>
</Column>
</columns>
<indexes itemClass="oracle.dbtools.crest.model.design.relational.Index">
<ind_PK_UK id="50138723-6659-65E8-6576-0920DE04D344" name="COUNTRY_C_ID_PK">
<createdBy>oracle</createdBy>
<createdTime>2011-11-14 10:07:47 UTC</createdTime>
<generatorID>C84DB7C5-6377-7158-D3BA-BBCF55C0DC6C</generatorID>
<ownerDesignName>sol_19_01</ownerDesignName>
<pk>true</pk>
<indexState>Primary Constraint</indexState>
<indexColumnUsage>
<colUsage columnID="372DE6B6-17A1-BE20-91B4-E3C81C8AA1A9"/>
</indexColumnUsage>
</ind_PK_UK>
<ind_PK_UK id="9D81999D-B29E-9ECC-DC58-768A04D2601A" name="COUNTR_REG_FK">
<createdBy>oracle</createdBy>
<createdTime>2011-11-14 10:07:47 UTC</createdTime>
<generatorID>946C0B6A-8C68-C2A6-0204-1FE3F8B83648</generatorID>
<ownerDesignName>sol_19_01</ownerDesignName>
<indexState>Foreign Key</indexState>
<indexColumnUsage>
<colUsage columnID="E95D902E-5BD2-14CB-4B13-93A358F271C4"/>
</indexColumnUsage>
</ind_PK_UK>
</indexes>
</Table>