<?xml version = '1.0' encoding = 'UTF-8'?>
<Table class="oracle.dbtools.crest.model.design.relational.Table" directorySegmentName="seg_0" id="7CE678F7-78B3-E9B3-E366-717A80FAB2A1" name="LOCATIONS">
<createdBy>oracle</createdBy>
<createdTime>2011-11-14 10:07:47 UTC</createdTime>
<commentInRDBMS>Locations table that contains specific address of a specific office,&lt;br/&gt;warehouse, and/or production site of a company. Does not store addresses /&lt;br/&gt;locations of customers. Contains 23 rows; references with the&lt;br/&gt;departments and countries tables. </commentInRDBMS>
<generatorID>D448A679-7F4C-083F-2C66-4D5B9D2E18BE</generatorID>
<ownerDesignName>sol_19_01</ownerDesignName>
<columns itemClass="oracle.dbtools.crest.model.design.relational.Column">
<Column name="LOCATION_ID" id="80B2022C-733A-9017-E747-5B873A20E8F1">
<createdBy>oracle</createdBy>
<createdTime>2011-11-14 10:07:47 UTC</createdTime>
<commentInRDBMS>Primary key of locations table</commentInRDBMS>
<generatorID>A210E17C-6922-CEEE-81DA-8F373CA198C1</generatorID>
<ownerDesignName>sol_19_01</ownerDesignName>
<useDomainConstraints>false</useDomainConstraints>
<use>1</use>
<logicalDatatype>LOGDT019</logicalDatatype>
<dataTypePrecision>4</dataTypePrecision>
<previousColumn>false</previousColumn>
<autoIncrementCycle>false</autoIncrementCycle>
</Column>
<Column name="STREET_ADDRESS" id="BA385529-F01F-FD08-2EFA-050C838E2506">
<createdBy>oracle</createdBy>
<createdTime>2011-11-14 10:07:47 UTC</createdTime>
<commentInRDBMS>Street address of an office, warehouse, or production site of a company.&lt;br/&gt;Contains building number and street name</commentInRDBMS>
<generatorID>BD699EC9-3678-D87A-94D2-52E3D26F5107</generatorID>
<ownerDesignName>sol_19_01</ownerDesignName>
<nullsAllowed>true</nullsAllowed>
<useDomainConstraints>false</useDomainConstraints>
<use>1</use>
<logicalDatatype>LOGDT024</logicalDatatype>
<dataTypeSize>40 BYTE</dataTypeSize>
<previousColumn>false</previousColumn>
<autoIncrementCycle>false</autoIncrementCycle>
</Column>
<Column name="POSTAL_CODE" id="F063FBC9-49BC-1290-737A-D383CCD16C3D">
<createdBy>oracle</createdBy>
<createdTime>2011-11-14 10:07:47 UTC</createdTime>
<commentInRDBMS>Postal code of the location of an office, warehouse, or production site&lt;br/&gt;of a company. </commentInRDBMS>
<generatorID>49F44BE7-19D0-2267-007B-4F189875921F</generatorID>
<ownerDesignName>sol_19_01</ownerDesignName>
<nullsAllowed>true</nullsAllowed>
<useDomainConstraints>false</useDomainConstraints>
<use>1</use>
<logicalDatatype>LOGDT024</logicalDatatype>
<dataTypeSize>12 BYTE</dataTypeSize>
<previousColumn>false</previousColumn>
<autoIncrementCycle>false</autoIncrementCycle>
</Column>
<Column name="CITY" id="2CCB0744-9935-EB9E-6E6C-97F830008A52">
<createdBy>oracle</createdBy>
<createdTime>2011-11-14 10:07:47 UTC</createdTime>
<commentInRDBMS>A not null column that shows city where an office, warehouse, or&lt;br/&gt;production site of a company is located. </commentInRDBMS>
<generatorID>B18E10C6-50DE-532A-F73D-3C6C86E7E860</generatorID>
<ownerDesignName>sol_19_01</ownerDesignName>
<useDomainConstraints>false</useDomainConstraints>
<use>1</use>
<logicalDatatype>LOGDT024</logicalDatatype>
<dataTypeSize>30 BYTE</dataTypeSize>
<previousColumn>false</previousColumn>
<autoIncrementCycle>false</autoIncrementCycle>
</Column>
<Column name="STATE_PROVINCE" id="81FF78AC-3B0D-11BB-4FF0-FC14DD493FD1">
<createdBy>oracle</createdBy>
<createdTime>2011-11-14 10:07:47 UTC</createdTime>
<commentInRDBMS>State or Province where an office, warehouse, or production site of a&lt;br/&gt;company is located.</commentInRDBMS>
<generatorID>B4684F22-211D-95AD-B753-C01E73702A2B</generatorID>
<ownerDesignName>sol_19_01</ownerDesignName>
<nullsAllowed>true</nullsAllowed>
<useDomainConstraints>false</useDomainConstraints>
<use>1</use>
<logicalDatatype>LOGDT024</logicalDatatype>
<dataTypeSize>25 BYTE</dataTypeSize>
<previousColumn>false</previousColumn>
<autoIncrementCycle>false</autoIncrementCycle>
</Column>
<Column name="COUNTRY_ID" id="8DFF4300-79E2-2739-91AF-7E4532732FA0">
<createdBy>oracle</createdBy>
<createdTime>2011-11-14 10:07:47 UTC</createdTime>
<commentInRDBMS>Country where an office, warehouse, or production site of a company is&lt;br/&gt;located. Foreign key to country_id column of the countries table.</commentInRDBMS>
<generatorID>16C2080D-4DB7-D15F-D842-DCD18296D902</generatorID>
<ownerDesignName>sol_19_01</ownerDesignName>
<nullsAllowed>true</nullsAllowed>
<useDomainConstraints>false</useDomainConstraints>
<use>1</use>
<logicalDatatype>LOGDT025</logicalDatatype>
<dataTypeSize>2 BYTE</dataTypeSize>
<delegate>372DE6B6-17A1-BE20-91B4-E3C81C8AA1A9</delegate>
<previousColumn>false</previousColumn>
<autoIncrementCycle>false</autoIncrementCycle>
<associations>
<colAssociation fkAssociation="50AA63ED-E511-75EE-0ACE-1E475EDE7955" referredColumn="372DE6B6-17A1-BE20-91B4-E3C81C8AA1A9"/>
</associations>
</Column>
</columns>
<indexes itemClass="oracle.dbtools.crest.model.design.relational.Index">
<ind_PK_UK id="7BB92206-6534-D656-43CF-F33C0C7BF143" name="LOC_ID_PK">
<createdBy>oracle</createdBy>
<createdTime>2011-11-14 10:07:47 UTC</createdTime>
<generatorID>61B4D8BE-E828-B58A-669F-116A1A155F97</generatorID>
<ownerDesignName>sol_19_01</ownerDesignName>
<pk>true</pk>
<indexState>Primary Constraint</indexState>
<indexColumnUsage>
<colUsage columnID="80B2022C-733A-9017-E747-5B873A20E8F1"/>
</indexColumnUsage>
</ind_PK_UK>
<ind_PK_UK id="1E623500-ED71-2808-FA5F-F2FAAED99793" name="LOC_C_ID_FK">
<createdBy>oracle</createdBy>
<createdTime>2011-11-14 10:07:47 UTC</createdTime>
<generatorID>ABB9CCC2-4A66-E875-261A-DA145C8B7276</generatorID>
<ownerDesignName>sol_19_01</ownerDesignName>
<indexState>Foreign Key</indexState>
<indexColumnUsage>
<colUsage columnID="8DFF4300-79E2-2739-91AF-7E4532732FA0"/>
</indexColumnUsage>
</ind_PK_UK>
</indexes>
</Table>