<?xml version = '1.0' encoding = 'UTF-8'?>
<Table class="oracle.dbtools.crest.model.design.relational.Table" directorySegmentName="seg_0" id="B4CDAF13-531F-A700-A04A-22D2A14ECC59" name="JOB_HISTORY">
<createdBy>oracle</createdBy>
<createdTime>2011-11-14 10:07:47 UTC</createdTime>
<commentInRDBMS>Table that stores job history of the employees. If an employee&lt;br/&gt;changes departments within the job or changes jobs within the department,&lt;br/&gt;new rows get inserted into this table with old job information of the&lt;br/&gt;employee. Contains a complex primary key: employee_id+start_date.&lt;br/&gt;Contains 25 rows. References with jobs, employees, and departments tables.</commentInRDBMS>
<generatorID>3891E9B5-9F40-7A15-8142-C556514B7AD4</generatorID>
<ownerDesignName>sol_19_01</ownerDesignName>
<columns itemClass="oracle.dbtools.crest.model.design.relational.Column">
<Column name="EMPLOYEE_ID" id="844DC60F-3E5E-4D16-0670-5910AF08247B">
<createdBy>oracle</createdBy>
<createdTime>2011-11-14 10:07:47 UTC</createdTime>
<commentInRDBMS>A not null column in the complex primary key employee_id+start_date.&lt;br/&gt;Foreign key to employee_id column of the employee table</commentInRDBMS>
<generatorID>0F107B42-7D3A-C7A1-48E3-600299592B11</generatorID>
<ownerDesignName>sol_19_01</ownerDesignName>
<useDomainConstraints>false</useDomainConstraints>
<use>1</use>
<logicalDatatype>LOGDT019</logicalDatatype>
<dataTypePrecision>6</dataTypePrecision>
<dataTypeScale>0</dataTypeScale>
<delegate>778BB481-A5FC-5868-9D9D-83D31B607730</delegate>
<previousColumn>false</previousColumn>
<autoIncrementCycle>false</autoIncrementCycle>
<associations>
<colAssociation fkAssociation="778B532F-04BE-5FAC-46A2-FB5D1B5B5757" referredColumn="778BB481-A5FC-5868-9D9D-83D31B607730"/>
</associations>
</Column>
<Column name="START_DATE" id="D797572D-C0AD-F3E0-EE79-971EEF059EB7">
<createdBy>oracle</createdBy>
<createdTime>2011-11-14 10:07:47 UTC</createdTime>
<commentInRDBMS>A not null column in the complex primary key employee_id+start_date.&lt;br/&gt;Must be less than the end_date of the job_history table. (enforced by&lt;br/&gt;constraint jhist_date_interval)</commentInRDBMS>
<generatorID>61A9BE16-F223-A77F-0FDA-CF9D89B8D4B7</generatorID>
<ownerDesignName>sol_19_01</ownerDesignName>
<useDomainConstraints>false</useDomainConstraints>
<use>1</use>
<logicalDatatype>LOGDT007</logicalDatatype>
<dataTypeSize>7</dataTypeSize>
<previousColumn>false</previousColumn>
<autoIncrementCycle>false</autoIncrementCycle>
</Column>
<Column name="END_DATE" id="FA5A24A0-786D-0D18-3604-E69F3F5098A6">
<createdBy>oracle</createdBy>
<createdTime>2011-11-14 10:07:47 UTC</createdTime>
<commentInRDBMS>Last day of the employee in this job role. A not null column. Must be&lt;br/&gt;greater than the start_date of the job_history table.&lt;br/&gt;(enforced by constraint jhist_date_interval)</commentInRDBMS>
<generatorID>4B3CD158-2C32-02CB-B0AB-99682386C329</generatorID>
<ownerDesignName>sol_19_01</ownerDesignName>
<useDomainConstraints>false</useDomainConstraints>
<use>1</use>
<logicalDatatype>LOGDT007</logicalDatatype>
<dataTypeSize>7</dataTypeSize>
<previousColumn>false</previousColumn>
<autoIncrementCycle>false</autoIncrementCycle>
</Column>
<Column name="JOB_ID" id="78F2B2CB-9EC5-DEFE-FA5F-F1557DC0B205">
<createdBy>oracle</createdBy>
<createdTime>2011-11-14 10:07:47 UTC</createdTime>
<commentInRDBMS>Job role in which the employee worked in the past; foreign key to&lt;br/&gt;job_id column in the jobs table. A not null column.</commentInRDBMS>
<generatorID>200255E9-0A47-FEAD-C92E-542756088802</generatorID>
<ownerDesignName>sol_19_01</ownerDesignName>
<useDomainConstraints>false</useDomainConstraints>
<use>1</use>
<logicalDatatype>LOGDT024</logicalDatatype>
<dataTypeSize>10 BYTE</dataTypeSize>
<delegate>47346ED5-6451-F9EF-3B3E-E823DBE14994</delegate>
<previousColumn>false</previousColumn>
<autoIncrementCycle>false</autoIncrementCycle>
<associations>
<colAssociation fkAssociation="998F9447-3A5C-409F-B29E-70ECDB0C86E5" referredColumn="47346ED5-6451-F9EF-3B3E-E823DBE14994"/>
</associations>
</Column>
<Column name="DEPARTMENT_ID" id="F1CC313B-40C9-BDD6-212F-D4FD07DADE44">
<createdBy>oracle</createdBy>
<createdTime>2011-11-14 10:07:47 UTC</createdTime>
<commentInRDBMS>Department id in which the employee worked in the past; foreign key to deparment_id column in the departments table</commentInRDBMS>
<generatorID>D7DD4C23-F48F-BAC6-7D31-AC1AC7E8AA8E</generatorID>
<ownerDesignName>sol_19_01</ownerDesignName>
<nullsAllowed>true</nullsAllowed>
<useDomainConstraints>false</useDomainConstraints>
<use>1</use>
<logicalDatatype>LOGDT019</logicalDatatype>
<dataTypePrecision>4</dataTypePrecision>
<dataTypeScale>0</dataTypeScale>
<delegate>E7AE2AC9-B787-2830-A19D-ED6680D4991B</delegate>
<previousColumn>false</previousColumn>
<autoIncrementCycle>false</autoIncrementCycle>
<associations>
<colAssociation fkAssociation="AD8CE2BA-469C-2E3D-70D0-A74E3B03AAE5" referredColumn="E7AE2AC9-B787-2830-A19D-ED6680D4991B"/>
</associations>
</Column>
</columns>
<indexes itemClass="oracle.dbtools.crest.model.design.relational.Index">
<ind_PK_UK id="5AB601B7-0F44-7CD6-9C9B-2FB5C5CFFFF0" name="JHIST_EMP_ID_ST_DATE_PK">
<createdBy>oracle</createdBy>
<createdTime>2011-11-14 10:07:47 UTC</createdTime>
<generatorID>7D343CB2-A126-5046-7CC2-C892B2860441</generatorID>
<ownerDesignName>sol_19_01</ownerDesignName>
<pk>true</pk>
<indexState>Primary Constraint</indexState>
<indexColumnUsage>
<colUsage columnID="844DC60F-3E5E-4D16-0670-5910AF08247B"/>
<colUsage columnID="D797572D-C0AD-F3E0-EE79-971EEF059EB7"/>
</indexColumnUsage>
</ind_PK_UK>
<ind_PK_UK id="7F8919D5-8440-B5E1-7F26-692092C6B23F" name="JHIST_DEPT_FK">
<createdBy>oracle</createdBy>
<createdTime>2011-11-14 10:07:47 UTC</createdTime>
<generatorID>8302B540-5DD3-23E7-E7BC-DE0C6C63A7BE</generatorID>
<ownerDesignName>sol_19_01</ownerDesignName>
<indexState>Foreign Key</indexState>
<indexColumnUsage>
<colUsage columnID="F1CC313B-40C9-BDD6-212F-D4FD07DADE44"/>
</indexColumnUsage>
</ind_PK_UK>
<ind_PK_UK id="2E630675-8575-468A-BE1F-CE476341D697" name="JHIST_EMP_FK">
<createdBy>oracle</createdBy>
<createdTime>2011-11-14 10:07:47 UTC</createdTime>
<generatorID>970EF68C-708C-1DA8-7385-944796283240</generatorID>
<ownerDesignName>sol_19_01</ownerDesignName>
<indexState>Foreign Key</indexState>
<indexColumnUsage>
<colUsage columnID="844DC60F-3E5E-4D16-0670-5910AF08247B"/>
</indexColumnUsage>
</ind_PK_UK>
<ind_PK_UK id="A8F9F706-F94F-A628-5C42-A1EDFAB17B50" name="JHIST_JOB_FK">
<createdBy>oracle</createdBy>
<createdTime>2011-11-14 10:07:47 UTC</createdTime>
<generatorID>8DFCC093-6768-E08E-FA48-1FCE643EA37F</generatorID>
<ownerDesignName>sol_19_01</ownerDesignName>
<indexState>Foreign Key</indexState>
<indexColumnUsage>
<colUsage columnID="78F2B2CB-9EC5-DEFE-FA5F-F1557DC0B205"/>
</indexColumnUsage>
</ind_PK_UK>
</indexes>
</Table>