<?xml version = '1.0' encoding = 'UTF-8'?>
<Table class="oracle.dbtools.crest.model.design.relational.Table" directorySegmentName="seg_0" id="D3D1D4D8-6815-E1FC-F8C8-E19838A1E46F" name="DEPENDENTS">
<createdBy>oracle</createdBy>
<createdTime>2011-11-14 10:07:47 UTC</createdTime>
<generatorID>DE663A99-8C4C-73D9-009B-ED6932C92FA7</generatorID>
<ownerDesignName>sol_19_01</ownerDesignName>
<columns itemClass="oracle.dbtools.crest.model.design.relational.Column">
<Column name="ID" id="AC175D05-563A-0308-AD13-717138192549">
<createdBy>oracle</createdBy>
<createdTime>2011-11-14 10:07:47 UTC</createdTime>
<generatorID>0EAC1837-C30F-29C7-314A-41B477F2D636</generatorID>
<ownerDesignName>sol_19_01</ownerDesignName>
<use>0</use>
<logicalDatatype>LOGDT019</logicalDatatype>
<domain>75944096-B87A-E700-F1D9-AA3A0B9500A8</domain>
<previousColumn>false</previousColumn>
<autoIncrementCycle>false</autoIncrementCycle>
</Column>
<Column name="Name" id="960AB528-47DC-C227-ADA4-1993C6E3B968">
<createdBy>oracle</createdBy>
<createdTime>2011-11-14 10:07:47 UTC</createdTime>
<generatorID>734CF5D9-C5CB-8F42-0E6F-9562398AB44D</generatorID>
<ownerDesignName>sol_19_01</ownerDesignName>
<nullsAllowed>true</nullsAllowed>
<use>0</use>
<logicalDatatype>LOGDT024</logicalDatatype>
<domain>05380779-AA6B-F6D6-E4A9-D8438B965B01</domain>
<previousColumn>false</previousColumn>
<autoIncrementCycle>false</autoIncrementCycle>
</Column>
<Column name="Birthdate" id="82B4957E-9D9D-76B9-11A4-2896A50B2484">
<createdBy>oracle</createdBy>
<createdTime>2011-11-14 10:07:47 UTC</createdTime>
<generatorID>8C80D128-1C79-2714-A3B4-559EA3A8B7A8</generatorID>
<ownerDesignName>sol_19_01</ownerDesignName>
<nullsAllowed>true</nullsAllowed>
<useDomainConstraints>false</useDomainConstraints>
<use>1</use>
<logicalDatatype>LOGDT007</logicalDatatype>
<previousColumn>false</previousColumn>
<autoIncrementCycle>false</autoIncrementCycle>
</Column>
<Column name="EMPLOYEE_ID" id="C8DEBE07-AB1A-44DD-83CE-27F93DBA8550">
<createdBy>oracle</createdBy>
<createdTime>2011-11-14 10:07:47 UTC</createdTime>
<generatorID>C82D0811-18EC-7C3A-C19D-3787EC6D9A30</generatorID>
<ownerDesignName>sol_19_01</ownerDesignName>
<useDomainConstraints>false</useDomainConstraints>
<use>1</use>
<logicalDatatype>LOGDT019</logicalDatatype>
<dataTypePrecision>6</dataTypePrecision>
<dataTypeScale>0</dataTypeScale>
<delegate>778BB481-A5FC-5868-9D9D-83D31B607730</delegate>
<previousColumn>false</previousColumn>
<autoIncrementCycle>false</autoIncrementCycle>
<associations>
<colAssociation fkAssociation="76A0BAF4-CCF1-5EF8-87D1-5DC26A9F1E6D" referredColumn="778BB481-A5FC-5868-9D9D-83D31B607730"/>
</associations>
</Column>
</columns>
<indexes itemClass="oracle.dbtools.crest.model.design.relational.Index">
<ind_PK_UK id="16295379-9891-F7CC-896E-756A3F98296F" name="DEPENDENTS_PK">
<createdBy>oracle</createdBy>
<createdTime>2011-11-14 10:07:47 UTC</createdTime>
<generatorID>541CE668-9048-2986-D1EA-64912F56B8AB</generatorID>
<ownerDesignName>sol_19_01</ownerDesignName>
<pk>true</pk>
<indexState>Primary Constraint</indexState>
<indexColumnUsage>
<colUsage columnID="AC175D05-563A-0308-AD13-717138192549"/>
<colUsage columnID="C8DEBE07-AB1A-44DD-83CE-27F93DBA8550"/>
</indexColumnUsage>
</ind_PK_UK>
<ind_PK_UK id="FC496898-6806-9C05-7B4A-244C31E98E44" name="Relation_11">
<createdBy>oracle</createdBy>
<createdTime>2011-11-14 10:07:47 UTC</createdTime>
<generatorID>1C860810-6E11-BDA7-910D-0B4B99546D5A</generatorID>
<ownerDesignName>sol_19_01</ownerDesignName>
<indexState>Foreign Key</indexState>
<indexColumnUsage>
<colUsage columnID="C8DEBE07-AB1A-44DD-83CE-27F93DBA8550"/>
</indexColumnUsage>
</ind_PK_UK>
</indexes>
</Table>