<?xml version = '1.0' encoding = 'UTF-8'?>
<Table class="oracle.dbtools.crest.model.design.relational.Table" directorySegmentName="seg_0" id="F9C10437-59E4-4884-F4DD-799DC59DAA43" name="DEPARTMENTS">
<createdBy>oracle</createdBy>
<createdTime>2011-11-14 10:07:47 UTC</createdTime>
<commentInRDBMS>Departments table that shows details of departments where employees&lt;br/&gt;work. Contains 27 rows; references with locations, employees, and job_history tables.</commentInRDBMS>
<generatorID>A6423129-C813-E977-E000-CD6DB7CAAA12</generatorID>
<ownerDesignName>sol_19_01</ownerDesignName>
<columns itemClass="oracle.dbtools.crest.model.design.relational.Column">
<Column name="DEPARTMENT_ID" id="E7AE2AC9-B787-2830-A19D-ED6680D4991B">
<createdBy>oracle</createdBy>
<createdTime>2011-11-14 10:07:47 UTC</createdTime>
<commentInRDBMS>Primary key column of departments table.</commentInRDBMS>
<generatorID>4CD1E999-4CFE-3A44-0C1E-9DE9A121EB02</generatorID>
<ownerDesignName>sol_19_01</ownerDesignName>
<useDomainConstraints>false</useDomainConstraints>
<use>1</use>
<logicalDatatype>LOGDT019</logicalDatatype>
<dataTypePrecision>4</dataTypePrecision>
<dataTypeScale>0</dataTypeScale>
<previousColumn>false</previousColumn>
<autoIncrementCycle>false</autoIncrementCycle>
</Column>
<Column name="DEPARTMENT_NAME" id="5250AFD0-5023-680A-D012-99755620DB10">
<createdBy>oracle</createdBy>
<createdTime>2011-11-14 10:07:47 UTC</createdTime>
<commentInRDBMS>A not null column that shows name of a department. Administration,&lt;br/&gt;Marketing, Purchasing, Human Resources, Shipping, IT, Executive, Public&lt;br/&gt;Relations, Sales, Finance, and Accounting. </commentInRDBMS>
<generatorID>2911833D-D398-DF4F-87DF-E3806A7262D1</generatorID>
<ownerDesignName>sol_19_01</ownerDesignName>
<useDomainConstraints>false</useDomainConstraints>
<use>1</use>
<logicalDatatype>LOGDT024</logicalDatatype>
<dataTypeSize>30 BYTE</dataTypeSize>
<previousColumn>false</previousColumn>
<autoIncrementCycle>false</autoIncrementCycle>
</Column>
<Column name="EMPLOYEE_ID" id="57BCDC71-F828-EC39-149E-A35C7493811F">
<createdBy>oracle</createdBy>
<createdTime>2011-11-14 10:07:47 UTC</createdTime>
<commentInRDBMS>Manager_id of a department. Foreign key to employee_id column of employees table. The manager_id column of the employee table references this column.</commentInRDBMS>
<generatorID>31ACEDE4-E2A4-D24F-D851-857DA01825FD</generatorID>
<ownerDesignName>sol_19_01</ownerDesignName>
<nullsAllowed>true</nullsAllowed>
<useDomainConstraints>false</useDomainConstraints>
<use>1</use>
<logicalDatatype>LOGDT019</logicalDatatype>
<dataTypePrecision>6</dataTypePrecision>
<dataTypeScale>0</dataTypeScale>
<delegate>778BB481-A5FC-5868-9D9D-83D31B607730</delegate>
<previousColumn>false</previousColumn>
<autoIncrementCycle>false</autoIncrementCycle>
<associations>
<colAssociation fkAssociation="AAE4D966-C627-F9B9-4D55-1B8C4462ABA7" referredColumn="778BB481-A5FC-5868-9D9D-83D31B607730"/>
</associations>
</Column>
<Column name="LOCATION_ID" id="E7541EE4-AE4C-950D-4B43-C7F3331261D7">
<createdBy>oracle</createdBy>
<createdTime>2011-11-14 10:07:47 UTC</createdTime>
<commentInRDBMS>Location id where a department is located. Foreign key to location_id column of locations table.</commentInRDBMS>
<generatorID>6333C57C-BB66-9A22-27B5-E9BBA17C3DC6</generatorID>
<ownerDesignName>sol_19_01</ownerDesignName>
<nullsAllowed>true</nullsAllowed>
<useDomainConstraints>false</useDomainConstraints>
<use>1</use>
<logicalDatatype>LOGDT019</logicalDatatype>
<dataTypePrecision>4</dataTypePrecision>
<delegate>80B2022C-733A-9017-E747-5B873A20E8F1</delegate>
<previousColumn>false</previousColumn>
<autoIncrementCycle>false</autoIncrementCycle>
<associations>
<colAssociation fkAssociation="5BF79C01-15BD-109B-6A1F-237DF402A7AE" referredColumn="80B2022C-733A-9017-E747-5B873A20E8F1"/>
</associations>
</Column>
<Column name="Cost Center" id="A674728F-8129-19AA-057F-B0D9301EDB0A">
<createdBy>oracle</createdBy>
<createdTime>2011-11-14 10:07:47 UTC</createdTime>
<generatorID>2BC0221F-3899-7325-EC3B-BEF6C7875C01</generatorID>
<ownerDesignName>sol_19_01</ownerDesignName>
<nullsAllowed>true</nullsAllowed>
<useDomainConstraints>false</useDomainConstraints>
<use>1</use>
<logicalDatatype>LOGDT019</logicalDatatype>
<dataTypePrecision>4</dataTypePrecision>
<dataTypeScale>0</dataTypeScale>
<previousColumn>false</previousColumn>
<autoIncrementCycle>false</autoIncrementCycle>
</Column>
</columns>
<indexes itemClass="oracle.dbtools.crest.model.design.relational.Index">
<ind_PK_UK id="7A906B75-7FA0-7234-0F53-8A1257B232DE" name="DEPT_ID_PK">
<createdBy>oracle</createdBy>
<createdTime>2011-11-14 10:07:47 UTC</createdTime>
<generatorID>D7F194E8-90DF-4773-4339-5546BDFD502B</generatorID>
<ownerDesignName>sol_19_01</ownerDesignName>
<pk>true</pk>
<indexState>Primary Constraint</indexState>
<indexColumnUsage>
<colUsage columnID="E7AE2AC9-B787-2830-A19D-ED6680D4991B"/>
</indexColumnUsage>
</ind_PK_UK>
<ind_PK_UK id="9970DFFE-FA06-11DC-66BF-C3FF8CFC902C" name="DEPT_LOC_FK">
<createdBy>oracle</createdBy>
<createdTime>2011-11-14 10:07:47 UTC</createdTime>
<generatorID>9DC35E3F-932E-9FEA-431A-5D2DF23B156D</generatorID>
<ownerDesignName>sol_19_01</ownerDesignName>
<indexState>Foreign Key</indexState>
<indexColumnUsage>
<colUsage columnID="E7541EE4-AE4C-950D-4B43-C7F3331261D7"/>
</indexColumnUsage>
</ind_PK_UK>
<ind_PK_UK id="CF2409F7-8D4A-05A6-274D-4157D31C5AE8" name="DEPT_MGR_FK">
<createdBy>oracle</createdBy>
<createdTime>2011-11-14 10:07:47 UTC</createdTime>
<generatorID>14CF6A4D-D3E0-DA96-E693-5565A3A46DE0</generatorID>
<ownerDesignName>sol_19_01</ownerDesignName>
<indexState>Foreign Key</indexState>
<indexColumnUsage>
<colUsage columnID="57BCDC71-F828-EC39-149E-A35C7493811F"/>
</indexColumnUsage>
</ind_PK_UK>
</indexes>
</Table>