<?xml version = '1.0' encoding = 'UTF-8'?>
<TableProxyOraclev11g class="oracle.dbtools.crest.model.design.storage.oracle.v11g.TableProxyOraclev11g" name="EMPLOYEES" directorySegmentName="seg_0" id="2DCEACA1-6ECB-63AD-6EBC-148934342274">
<createdBy>oracle</createdBy>
<createdTime>2011-11-14 10:16:21 UTC</createdTime>
<ownerDesignName>sol_19_01</ownerDesignName>
<logging>YES</logging>
<columnProxies itemClass="oracle.dbtools.crest.model.design.storage.oracle.v12c.ColumnProxyOraclev12c">
<ColumnProxy name="HIRE_DATE" id="05509D0E-5DCF-88CC-0E84-B28B47E8B2AB">
<createdBy>oracle</createdBy>
<createdTime>2011-11-14 10:16:21 UTC</createdTime>
<ownerDesignName>sol_19_01</ownerDesignName>
</ColumnProxy>
<ColumnProxy name="DEPARTMENT_ID" id="30E1903D-8DB7-7C19-5CF6-0CF114D0DDF0">
<createdBy>oracle</createdBy>
<createdTime>2011-11-14 10:16:21 UTC</createdTime>
<ownerDesignName>sol_19_01</ownerDesignName>
</ColumnProxy>
<ColumnProxy name="FIRST_NAME" id="4B06C913-5296-88E9-26F2-2F7F8ECB6F17">
<createdBy>oracle</createdBy>
<createdTime>2011-11-14 10:16:21 UTC</createdTime>
<ownerDesignName>sol_19_01</ownerDesignName>
</ColumnProxy>
<ColumnProxy name="EMPLOYEE_ID1" id="4E64B307-AB87-26BE-1AFE-C583F6288D69">
<createdBy>oracle</createdBy>
<createdTime>2011-11-14 10:16:21 UTC</createdTime>
<ownerDesignName>sol_19_01</ownerDesignName>
</ColumnProxy>
<ColumnProxy name="PHONE_NUMBER" id="569B0468-36C3-60A2-D8CB-5628E116BABF">
<createdBy>oracle</createdBy>
<createdTime>2011-11-14 10:16:21 UTC</createdTime>
<ownerDesignName>sol_19_01</ownerDesignName>
</ColumnProxy>
<ColumnProxy name="COMMISSION_PCT" id="7661271C-4DA6-9D63-72A3-7E13AF63AA78">
<createdBy>oracle</createdBy>
<createdTime>2011-11-14 10:16:21 UTC</createdTime>
<ownerDesignName>sol_19_01</ownerDesignName>
</ColumnProxy>
<ColumnProxy name="LAST_NAME" id="7743A443-566B-2A0E-2966-DDE7D0E15DF4">
<createdBy>oracle</createdBy>
<createdTime>2011-11-14 10:16:21 UTC</createdTime>
<ownerDesignName>sol_19_01</ownerDesignName>
</ColumnProxy>
<ColumnProxy name="EMPLOYEE_ID" id="778BB481-A5FC-5868-9D9D-83D31B607730">
<createdBy>oracle</createdBy>
<createdTime>2011-11-14 10:16:21 UTC</createdTime>
<ownerDesignName>sol_19_01</ownerDesignName>
</ColumnProxy>
<ColumnProxy name="SALARY" id="9474E189-0276-2363-0AD1-7047BDAEA8AC">
<createdBy>oracle</createdBy>
<createdTime>2011-11-14 10:16:21 UTC</createdTime>
<ownerDesignName>sol_19_01</ownerDesignName>
</ColumnProxy>
<ColumnProxy name="EMAIL" id="B9E75D36-D612-B742-EE16-15203512DCBA">
<createdBy>oracle</createdBy>
<createdTime>2011-11-14 10:16:21 UTC</createdTime>
<ownerDesignName>sol_19_01</ownerDesignName>
</ColumnProxy>
<ColumnProxy name="JOB_ID" id="C2E1158D-D74B-B813-1923-39A1AA472E98">
<createdBy>oracle</createdBy>
<createdTime>2011-11-14 10:16:21 UTC</createdTime>
<ownerDesignName>sol_19_01</ownerDesignName>
</ColumnProxy>
</columnProxies>
<foreignKeys>
<ForeignKey class="oracle.dbtools.crest.model.design.storage.oracle.v10g.FKProxyOraclev10g" name="EMP_DEPT_FK" id="3DB609A7-C91E-1F9A-F9FA-8F9BD5E21B5F">
<createdBy>oracle</createdBy>
<createdTime>2011-11-14 10:16:21 UTC</createdTime>
<ownerDesignName>sol_19_01</ownerDesignName>
</ForeignKey>
<ForeignKey class="oracle.dbtools.crest.model.design.storage.oracle.v10g.FKProxyOraclev10g" name="EMP_MANAGER_FK" id="49BDF66F-FB55-DEF5-EB3C-99A9B994426C">
<createdBy>oracle</createdBy>
<createdTime>2011-11-14 10:16:21 UTC</createdTime>
<ownerDesignName>sol_19_01</ownerDesignName>
</ForeignKey>
<ForeignKey class="oracle.dbtools.crest.model.design.storage.oracle.v10g.FKProxyOraclev10g" name="EMP_JOB_FK" id="E6705C90-AB60-F8B8-4931-68C116030F27">
<createdBy>oracle</createdBy>
<createdTime>2011-11-14 10:16:21 UTC</createdTime>
<ownerDesignName>sol_19_01</ownerDesignName>
</ForeignKey>
</foreignKeys>
<primaryKeys>
<PrimaryKey class="oracle.dbtools.crest.model.design.storage.oracle.v10g.PKProxyOraclev10g" name="EMP_EMP_ID_PK" id="7B7460C6-C27A-2309-3978-DB9E20EA3C0F">
<createdBy>oracle</createdBy>
<createdTime>2011-11-14 10:16:21 UTC</createdTime>
<ownerDesignName>sol_19_01</ownerDesignName>
<indexSort>SORTED</indexSort>
</PrimaryKey>
</primaryKeys>
<uniqueKeys>
<UniqueKey class="oracle.dbtools.crest.model.design.storage.oracle.v10g.UniqueOraclev10g" name="EMP_EMAIL_UK" id="36319F20-A9E0-B670-A032-D7601EB89391">
<createdBy>oracle</createdBy>
<createdTime>2011-11-14 10:16:21 UTC</createdTime>
<ownerDesignName>sol_19_01</ownerDesignName>
<indexSort>SORTED</indexSort>
</UniqueKey>
</uniqueKeys>
</TableProxyOraclev11g>