<?xml version = '1.0' encoding = 'UTF-8'?>
<TableProxyOraclev11g class="oracle.dbtools.crest.model.design.storage.oracle.v11g.TableProxyOraclev11g" name="JOBS" directorySegmentName="seg_0" id="3267EF57-DB8D-4300-7468-2B66797BE7B8">
<createdBy>oracle</createdBy>
<createdTime>2011-11-14 10:16:21 UTC</createdTime>
<ownerDesignName>sol_19_01</ownerDesignName>
<logging>YES</logging>
<columnProxies itemClass="oracle.dbtools.crest.model.design.storage.oracle.v12c.ColumnProxyOraclev12c">
<ColumnProxy name="JOB_ID" id="47346ED5-6451-F9EF-3B3E-E823DBE14994">
<createdBy>oracle</createdBy>
<createdTime>2011-11-14 10:16:21 UTC</createdTime>
<ownerDesignName>sol_19_01</ownerDesignName>
</ColumnProxy>
<ColumnProxy name="JOB_TITLE" id="694FEB79-D045-2017-CD39-0500734C344F">
<createdBy>oracle</createdBy>
<createdTime>2011-11-14 10:16:21 UTC</createdTime>
<ownerDesignName>sol_19_01</ownerDesignName>
</ColumnProxy>
<ColumnProxy name="MIN_SALARY" id="BEBAC7CF-122A-96EA-2F2F-A5D26EF9DB08">
<createdBy>oracle</createdBy>
<createdTime>2011-11-14 10:16:21 UTC</createdTime>
<ownerDesignName>sol_19_01</ownerDesignName>
</ColumnProxy>
<ColumnProxy name="MAX_SALARY" id="C9D37DAF-1FF9-BBD3-949E-D671B34452F5">
<createdBy>oracle</createdBy>
<createdTime>2011-11-14 10:16:21 UTC</createdTime>
<ownerDesignName>sol_19_01</ownerDesignName>
</ColumnProxy>
</columnProxies>
<primaryKeys>
<PrimaryKey class="oracle.dbtools.crest.model.design.storage.oracle.v10g.PKProxyOraclev10g" name="JOB_ID_PK" id="2C113FE9-1DDD-F8F8-E0FD-29F4089F4711">
<createdBy>oracle</createdBy>
<createdTime>2011-11-14 10:16:21 UTC</createdTime>
<ownerDesignName>sol_19_01</ownerDesignName>
<indexSort>SORTED</indexSort>
</PrimaryKey>
</primaryKeys>
</TableProxyOraclev11g>