<?xml version = '1.0' encoding = 'UTF-8'?>
<TableProxyOraclev11g class="oracle.dbtools.crest.model.design.storage.oracle.v11g.TableProxyOraclev11g" name="REGIONS" directorySegmentName="seg_0" id="79FDA800-2B02-50E8-6BED-67146DDE0B29">
<createdBy>oracle</createdBy>
<createdTime>2011-11-14 10:16:21 UTC</createdTime>
<ownerDesignName>sol_19_01</ownerDesignName>
<logging>YES</logging>
<columnProxies itemClass="oracle.dbtools.crest.model.design.storage.oracle.v12c.ColumnProxyOraclev12c">
<ColumnProxy name="REGION_ID" id="9B1FA6C1-96BF-AF01-54C0-BFA13316CD42">
<createdBy>oracle</createdBy>
<createdTime>2011-11-14 10:16:21 UTC</createdTime>
<ownerDesignName>sol_19_01</ownerDesignName>
</ColumnProxy>
<ColumnProxy name="REGION_NAME" id="C946B616-C59F-6CAC-2795-2B7E18546819">
<createdBy>oracle</createdBy>
<createdTime>2011-11-14 10:16:21 UTC</createdTime>
<ownerDesignName>sol_19_01</ownerDesignName>
</ColumnProxy>
</columnProxies>
<primaryKeys>
<PrimaryKey class="oracle.dbtools.crest.model.design.storage.oracle.v10g.PKProxyOraclev10g" name="REG_ID_PK" id="1DDBC02A-CF26-864E-20F0-37E6A5B2C354">
<createdBy>oracle</createdBy>
<createdTime>2011-11-14 10:16:21 UTC</createdTime>
<ownerDesignName>sol_19_01</ownerDesignName>
<indexSort>SORTED</indexSort>
</PrimaryKey>
</primaryKeys>
</TableProxyOraclev11g>