<?xml version = '1.0' encoding = 'UTF-8'?>
<TableProxyOraclev11g class="oracle.dbtools.crest.model.design.storage.oracle.v11g.TableProxyOraclev11g" name="JOB_HISTORY" directorySegmentName="seg_0" id="B4CDAF13-531F-A700-A04A-22D2A14ECC59">
<createdBy>oracle</createdBy>
<createdTime>2011-11-14 10:16:21 UTC</createdTime>
<ownerDesignName>sol_19_01</ownerDesignName>
<logging>YES</logging>
<columnProxies itemClass="oracle.dbtools.crest.model.design.storage.oracle.v12c.ColumnProxyOraclev12c">
<ColumnProxy name="JOB_ID" id="78F2B2CB-9EC5-DEFE-FA5F-F1557DC0B205">
<createdBy>oracle</createdBy>
<createdTime>2011-11-14 10:16:21 UTC</createdTime>
<ownerDesignName>sol_19_01</ownerDesignName>
</ColumnProxy>
<ColumnProxy name="EMPLOYEE_ID" id="844DC60F-3E5E-4D16-0670-5910AF08247B">
<createdBy>oracle</createdBy>
<createdTime>2011-11-14 10:16:21 UTC</createdTime>
<ownerDesignName>sol_19_01</ownerDesignName>
</ColumnProxy>
<ColumnProxy name="START_DATE" id="D797572D-C0AD-F3E0-EE79-971EEF059EB7">
<createdBy>oracle</createdBy>
<createdTime>2011-11-14 10:16:21 UTC</createdTime>
<ownerDesignName>sol_19_01</ownerDesignName>
</ColumnProxy>
<ColumnProxy name="DEPARTMENT_ID" id="F1CC313B-40C9-BDD6-212F-D4FD07DADE44">
<createdBy>oracle</createdBy>
<createdTime>2011-11-14 10:16:21 UTC</createdTime>
<ownerDesignName>sol_19_01</ownerDesignName>
</ColumnProxy>
<ColumnProxy name="END_DATE" id="FA5A24A0-786D-0D18-3604-E69F3F5098A6">
<createdBy>oracle</createdBy>
<createdTime>2011-11-14 10:16:21 UTC</createdTime>
<ownerDesignName>sol_19_01</ownerDesignName>
</ColumnProxy>
</columnProxies>
<foreignKeys>
<ForeignKey class="oracle.dbtools.crest.model.design.storage.oracle.v10g.FKProxyOraclev10g" name="JHIST_EMP_FK" id="2E630675-8575-468A-BE1F-CE476341D697">
<createdBy>oracle</createdBy>
<createdTime>2011-11-14 10:16:21 UTC</createdTime>
<ownerDesignName>sol_19_01</ownerDesignName>
</ForeignKey>
<ForeignKey class="oracle.dbtools.crest.model.design.storage.oracle.v10g.FKProxyOraclev10g" name="JHIST_DEPT_FK" id="7F8919D5-8440-B5E1-7F26-692092C6B23F">
<createdBy>oracle</createdBy>
<createdTime>2011-11-14 10:16:21 UTC</createdTime>
<ownerDesignName>sol_19_01</ownerDesignName>
</ForeignKey>
<ForeignKey class="oracle.dbtools.crest.model.design.storage.oracle.v10g.FKProxyOraclev10g" name="JHIST_JOB_FK" id="A8F9F706-F94F-A628-5C42-A1EDFAB17B50">
<createdBy>oracle</createdBy>
<createdTime>2011-11-14 10:16:21 UTC</createdTime>
<ownerDesignName>sol_19_01</ownerDesignName>
</ForeignKey>
</foreignKeys>
<primaryKeys>
<PrimaryKey class="oracle.dbtools.crest.model.design.storage.oracle.v10g.PKProxyOraclev10g" name="JHIST_EMP_ID_ST_DATE_PK" id="5AB601B7-0F44-7CD6-9C9B-2FB5C5CFFFF0">
<createdBy>oracle</createdBy>
<createdTime>2011-11-14 10:16:21 UTC</createdTime>
<ownerDesignName>sol_19_01</ownerDesignName>
<indexSort>SORTED</indexSort>
</PrimaryKey>
</primaryKeys>
</TableProxyOraclev11g>