<?xml version = '1.0' encoding = 'UTF-8'?>
<TableProxyOraclev11g class="oracle.dbtools.crest.model.design.storage.oracle.v11g.TableProxyOraclev11g" name="DEPENDENTS" directorySegmentName="seg_0" id="D3D1D4D8-6815-E1FC-F8C8-E19838A1E46F">
<createdBy>oracle</createdBy>
<createdTime>2011-11-14 10:16:21 UTC</createdTime>
<ownerDesignName>sol_19_01</ownerDesignName>
<logging>YES</logging>
<columnProxies itemClass="oracle.dbtools.crest.model.design.storage.oracle.v12c.ColumnProxyOraclev12c">
<ColumnProxy name="Birthdate" id="82B4957E-9D9D-76B9-11A4-2896A50B2484">
<createdBy>oracle</createdBy>
<createdTime>2011-11-14 10:16:21 UTC</createdTime>
<ownerDesignName>sol_19_01</ownerDesignName>
</ColumnProxy>
<ColumnProxy name="Name" id="960AB528-47DC-C227-ADA4-1993C6E3B968">
<createdBy>oracle</createdBy>
<createdTime>2011-11-14 10:16:21 UTC</createdTime>
<ownerDesignName>sol_19_01</ownerDesignName>
</ColumnProxy>
<ColumnProxy name="ID" id="AC175D05-563A-0308-AD13-717138192549">
<createdBy>oracle</createdBy>
<createdTime>2011-11-14 10:16:21 UTC</createdTime>
<ownerDesignName>sol_19_01</ownerDesignName>
</ColumnProxy>
<ColumnProxy name="EMPLOYEE_ID" id="C8DEBE07-AB1A-44DD-83CE-27F93DBA8550">
<createdBy>oracle</createdBy>
<createdTime>2011-11-14 10:16:21 UTC</createdTime>
<ownerDesignName>sol_19_01</ownerDesignName>
</ColumnProxy>
</columnProxies>
<foreignKeys>
<ForeignKey class="oracle.dbtools.crest.model.design.storage.oracle.v10g.FKProxyOraclev10g" name="Relation_11" id="FC496898-6806-9C05-7B4A-244C31E98E44">
<createdBy>oracle</createdBy>
<createdTime>2011-11-14 10:16:21 UTC</createdTime>
<ownerDesignName>sol_19_01</ownerDesignName>
</ForeignKey>
</foreignKeys>
<primaryKeys>
<PrimaryKey class="oracle.dbtools.crest.model.design.storage.oracle.v10g.PKProxyOraclev10g" name="DEPENDENTS_PK" id="16295379-9891-F7CC-896E-756A3F98296F">
<createdBy>oracle</createdBy>
<createdTime>2011-11-14 10:16:21 UTC</createdTime>
<ownerDesignName>sol_19_01</ownerDesignName>
<indexSort>SORTED</indexSort>
</PrimaryKey>
</primaryKeys>
</TableProxyOraclev11g>