<?xml version = '1.0' encoding = 'UTF-8'?>
<SegmentOraclev10g class="oracle.dbtools.crest.model.design.storage.oracle.v10g.SegmentOraclev10g" name="Segment8" directorySegmentName="seg_0" id="C0209DC4-3513-72A4-B20D-4C5A99DAA88E">
<createdBy>oracle</createdBy>
<createdTime>2009-12-18 15:30:38 UTC</createdTime>
<ownerDesignName>hr_schema</ownerDesignName>
<initrans>2</initrans>
<maxTrans>255</maxTrans>
<scInitialExtent>65536</scInitialExtent>
<scMaxExtents>2147483645</scMaxExtents>
<scNextExtent>1048576</scNextExtent>
</SegmentOraclev10g>