<?xml version = '1.0' encoding = 'UTF-8'?>
<SegmentOraclev10g class="oracle.dbtools.crest.model.design.storage.oracle.v10g.SegmentOraclev10g" name="Segment2" directorySegmentName="seg_0" id="CF0CF955-F26F-0FE3-53FA-27086FAD4DC6">
<createdBy>oracle</createdBy>
<createdTime>2009-12-18 15:30:38 UTC</createdTime>
<ownerDesignName>hr_schema</ownerDesignName>
<maxTrans>255</maxTrans>
<scInitialExtent>65536</scInitialExtent>
<scMaxExtents>2147483645</scMaxExtents>
<scNextExtent>1048576</scNextExtent>
</SegmentOraclev10g>