<?xml version = '1.0' encoding = 'UTF-8'?>
<TableProxyOraclev11g class="oracle.dbtools.crest.model.design.storage.oracle.v11g.TableProxyOraclev11g" name="Rental_Agreement" directorySegmentName="seg_0" id="18784517-E8F6-3735-1798-0297E6BF25CC">
<createdBy>oracle</createdBy>
<createdTime>2014-02-14 01:41:14 UTC</createdTime>
<ownerDesignName>sol_17_01</ownerDesignName>
<logging>YES</logging>
<partitionList class="oracle.dbtools.crest.model.design.storage.oracle.v11g.PartitionListOraclev11g" name="PL1" id="3B978EA8-4B39-908A-E9E1-94DD2CC2724D">
<createdBy>oracle</createdBy>
<createdTime>2014-02-14 01:45:26 UTC</createdTime>
<ownerDesignName>sol_17_01</ownerDesignName>
<columnIDs>F378B0D3-2E64-2ECB-5A15-D9E18C29579C</columnIDs>
</partitionList>
<partitioned>YES</partitioned>
<partitionedRowMovement>DISABLE</partitionedRowMovement>
<temporaryChanged>false</temporaryChanged>
<user>FE4B6770-C918-BD5F-E527-FDAAEB8B342A</user>
<columnProxies itemClass="oracle.dbtools.crest.model.design.storage.oracle.v12c.ColumnProxyOraclev12c">
<ColumnProxy name="Driver&apos;s_License_State" id="026D12EA-1AF2-EC04-E7F5-C0F59227F65E">
<createdBy>oracle</createdBy>
<createdTime>2014-02-14 01:41:14 UTC</createdTime>
<ownerDesignName>sol_17_01</ownerDesignName>
</ColumnProxy>
<ColumnProxy name="Driver&apos;s_License_Number" id="086AEC1F-6999-4CFB-2105-7E2AF2FC0A2C">
<createdBy>oracle</createdBy>
<createdTime>2014-02-14 01:41:14 UTC</createdTime>
<ownerDesignName>sol_17_01</ownerDesignName>
</ColumnProxy>
<ColumnProxy name="Company_Number" id="2593B122-C7F4-21DA-A422-4F2EEB20E38E">
<createdBy>oracle</createdBy>
<createdTime>2014-02-14 01:41:14 UTC</createdTime>
<ownerDesignName>sol_17_01</ownerDesignName>
</ColumnProxy>
<ColumnProxy name="ID" id="42535DF6-AC9A-DBFB-D4AB-347FF50D7996">
<createdBy>oracle</createdBy>
<createdTime>2014-02-14 01:41:14 UTC</createdTime>
<ownerDesignName>sol_17_01</ownerDesignName>
</ColumnProxy>
<ColumnProxy name="Rate_Per_Mile" id="4A22B7E1-2ACF-6111-B5C3-3453F42BB24C">
<createdBy>oracle</createdBy>
<createdTime>2014-02-14 01:41:14 UTC</createdTime>
<ownerDesignName>sol_17_01</ownerDesignName>
</ColumnProxy>
<ColumnProxy name="Duration" id="4D9D2A0D-2F55-91F7-5AE1-B8148DB9CDAB">
<createdBy>oracle</createdBy>
<createdTime>2014-02-14 01:41:14 UTC</createdTime>
<ownerDesignName>sol_17_01</ownerDesignName>
</ColumnProxy>
<ColumnProxy name="Number" id="5D86612E-00C9-40A6-6569-70CF0ADF4ED9">
<createdBy>oracle</createdBy>
<createdTime>2014-02-14 01:41:14 UTC</createdTime>
<ownerDesignName>sol_17_01</ownerDesignName>
</ColumnProxy>
<ColumnProxy name="Deposit_Paid" id="A47C6F20-6965-2111-7342-19CF8A0FA6CC">
<createdBy>oracle</createdBy>
<createdTime>2014-02-14 01:41:14 UTC</createdTime>
<ownerDesignName>sol_17_01</ownerDesignName>
</ColumnProxy>
<ColumnProxy name="Office_Number" id="BF2B45B9-FF9C-DA55-B6EB-E76048C3A085">
<createdBy>oracle</createdBy>
<createdTime>2014-02-14 01:41:14 UTC</createdTime>
<ownerDesignName>sol_17_01</ownerDesignName>
</ColumnProxy>
<ColumnProxy name="Daily_Rental_Rate" id="E6AEB93F-7C5D-A352-7DA0-1EE138AB0F3D">
<createdBy>oracle</createdBy>
<createdTime>2014-02-14 01:41:14 UTC</createdTime>
<ownerDesignName>sol_17_01</ownerDesignName>
</ColumnProxy>
<ColumnProxy name="Date_of_Return" id="EEA6B799-D385-C893-37F5-10EEACF64FFD">
<createdBy>oracle</createdBy>
<createdTime>2014-02-14 01:41:14 UTC</createdTime>
<ownerDesignName>sol_17_01</ownerDesignName>
</ColumnProxy>
<ColumnProxy name="Date_of_Rental" id="F378B0D3-2E64-2ECB-5A15-D9E18C29579C">
<createdBy>oracle</createdBy>
<createdTime>2014-02-14 01:41:14 UTC</createdTime>
<ownerDesignName>sol_17_01</ownerDesignName>
</ColumnProxy>
</columnProxies>
<foreignKeys>
<ForeignKey class="oracle.dbtools.crest.model.design.storage.oracle.v10g.FKProxyOraclev10g" name="Relation_3" id="6FA7345A-A121-A768-5E89-425FE57D8131">
<createdBy>oracle</createdBy>
<createdTime>2014-02-14 01:41:14 UTC</createdTime>
<ownerDesignName>sol_17_01</ownerDesignName>
</ForeignKey>
<ForeignKey class="oracle.dbtools.crest.model.design.storage.oracle.v10g.FKProxyOraclev10g" name="Relation_7" id="7F79B43B-E2E5-69EF-7D8B-1943560CB511">
<createdBy>oracle</createdBy>
<createdTime>2014-02-14 01:41:14 UTC</createdTime>
<ownerDesignName>sol_17_01</ownerDesignName>
</ForeignKey>
<ForeignKey class="oracle.dbtools.crest.model.design.storage.oracle.v10g.FKProxyOraclev10g" name="Relation_2" id="80077618-933E-365A-870F-8FD3B2A8573A">
<createdBy>oracle</createdBy>
<createdTime>2014-02-14 01:41:14 UTC</createdTime>
<ownerDesignName>sol_17_01</ownerDesignName>
</ForeignKey>
<ForeignKey class="oracle.dbtools.crest.model.design.storage.oracle.v10g.FKProxyOraclev10g" name="Relation_4" id="AD3DD20C-4637-1624-80A7-52410B9D3EA4">
<createdBy>oracle</createdBy>
<createdTime>2014-02-14 01:41:14 UTC</createdTime>
<ownerDesignName>sol_17_01</ownerDesignName>
</ForeignKey>
</foreignKeys>
<partitions>
<Partition class="oracle.dbtools.crest.model.design.storage.oracle.v11g.PartitionOraclev11g" name="Before 2008 " id="717A459F-5071-45E8-6ABD-5A91E7AAF2CA">
<createdBy>oracle</createdBy>
<createdTime>2014-02-14 01:46:51 UTC</createdTime>
<ownerDesignName>sol_17_01</ownerDesignName>
<dataSegmentCompression>YES</dataSegmentCompression>
<logging>NO</logging>
<position>1</position>
<valueList>TO_DATE(&apos;2008-01-01&apos;,&apos;SYYYY-MM-DD&apos;) </valueList>
</Partition>
</partitions>
<primaryKeys>
<PrimaryKey class="oracle.dbtools.crest.model.design.storage.oracle.v10g.PKProxyOraclev10g" name="Rental_Agreement_PK" id="694F7336-2B73-68B5-CBB8-4D92C269EA6B">
<createdBy>oracle</createdBy>
<createdTime>2014-02-14 01:41:14 UTC</createdTime>
<ownerDesignName>sol_17_01</ownerDesignName>
<indexSort>SORTED</indexSort>
</PrimaryKey>
</primaryKeys>
</TableProxyOraclev11g>