<?xml version = '1.0' encoding = 'UTF-8'?>
<TableProxyOraclev11g class="oracle.dbtools.crest.model.design.storage.oracle.v11g.TableProxyOraclev11g" name="Individual" directorySegmentName="seg_0" id="30A96D3E-7613-89AD-6A51-3788C784D8E5">
<createdBy>oracle</createdBy>
<createdTime>2014-02-14 01:41:14 UTC</createdTime>
<ownerDesignName>sol_17_01</ownerDesignName>
<logging>YES</logging>
<partitionedRowMovement>DISABLE</partitionedRowMovement>
<temporaryChanged>false</temporaryChanged>
<user>FE4B6770-C918-BD5F-E527-FDAAEB8B342A</user>
<columnProxies itemClass="oracle.dbtools.crest.model.design.storage.oracle.v12c.ColumnProxyOraclev12c">
<ColumnProxy name="Phone" id="2BE743DB-BF35-8A89-627F-C34032AA9127">
<createdBy>oracle</createdBy>
<createdTime>2014-02-14 01:41:14 UTC</createdTime>
<ownerDesignName>sol_17_01</ownerDesignName>
</ColumnProxy>
<ColumnProxy name="First_Name" id="310D548D-F45B-2FA0-2A54-BCEBDA063DFB">
<createdBy>oracle</createdBy>
<createdTime>2014-02-14 01:41:14 UTC</createdTime>
<ownerDesignName>sol_17_01</ownerDesignName>
</ColumnProxy>
<ColumnProxy name="Address.Street" id="523A3816-D060-E075-FB41-2B1F2703021E">
<createdBy>oracle</createdBy>
<createdTime>2014-02-14 01:41:14 UTC</createdTime>
<ownerDesignName>sol_17_01</ownerDesignName>
</ColumnProxy>
<ColumnProxy name="Address" id="582DCE71-27BF-CEDD-A4EE-06ED83ABB257">
<createdBy>oracle</createdBy>
<createdTime>2014-02-14 01:41:14 UTC</createdTime>
<ownerDesignName>sol_17_01</ownerDesignName>
</ColumnProxy>
<ColumnProxy name="Expiration_Date" id="5BF494E2-08D2-B975-5179-5EF84554F642">
<createdBy>oracle</createdBy>
<createdTime>2014-02-14 01:41:14 UTC</createdTime>
<ownerDesignName>sol_17_01</ownerDesignName>
</ColumnProxy>
<ColumnProxy name="Driver&apos;s_License_State" id="61B88FFA-B192-9181-A8B1-E88C4C7075D8">
<createdBy>oracle</createdBy>
<createdTime>2014-02-14 01:41:14 UTC</createdTime>
<ownerDesignName>sol_17_01</ownerDesignName>
</ColumnProxy>
<ColumnProxy name="Address.Zip Code" id="7C7E91FE-7D76-2F6B-FABA-BB5FC98C9002">
<createdBy>oracle</createdBy>
<createdTime>2014-02-14 01:41:14 UTC</createdTime>
<ownerDesignName>sol_17_01</ownerDesignName>
</ColumnProxy>
<ColumnProxy name="Risk" id="7DBA52C3-9E98-4103-02C6-A9CDEFA64BC9">
<createdBy>oracle</createdBy>
<createdTime>2014-02-14 01:41:14 UTC</createdTime>
<ownerDesignName>sol_17_01</ownerDesignName>
</ColumnProxy>
<ColumnProxy name="Address.City" id="8999A71F-FF62-856F-BF06-7396244E4D56">
<createdBy>oracle</createdBy>
<createdTime>2014-02-14 01:41:14 UTC</createdTime>
<ownerDesignName>sol_17_01</ownerDesignName>
</ColumnProxy>
<ColumnProxy name="Last_Name" id="9812FF06-2D36-F3DD-398A-3F1550D54471">
<createdBy>oracle</createdBy>
<createdTime>2014-02-14 01:41:14 UTC</createdTime>
<ownerDesignName>sol_17_01</ownerDesignName>
</ColumnProxy>
<ColumnProxy name="Driver&apos;s_License_Number" id="9D41B6B0-E2A2-42D8-1F58-289AAA4E4CEF">
<createdBy>oracle</createdBy>
<createdTime>2014-02-14 01:41:14 UTC</createdTime>
<ownerDesignName>sol_17_01</ownerDesignName>
</ColumnProxy>
<ColumnProxy name="Address.State" id="E5F4AF62-AF3C-D6F9-138F-7402AD924CA0">
<createdBy>oracle</createdBy>
<createdTime>2014-02-14 01:41:14 UTC</createdTime>
<ownerDesignName>sol_17_01</ownerDesignName>
</ColumnProxy>
</columnProxies>
<primaryKeys>
<PrimaryKey class="oracle.dbtools.crest.model.design.storage.oracle.v10g.PKProxyOraclev10g" name="Individual_PK" id="229AD990-119E-0352-56C8-063306BD1867">
<createdBy>oracle</createdBy>
<createdTime>2014-02-14 01:41:14 UTC</createdTime>
<ownerDesignName>sol_17_01</ownerDesignName>
<indexSort>SORTED</indexSort>
</PrimaryKey>
</primaryKeys>
</TableProxyOraclev11g>