<?xml version = '1.0' encoding = 'UTF-8'?>
<TableProxyOraclev11g class="oracle.dbtools.crest.model.design.storage.oracle.v11g.TableProxyOraclev11g" name="Company" directorySegmentName="seg_0" id="D0079DBA-417E-5FFE-487E-2244F0BDBD7B">
<createdBy>oracle</createdBy>
<createdTime>2014-02-14 01:41:14 UTC</createdTime>
<ownerDesignName>sol_17_01</ownerDesignName>
<logging>YES</logging>
<partitionedRowMovement>DISABLE</partitionedRowMovement>
<temporaryChanged>false</temporaryChanged>
<user>FE4B6770-C918-BD5F-E527-FDAAEB8B342A</user>
<columnProxies itemClass="oracle.dbtools.crest.model.design.storage.oracle.v12c.ColumnProxyOraclev12c">
<ColumnProxy name="Address.City" id="2046630D-2F1A-5B50-D2D4-ADD31A09B412">
<createdBy>oracle</createdBy>
<createdTime>2014-02-14 01:41:14 UTC</createdTime>
<ownerDesignName>sol_17_01</ownerDesignName>
</ColumnProxy>
<ColumnProxy name="Address.Street" id="460E0226-8FE9-A574-BD43-58A2809711B8">
<createdBy>oracle</createdBy>
<createdTime>2014-02-14 01:41:14 UTC</createdTime>
<ownerDesignName>sol_17_01</ownerDesignName>
</ColumnProxy>
<ColumnProxy name="Address.State" id="4EBC6C0C-F283-58FD-5ADE-EC42C94323B6">
<createdBy>oracle</createdBy>
<createdTime>2014-02-14 01:41:14 UTC</createdTime>
<ownerDesignName>sol_17_01</ownerDesignName>
</ColumnProxy>
<ColumnProxy name="Name" id="54443B98-B4AF-80C1-0BB9-8EFC6F2FA4B8">
<createdBy>oracle</createdBy>
<createdTime>2014-02-14 01:41:14 UTC</createdTime>
<ownerDesignName>sol_17_01</ownerDesignName>
</ColumnProxy>
<ColumnProxy name="Address" id="54D3A91C-05A1-2E8C-5F57-5CC35D702C67">
<createdBy>oracle</createdBy>
<createdTime>2014-02-14 01:41:14 UTC</createdTime>
<ownerDesignName>sol_17_01</ownerDesignName>
</ColumnProxy>
<ColumnProxy name="Address.Zip Code" id="6BBF9159-F42F-4AC3-9C7F-6183272E9E5D">
<createdBy>oracle</createdBy>
<createdTime>2014-02-14 01:41:14 UTC</createdTime>
<ownerDesignName>sol_17_01</ownerDesignName>
</ColumnProxy>
<ColumnProxy name="Number" id="7F13D26A-C4AF-C2B3-DD9D-F52563459518">
<createdBy>oracle</createdBy>
<createdTime>2014-02-14 01:41:14 UTC</createdTime>
<ownerDesignName>sol_17_01</ownerDesignName>
</ColumnProxy>
</columnProxies>
<primaryKeys>
<PrimaryKey class="oracle.dbtools.crest.model.design.storage.oracle.v10g.PKProxyOraclev10g" name="Company_PK" id="CD7D0B98-3507-124E-71CD-2F972652B0DD">
<createdBy>oracle</createdBy>
<createdTime>2014-02-14 01:41:14 UTC</createdTime>
<ownerDesignName>sol_17_01</ownerDesignName>
<indexSort>SORTED</indexSort>
</PrimaryKey>
</primaryKeys>
</TableProxyOraclev11g>