<?xml version = '1.0' encoding = 'UTF-8'?>
<TableProxyOraclev11g class="oracle.dbtools.crest.model.design.storage.oracle.v11g.TableProxyOraclev11g" name="Vehicle_Type" directorySegmentName="seg_0" id="DF6E6EFF-782C-37E2-72B3-748979BB3948">
<createdBy>oracle</createdBy>
<createdTime>2014-02-14 01:41:14 UTC</createdTime>
<ownerDesignName>sol_17_01</ownerDesignName>
<logging>YES</logging>
<partitionedRowMovement>DISABLE</partitionedRowMovement>
<temporaryChanged>false</temporaryChanged>
<user>FE4B6770-C918-BD5F-E527-FDAAEB8B342A</user>
<columnProxies itemClass="oracle.dbtools.crest.model.design.storage.oracle.v12c.ColumnProxyOraclev12c">
<ColumnProxy name="Description" id="65F11D25-835F-8645-FA4A-8605086047A3">
<createdBy>oracle</createdBy>
<createdTime>2014-02-14 01:41:14 UTC</createdTime>
<ownerDesignName>sol_17_01</ownerDesignName>
</ColumnProxy>
<ColumnProxy name="Code" id="B1F95983-3709-9618-B244-9FBFB7C52A77">
<createdBy>oracle</createdBy>
<createdTime>2014-02-14 01:41:14 UTC</createdTime>
<ownerDesignName>sol_17_01</ownerDesignName>
</ColumnProxy>
</columnProxies>
<primaryKeys>
<PrimaryKey class="oracle.dbtools.crest.model.design.storage.oracle.v10g.PKProxyOraclev10g" name="Vehicle_Type_PK" id="3BDA325D-4D49-5786-A637-E58CB7ED0CED">
<createdBy>oracle</createdBy>
<createdTime>2014-02-14 01:41:14 UTC</createdTime>
<ownerDesignName>sol_17_01</ownerDesignName>
<indexSort>SORTED</indexSort>
</PrimaryKey>
</primaryKeys>
</TableProxyOraclev11g>