<?xml version = '1.0' encoding = 'UTF-8'?>
<TableProxyOraclev11g class="oracle.dbtools.crest.model.design.storage.oracle.v11g.TableProxyOraclev11g" name="Office" directorySegmentName="seg_0" id="F9EAA380-BFA7-1404-991E-81D7AE4CAA16">
<createdBy>oracle</createdBy>
<createdTime>2014-02-14 01:41:14 UTC</createdTime>
<ownerDesignName>sol_17_01</ownerDesignName>
<logging>YES</logging>
<partitionedRowMovement>DISABLE</partitionedRowMovement>
<temporaryChanged>false</temporaryChanged>
<user>FE4B6770-C918-BD5F-E527-FDAAEB8B342A</user>
<columnProxies itemClass="oracle.dbtools.crest.model.design.storage.oracle.v12c.ColumnProxyOraclev12c">
<ColumnProxy name="Number" id="066C22FF-3E1A-1A08-9D1E-7189D1988BFE">
<createdBy>oracle</createdBy>
<createdTime>2014-02-14 01:41:14 UTC</createdTime>
<ownerDesignName>sol_17_01</ownerDesignName>
</ColumnProxy>
<ColumnProxy name="Name" id="676C0DF2-DCB3-8C9F-B0AC-9E7D0E917A65">
<createdBy>oracle</createdBy>
<createdTime>2014-02-14 01:41:14 UTC</createdTime>
<ownerDesignName>sol_17_01</ownerDesignName>
</ColumnProxy>
<ColumnProxy name="Address" id="721A9575-3089-A911-9D04-E91D87F61831">
<createdBy>oracle</createdBy>
<createdTime>2014-02-14 01:41:14 UTC</createdTime>
<ownerDesignName>sol_17_01</ownerDesignName>
</ColumnProxy>
<ColumnProxy name="Address.City" id="79C00BA6-2EED-9671-4FA5-D7DF0D159C5E">
<createdBy>oracle</createdBy>
<createdTime>2014-02-14 01:41:14 UTC</createdTime>
<ownerDesignName>sol_17_01</ownerDesignName>
</ColumnProxy>
<ColumnProxy name="Address.State" id="8DEA93C3-C8D4-BA82-44AE-F49E292056CE">
<createdBy>oracle</createdBy>
<createdTime>2014-02-14 01:41:14 UTC</createdTime>
<ownerDesignName>sol_17_01</ownerDesignName>
</ColumnProxy>
<ColumnProxy name="Address.Street" id="98CFBD8E-38FD-863F-3BCB-81A842FFA973">
<createdBy>oracle</createdBy>
<createdTime>2014-02-14 01:41:14 UTC</createdTime>
<ownerDesignName>sol_17_01</ownerDesignName>
</ColumnProxy>
<ColumnProxy name="Address.Zip Code" id="C3D42ED0-87CD-16DC-F425-DBAD843E3306">
<createdBy>oracle</createdBy>
<createdTime>2014-02-14 01:41:14 UTC</createdTime>
<ownerDesignName>sol_17_01</ownerDesignName>
</ColumnProxy>
</columnProxies>
<primaryKeys>
<PrimaryKey class="oracle.dbtools.crest.model.design.storage.oracle.v10g.PKProxyOraclev10g" name="Office_PK" id="630458C4-8F13-B477-F897-1CDDAE2F0B99">
<createdBy>oracle</createdBy>
<createdTime>2014-02-14 01:41:14 UTC</createdTime>
<ownerDesignName>sol_17_01</ownerDesignName>
<indexSort>SORTED</indexSort>
</PrimaryKey>
</primaryKeys>
</TableProxyOraclev11g>