<?xml version = '1.0' encoding = 'UTF-8'?>
<StructuredType class="oracle.dbtools.crest.model.design.datatypes.StructuredType" name="emp_address_typ" directorySegmentName="seg_0" id="99E94568-CDB5-7B79-7F93-A5C7B30CE290">
<createdBy>oracle</createdBy>
<createdTime>2010-02-12 14:16:06 UTC</createdTime>
<ownerDesignName>sol_13_01</ownerDesignName>
<predefined>false</predefined>
<final>false</final>
<instantiable>true</instantiable>
<attributes itemClass="oracle.dbtools.crest.model.design.datatypes.TypeElement">
<Attribute name="Street" id="63BD2D22-2F3E-6EFE-48D0-87AC304D2EDE">
<createdBy>oracle</createdBy>
<createdTime>2010-02-12 14:16:49 UTC</createdTime>
<ownerDesignName>sol13-1</ownerDesignName>
<mandatory>false</mandatory>
<precision>0</precision>
<reference>false</reference>
<scale>0</scale>
<size>50</size>
<type>LOGDT024</type>
</Attribute>
<Attribute name="City" id="5D0F06AE-578E-8F86-8D4C-AEADE500EDF9">
<createdBy>oracle</createdBy>
<createdTime>2010-02-12 14:20:36 UTC</createdTime>
<ownerDesignName>sol13-1</ownerDesignName>
<mandatory>false</mandatory>
<precision>0</precision>
<reference>false</reference>
<scale>0</scale>
<size>50</size>
<type>LOGDT024</type>
</Attribute>
<Attribute name="State" id="A9BE8EDF-1AA5-337E-7D3C-3740BD8D6D94">
<createdBy>oracle</createdBy>
<createdTime>2010-02-12 14:20:50 UTC</createdTime>
<ownerDesignName>sol13-1</ownerDesignName>
<mandatory>false</mandatory>
<precision>0</precision>
<reference>false</reference>
<scale>0</scale>
<size>0</size>
<type>LOGDT025</type>
</Attribute>
<Attribute name="Zip Code" id="A519844E-6447-FA7E-E9DE-EA204D6FCC99">
<createdBy>oracle</createdBy>
<createdTime>2010-02-12 14:22:34 UTC</createdTime>
<ownerDesignName>sol13-1</ownerDesignName>
<mandatory>false</mandatory>
<precision>0</precision>
<reference>false</reference>
<scale>0</scale>
<size>11</size>
<type>LOGDT024</type>
</Attribute>
</attributes>
</StructuredType>