<?xml version = '1.0' encoding = 'UTF-8'?>
<FKIndexAssociation class="oracle.dbtools.crest.model.design.relational.FKIndexAssociation" directorySegmentName="seg_0" id="3038F2AC-A679-D1DC-3511-6C5DDCFC495A" name="Relation_3">
<createdBy>oracle</createdBy>
<createdTime>2014-02-12 20:54:36 UTC</createdTime>
<generatorID>456DB50B-32A1-598B-CA36-867E2B4A49B6</generatorID>
<ownerDesignName>sol_14_01</ownerDesignName>
<containerWithKeyObject>0B0E02FF-EFF9-4340-60CE-9B5360C710A3</containerWithKeyObject>
<deleteRule>NO ACTION</deleteRule>
<localFKIndex>21E659C5-EC9C-39D5-6CBD-4ED2FD222212</localFKIndex>
<keyObject>662976B3-7D88-F82F-1568-1DE2B2377BEB</keyObject>
<mandatory>true</mandatory>
<transferable>true</transferable>
<columnDependencyConstraintGenerateInDDL>true</columnDependencyConstraintGenerateInDDL>
</FKIndexAssociation>