<?xml version = '1.0' encoding = 'UTF-8'?>
<FKIndexAssociation class="oracle.dbtools.crest.model.design.relational.FKIndexAssociation" directorySegmentName="seg_0" id="6ADC7E9A-D3C0-F29C-A92E-69EA8AE5638E" name="Relation_11">
<createdBy>oracle</createdBy>
<createdTime>2014-02-12 20:54:36 UTC</createdTime>
<generatorID>D7DD1A13-82F0-9148-4F8D-84328F13ECBD</generatorID>
<ownerDesignName>sol_14_01</ownerDesignName>
<containerWithKeyObject>CFAAE336-27AD-08EA-D843-8F01652150E1</containerWithKeyObject>
<deleteRule>NO ACTION</deleteRule>
<localFKIndex>7980F0D8-44CC-2DB6-6AF8-DAC84038F469</localFKIndex>
<keyObject>0BF9287B-52D6-61B0-E323-35B7BD5EF081</keyObject>
<mandatory>true</mandatory>
<transferable>true</transferable>
<columnDependencyConstraintGenerateInDDL>true</columnDependencyConstraintGenerateInDDL>
</FKIndexAssociation>