<?xml version = '1.0' encoding = 'UTF-8'?>
<FKIndexAssociation class="oracle.dbtools.crest.model.design.relational.FKIndexAssociation" directorySegmentName="seg_0" id="82265BEF-71D0-9620-B78D-3858BCA65FD8" name="Relation_4">
<createdBy>oracle</createdBy>
<createdTime>2014-02-12 20:54:36 UTC</createdTime>
<generatorID>948FB387-CC90-FE61-7912-E43D9C0A4706</generatorID>
<ownerDesignName>sol_14_01</ownerDesignName>
<containerWithKeyObject>4CF3E672-8B23-CCF7-7F7D-CE99015479BD</containerWithKeyObject>
<deleteRule>NO ACTION</deleteRule>
<localFKIndex>9852256A-4666-1223-8B8A-4E3872F40B09</localFKIndex>
<keyObject>662976B3-7D88-F82F-1568-1DE2B2377BEB</keyObject>
<mandatory>true</mandatory>
<transferable>true</transferable>
<columnDependencyConstraintGenerateInDDL>true</columnDependencyConstraintGenerateInDDL>
</FKIndexAssociation>