<?xml version = '1.0' encoding = 'UTF-8'?>
<FKIndexAssociation class="oracle.dbtools.crest.model.design.relational.FKIndexAssociation" directorySegmentName="seg_0" id="86361DE0-90CB-9FFC-398B-8AF9AD95A743" name="Relation_10">
<createdBy>oracle</createdBy>
<createdTime>2014-02-12 20:54:36 UTC</createdTime>
<generatorID>ECD5D45F-CED9-2A31-5871-01842E5D99CF</generatorID>
<ownerDesignName>sol_14_01</ownerDesignName>
<containerWithKeyObject>9F1E313B-BAAD-ACC5-3E99-85A08D4883F0</containerWithKeyObject>
<deleteRule>NO ACTION</deleteRule>
<localFKIndex>1D25ECB0-AAFE-D81B-6D79-86BD5263B011</localFKIndex>
<keyObject>288DFE34-29E1-ECB9-6061-79F99A45FDA7</keyObject>
<mandatory>true</mandatory>
<transferable>true</transferable>
<columnDependencyConstraintGenerateInDDL>true</columnDependencyConstraintGenerateInDDL>
</FKIndexAssociation>