<?xml version = '1.0' encoding = 'UTF-8'?>
<FKIndexAssociation class="oracle.dbtools.crest.model.design.relational.FKIndexAssociation" directorySegmentName="seg_0" id="97721C70-70FF-D19B-0DDE-CE4E6370295A" name="Relation_6">
<createdBy>oracle</createdBy>
<createdTime>2014-02-12 20:54:36 UTC</createdTime>
<generatorID>404E6EEE-DB88-C6CA-55AC-BBBCB11650B3</generatorID>
<ownerDesignName>sol_14_01</ownerDesignName>
<arc>34CF33C4-C2BE-27C3-1D85-C2BA20C926E0</arc>
<containerWithKeyObject>0B0E02FF-EFF9-4340-60CE-9B5360C710A3</containerWithKeyObject>
<deleteRule>NO ACTION</deleteRule>
<localFKIndex>ABD8CC6F-886C-6A33-C13A-389EC3F5D00C</localFKIndex>
<keyObject>9F47D165-8321-41EB-2EBA-A48BBAFBFDCA</keyObject>
<mandatory>false</mandatory>
<transferable>true</transferable>
<columnDependencyConstraintGenerateInDDL>true</columnDependencyConstraintGenerateInDDL>
</FKIndexAssociation>