<?xml version = '1.0' encoding = 'UTF-8'?>
<FKIndexAssociation class="oracle.dbtools.crest.model.design.relational.FKIndexAssociation" directorySegmentName="seg_0" id="AAC91220-EA1D-1DA1-209B-F6CB4D809297" name="Relation_2">
<createdBy>oracle</createdBy>
<createdTime>2014-02-12 20:54:36 UTC</createdTime>
<generatorID>593359B4-6EFA-2174-4B47-AE513D0F0E67</generatorID>
<ownerDesignName>sol_14_01</ownerDesignName>
<arc>34CF33C4-C2BE-27C3-1D85-C2BA20C926E0</arc>
<containerWithKeyObject>0B0E02FF-EFF9-4340-60CE-9B5360C710A3</containerWithKeyObject>
<deleteRule>NO ACTION</deleteRule>
<localFKIndex>E0CF8B7E-D033-FB63-E6BF-BC1E85E392B6</localFKIndex>
<keyObject>962570BE-3E76-0324-8A1B-720709D353FB</keyObject>
<mandatory>false</mandatory>
<transferable>true</transferable>
<columnDependencyConstraintGenerateInDDL>true</columnDependencyConstraintGenerateInDDL>
</FKIndexAssociation>