<?xml version = '1.0' encoding = 'UTF-8'?>
<FKIndexAssociation class="oracle.dbtools.crest.model.design.relational.FKIndexAssociation" directorySegmentName="seg_0" id="C2014A14-8197-1B97-C01A-586D1FAAC92D" name="Relation_9">
<createdBy>oracle</createdBy>
<createdTime>2014-02-12 20:54:36 UTC</createdTime>
<generatorID>FE4C8154-2F2B-9385-AB82-6E393B341B29</generatorID>
<ownerDesignName>sol_14_01</ownerDesignName>
<containerWithKeyObject>BA141405-E536-359E-163B-679DED1F7A7E</containerWithKeyObject>
<deleteRule>NO ACTION</deleteRule>
<localFKIndex>0A5A4D26-6B62-AB62-DB79-62C5E4401D2D</localFKIndex>
<keyObject>288DFE34-29E1-ECB9-6061-79F99A45FDA7</keyObject>
<mandatory>true</mandatory>
<transferable>true</transferable>
<columnDependencyConstraintGenerateInDDL>true</columnDependencyConstraintGenerateInDDL>
</FKIndexAssociation>