<?xml version = '1.0' encoding = 'UTF-8'?>
<FKIndexAssociation class="oracle.dbtools.crest.model.design.relational.FKIndexAssociation" directorySegmentName="seg_0" id="CEE83E04-10DC-A678-3FC9-52E35DCFB8DA" name="Relation_8">
<createdBy>oracle</createdBy>
<createdTime>2014-02-12 20:54:36 UTC</createdTime>
<generatorID>C1D3D3A8-FAF7-36B6-8349-927969E22AC2</generatorID>
<ownerDesignName>sol_14_01</ownerDesignName>
<containerWithKeyObject>BA141405-E536-359E-163B-679DED1F7A7E</containerWithKeyObject>
<deleteRule>NO ACTION</deleteRule>
<localFKIndex>E8920EF4-4516-4C32-E488-BBD82DBE07CD</localFKIndex>
<keyObject>FD5DAC27-2AEB-EEEB-0481-25E50D81091A</keyObject>
<mandatory>true</mandatory>
<transferable>true</transferable>
<columnDependencyConstraintGenerateInDDL>true</columnDependencyConstraintGenerateInDDL>
</FKIndexAssociation>