<?xml version = '1.0' encoding = 'UTF-8'?>
<FKIndexAssociation class="oracle.dbtools.crest.model.design.relational.FKIndexAssociation" directorySegmentName="seg_0" id="E9C3687C-8D7D-DE8B-B78B-EA008731F717" name="Relation_7">
<createdBy>oracle</createdBy>
<createdTime>2014-02-12 20:54:36 UTC</createdTime>
<generatorID>635F91C1-B12A-CBD4-002F-3EA5E7F3125B</generatorID>
<ownerDesignName>sol_14_01</ownerDesignName>
<containerWithKeyObject>0B0E02FF-EFF9-4340-60CE-9B5360C710A3</containerWithKeyObject>
<deleteRule>NO ACTION</deleteRule>
<localFKIndex>B2C5115C-34DC-E695-49CD-EC79E7930A5D</localFKIndex>
<keyObject>615A6FD8-2C00-5490-8D87-39F3E8D49DC0</keyObject>
<mandatory>true</mandatory>
<transferable>true</transferable>
<columnDependencyConstraintGenerateInDDL>true</columnDependencyConstraintGenerateInDDL>
</FKIndexAssociation>