<?xml version = '1.0' encoding = 'UTF-8'?>
<FKIndexAssociation class="oracle.dbtools.crest.model.design.relational.FKIndexAssociation" directorySegmentName="seg_0" id="EB78FD88-1F0B-F9F4-1107-B29E131D5191" name="Relation_5">
<createdBy>oracle</createdBy>
<createdTime>2014-02-12 20:54:36 UTC</createdTime>
<generatorID>204FBB8E-CB06-E8EF-C8CE-2955354EDB3A</generatorID>
<ownerDesignName>sol_14_01</ownerDesignName>
<containerWithKeyObject>4CF3E672-8B23-CCF7-7F7D-CE99015479BD</containerWithKeyObject>
<deleteRule>NO ACTION</deleteRule>
<localFKIndex>77223913-14E0-C8A5-037C-C3407D9D29A7</localFKIndex>
<keyObject>3E9CA60E-06C1-6F59-AE30-14BEC3B076B6</keyObject>
<mandatory>true</mandatory>
<transferable>true</transferable>
<columnDependencyConstraintGenerateInDDL>true</columnDependencyConstraintGenerateInDDL>
</FKIndexAssociation>