<?xml version = '1.0' encoding = 'UTF-8'?>
<Relation class="oracle.dbtools.crest.model.design.logical.Relation" name="INVENTORIES_WAREHOUSES_FK" directorySegmentName="seg_0" id="0760491A-2244-CE74-997A-213AF33B0A3B">
<createdBy>meyoung</createdBy>
<createdTime>2011-06-16 14:41:04 UTC</createdTime>
<generatorID>15DC9EF1-C467-AD4E-E645-23B0E8DFF52A</generatorID>
<ownerDesignName>OE_Sample</ownerDesignName>
<engineerTo>
<item key="D1800CBB-9A7B-6127-AF51-2394CB8AF1DA" value="true"/>
</engineerTo>
<sourcePk>696307CA-5E16-D296-7FBA-90E118862B4E</sourcePk>
<identifying>true</identifying>
<optionalSource>true</optionalSource>
<optionalTarget>false</optionalTarget>
<sourceCardinality>1</sourceCardinality>
<sourceEntity>DCAAC411-FB83-FC72-E2F3-CECB9F0C4F64</sourceEntity>
<targetCardinalityString>*</targetCardinalityString>
<targetEntity>F2F8617F-255A-80A8-ED0B-8342EC03BB7F</targetEntity>
<transferable>true</transferable>
</Relation>