<?xml version = '1.0' encoding = 'UTF-8'?>
<Relation class="oracle.dbtools.crest.model.design.logical.Relation" name="ORDER_ITEMS_PRODUCT_ID_FK" directorySegmentName="seg_0" id="17A7A3B2-2688-1AFA-3489-398C9E6EE639">
<createdBy>meyoung</createdBy>
<createdTime>2011-06-16 14:41:04 UTC</createdTime>
<generatorID>453C89CE-584D-36BD-FABB-8646C66944F6</generatorID>
<ownerDesignName>OE_Sample</ownerDesignName>
<engineerTo>
<item key="D1800CBB-9A7B-6127-AF51-2394CB8AF1DA" value="true"/>
</engineerTo>
<sourcePk>CE489DEA-FF0B-BF82-4552-9C499A2E2DC3</sourcePk>
<identifying>false</identifying>
<optionalSource>true</optionalSource>
<optionalTarget>false</optionalTarget>
<sourceCardinality>1</sourceCardinality>
<sourceEntity>1FB25D42-3B9B-1FCB-1385-0E6C9E1FD958</sourceEntity>
<targetCardinalityString>*</targetCardinalityString>
<targetEntity>B6C465AE-FF41-0029-652D-C2CAAED37AAC</targetEntity>
<transferable>true</transferable>
</Relation>