<?xml version = '1.0' encoding = 'UTF-8'?>
<Relation class="oracle.dbtools.crest.model.design.logical.Relation" name="PD_PRODUCT_ID_FK" directorySegmentName="seg_0" id="502D6D51-D35B-91A0-FBAF-9F38706D7093">
<createdBy>meyoung</createdBy>
<createdTime>2011-06-16 14:41:04 UTC</createdTime>
<generatorID>A456E521-562E-8042-CC0E-0CB62624702A</generatorID>
<ownerDesignName>OE_Sample</ownerDesignName>
<engineerTo>
<item key="D1800CBB-9A7B-6127-AF51-2394CB8AF1DA" value="true"/>
</engineerTo>
<sourcePk>CE489DEA-FF0B-BF82-4552-9C499A2E2DC3</sourcePk>
<identifying>true</identifying>
<optionalSource>true</optionalSource>
<optionalTarget>false</optionalTarget>
<sourceCardinality>1</sourceCardinality>
<sourceEntity>1FB25D42-3B9B-1FCB-1385-0E6C9E1FD958</sourceEntity>
<targetCardinalityString>*</targetCardinalityString>
<targetEntity>F2235EFB-9DA6-849D-698A-06534E4482EB</targetEntity>
<transferable>true</transferable>
</Relation>