<?xml version = '1.0' encoding = 'UTF-8'?>
<Relation class="oracle.dbtools.crest.model.design.logical.Relation" name="INVENTORIES_PRODUCT_ID_FK" directorySegmentName="seg_0" id="C1211BAD-2D78-C203-1742-FE310FF3B403">
<createdBy>meyoung</createdBy>
<createdTime>2011-06-16 14:41:04 UTC</createdTime>
<generatorID>9E8D8D83-2144-C166-E9E8-716BC4748270</generatorID>
<ownerDesignName>OE_Sample</ownerDesignName>
<engineerTo>
<item key="D1800CBB-9A7B-6127-AF51-2394CB8AF1DA" value="true"/>
</engineerTo>
<sourcePk>CE489DEA-FF0B-BF82-4552-9C499A2E2DC3</sourcePk>
<identifying>true</identifying>
<optionalSource>true</optionalSource>
<optionalTarget>false</optionalTarget>
<sourceCardinality>1</sourceCardinality>
<sourceEntity>1FB25D42-3B9B-1FCB-1385-0E6C9E1FD958</sourceEntity>
<targetCardinalityString>*</targetCardinalityString>
<targetEntity>F2F8617F-255A-80A8-ED0B-8342EC03BB7F</targetEntity>
<transferable>true</transferable>
</Relation>