<?xml version = '1.0' encoding = 'UTF-8'?>
<Relation class="oracle.dbtools.crest.model.design.logical.Relation" name="ORDERS_CUSTOMER_ID_FK" directorySegmentName="seg_0" id="E239A828-074D-C98A-FD13-2E2C79D00977">
<createdBy>meyoung</createdBy>
<createdTime>2011-06-16 14:41:04 UTC</createdTime>
<generatorID>2827F084-E7D2-4036-3797-010255A11868</generatorID>
<ownerDesignName>OE_Sample</ownerDesignName>
<engineerTo>
<item key="D1800CBB-9A7B-6127-AF51-2394CB8AF1DA" value="true"/>
</engineerTo>
<sourcePk>92C6167F-33E1-E0E7-CF80-21473EF9D23A</sourcePk>
<identifying>false</identifying>
<optionalSource>true</optionalSource>
<optionalTarget>false</optionalTarget>
<sourceCardinality>1</sourceCardinality>
<sourceEntity>F6B96DAE-69D4-79F5-9DCF-D194301AFA33</sourceEntity>
<targetCardinalityString>*</targetCardinalityString>
<targetEntity>F3323D63-5DC1-6A1D-4284-1777A84A9E9B</targetEntity>
<transferable>true</transferable>
</Relation>