<?xml version = '1.0' encoding = 'UTF-8'?>
<Relation class="oracle.dbtools.crest.model.design.logical.Relation" name="ORDER_ITEMS_ORDER_ID_FK" directorySegmentName="seg_0" id="EB2105F7-2315-01B5-9B97-52E7CB94356A">
<createdBy>meyoung</createdBy>
<createdTime>2011-06-16 14:41:04 UTC</createdTime>
<generatorID>14334A30-FCE2-2859-86A9-DE9A3BC9BD19</generatorID>
<ownerDesignName>OE_Sample</ownerDesignName>
<engineerTo>
<item key="D1800CBB-9A7B-6127-AF51-2394CB8AF1DA" value="true"/>
</engineerTo>
<sourcePk>64D79A0D-AEBA-4C8B-E35A-E95C09562335</sourcePk>
<identifying>true</identifying>
<optionalSource>false</optionalSource>
<optionalTarget>false</optionalTarget>
<sourceCardinality>1</sourceCardinality>
<sourceEntity>F3323D63-5DC1-6A1D-4284-1777A84A9E9B</sourceEntity>
<targetCardinalityString>*</targetCardinalityString>
<targetEntity>B6C465AE-FF41-0029-652D-C2CAAED37AAC</targetEntity>
<transferable>true</transferable>
</Relation>