<?xml version = '1.0' encoding = 'UTF-8'?>
<Relation class="oracle.dbtools.crest.model.design.logical.InheritanceRelation" name="Hierarchy_2" directorySegmentName="seg_0" id="F70067C0-4964-5F22-E063-C9F7B87C2A24">
<createdBy>oracle</createdBy>
<createdTime>2009-12-08 15:05:58 UTC</createdTime>
<ownerDesignName>lab12-5</ownerDesignName>
<engineerTo>
<item key="8AE5E53E-8372-8DFA-5DED-F0FF639897E2" value="true"/>
</engineerTo>
<identifying>false</identifying>
<nameOnSource>Super Type</nameOnSource>
<nameOnTarget>Sub Type</nameOnTarget>
<optionalSource>true</optionalSource>
<optionalTarget>true</optionalTarget>
<sourceEntity>E6958574-63BB-DAAB-B042-CB0F42D6833A</sourceEntity>
<targetEntity>4F68BFCA-83AF-4B32-7E00-772B5271C090</targetEntity>
<transferable>true</transferable>
</Relation>