<?xml version = '1.0' encoding = 'UTF-8'?>
<Diagram class="oracle.dbtools.crest.swingui.relational.DPVRelational" name="Relational_1" id="E65EB4B0-697E-A0F7-DDBD-49DFB1B34A48">
<createdBy>oracle</createdBy>
<createdTime>2011-11-14 09:52:45 UTC</createdTime>
<autoRoute>false</autoRoute>
<boxInbox>true</boxInbox>
<showLegend>false</showLegend>
<showLabels>false</showLabels>
<showRelAttributes>false</showRelAttributes>
<showGrid>false</showGrid>
<diagramColor>-1</diagramColor>
<display>false</display>
<notation>1</notation>
<objectViews>
<OView class="oracle.dbtools.crest.swingui.relational.TVTable" oid="01D7F57F-D731-0799-E4BB-ADE1DD00F595" otype="Table" vid="F08C253B-7877-4AD5-1CF6-B078291DDD19">
<hideElementsInCurrentOnly>false</hideElementsInCurrentOnly>
<bounds x="427" y="20" width="234" height="105"/>
</OView>
<OView class="oracle.dbtools.crest.swingui.relational.TVTable" oid="4ABD819C-0606-92EB-1F8C-ECE70C2476E6" otype="Table" vid="6221DCC9-8B26-520C-4D63-0BBD81214A15">
<hideElementsInCurrentOnly>false</hideElementsInCurrentOnly>
<bounds x="21" y="808" width="240" height="75"/>
</OView>
<OView class="oracle.dbtools.crest.swingui.relational.TVTable" oid="6A7D5A36-EFB3-AC42-36F6-176EE28443EB" otype="Table" vid="863286A0-C40E-8B8D-D1D9-1A65F678DECD">
<hideElementsInCurrentOnly>false</hideElementsInCurrentOnly>
<bounds x="20" y="20" width="311" height="162"/>
</OView>
<OView class="oracle.dbtools.crest.swingui.relational.TVTable" oid="8922B3E0-D0F5-7CCD-E8EC-9387A97B3E90" otype="Table" vid="1EC31D68-ECB1-1966-114E-56C3CEF78BEA">
<hideElementsInCurrentOnly>false</hideElementsInCurrentOnly>
<bounds x="20" y="242" width="272" height="119"/>
</OView>
<OView class="oracle.dbtools.crest.swingui.relational.TVTable" oid="899B33D1-929D-7AAB-0518-357998432A49" otype="Table" vid="433BB5C2-B48D-40A9-10A8-23D662B06824">
<hideElementsInCurrentOnly>false</hideElementsInCurrentOnly>
<bounds x="21" y="658" width="253" height="90"/>
</OView>
<OView class="oracle.dbtools.crest.swingui.relational.TVTable" oid="BFE0AFBC-5FAA-935D-FAAB-82DEE0543442" otype="Table" vid="C0008D36-FDE6-30DD-D55C-6C7AC66A2892">
<hideElementsInCurrentOnly>false</hideElementsInCurrentOnly>
<bounds x="372" y="242" width="258" height="280"/>
</OView>
<OView class="oracle.dbtools.crest.swingui.relational.TVTable" oid="C1253BC7-8C4F-A116-9933-A6B677CD0665" otype="Table" vid="2F7A7716-E274-197A-7EF0-140863E1AA33">
<hideElementsInCurrentOnly>false</hideElementsInCurrentOnly>
<bounds x="21" y="421" width="267" height="177"/>
</OView>
</objectViews>
<connectors>
<Connector class="oracle.dbtools.crest.swingui.relational.TVFKRelation" oid="2563F683-7D47-3D67-03A4-8E4632A33776" otype="FKIndexAssociation" vid_source="C0008D36-FDE6-30DD-D55C-6C7AC66A2892" vid_target="C0008D36-FDE6-30DD-D55C-6C7AC66A2892">
<hideElementsInCurrentOnly>false</hideElementsInCurrentOnly>
<lineWidth>1</lineWidth>
<points>
<point x="372" y="242"/>
<point x="645" y="382"/>
<point x="645" y="537"/>
<point x="501" y="537"/>
<point x="372" y="242"/>
</points>
</Connector>
<Connector class="oracle.dbtools.crest.swingui.relational.TVFKRelation" oid="37C4E0A5-3E7F-6DC6-78C6-BC850AC65DBD" otype="FKIndexAssociation" vid_source="F08C253B-7877-4AD5-1CF6-B078291DDD19" vid_target="863286A0-C40E-8B8D-D1D9-1A65F678DECD">
<hideElementsInCurrentOnly>false</hideElementsInCurrentOnly>
<lineWidth>1</lineWidth>
<points>
<point x="427" y="93"/>
<point x="319" y="93"/>
<point x="319" y="122"/>
<point x="331" y="101"/>
</points>
</Connector>
<Connector class="oracle.dbtools.crest.swingui.relational.TVFKRelation" oid="41BC346C-19DB-A81F-DF06-9CAF3682CF25" otype="FKIndexAssociation" vid_source="C0008D36-FDE6-30DD-D55C-6C7AC66A2892" vid_target="863286A0-C40E-8B8D-D1D9-1A65F678DECD">
<hideElementsInCurrentOnly>false</hideElementsInCurrentOnly>
<lineWidth>1</lineWidth>
<points>
<point x="372" y="361"/>
<point x="346" y="361"/>
<point x="350" y="150"/>
<point x="331" y="150"/>
</points>
</Connector>
<Connector class="oracle.dbtools.crest.swingui.relational.TVFKRelation" oid="559A3B81-707B-E8B3-73F2-257A18A7BAD0" otype="FKIndexAssociation" vid_source="C0008D36-FDE6-30DD-D55C-6C7AC66A2892" vid_target="1EC31D68-ECB1-1966-114E-56C3CEF78BEA">
<hideElementsInCurrentOnly>false</hideElementsInCurrentOnly>
<lineWidth>1</lineWidth>
<points>
<point x="372" y="242"/>
<point x="332" y="375"/>
<point x="332" y="294"/>
<point x="20" y="242"/>
</points>
</Connector>
<Connector class="oracle.dbtools.crest.swingui.relational.TVFKRelation" oid="6D16D30B-EEAB-0692-4B81-1A3325E6EC6F" otype="FKIndexAssociation" vid_source="F08C253B-7877-4AD5-1CF6-B078291DDD19" vid_target="C0008D36-FDE6-30DD-D55C-6C7AC66A2892">
<hideElementsInCurrentOnly>false</hideElementsInCurrentOnly>
<lineWidth>1</lineWidth>
<points>
<point x="427" y="20"/>
<point x="523" y="204"/>
<point x="480" y="204"/>
<point x="372" y="242"/>
</points>
</Connector>
<Connector class="oracle.dbtools.crest.swingui.relational.TVFKRelation" oid="74EE2001-F76E-D5A8-BE2D-20D5475CEB63" otype="FKIndexAssociation" vid_source="2F7A7716-E274-197A-7EF0-140863E1AA33" vid_target="1EC31D68-ECB1-1966-114E-56C3CEF78BEA">
<hideElementsInCurrentOnly>false</hideElementsInCurrentOnly>
<lineWidth>1</lineWidth>
<points>
<point x="21" y="421"/>
<point x="161" y="413"/>
<point x="163" y="413"/>
<point x="20" y="242"/>
</points>
</Connector>
<Connector class="oracle.dbtools.crest.swingui.relational.TVFKRelation" oid="9AA06AC6-7D6A-C00A-40F2-E5FC359C5BA2" otype="FKIndexAssociation" vid_source="1EC31D68-ECB1-1966-114E-56C3CEF78BEA" vid_target="863286A0-C40E-8B8D-D1D9-1A65F678DECD">
<hideElementsInCurrentOnly>false</hideElementsInCurrentOnly>
<lineWidth>1</lineWidth>
<points>
<point x="135" y="242"/>
<point x="135" y="211"/>
<point x="162" y="211"/>
<point x="162" y="182"/>
</points>
</Connector>
<Connector class="oracle.dbtools.crest.swingui.relational.TVFKRelation" oid="BF7116A8-94ED-F999-E5F8-F8C076EBC695" otype="FKIndexAssociation" vid_source="433BB5C2-B48D-40A9-10A8-23D662B06824" vid_target="2F7A7716-E274-197A-7EF0-140863E1AA33">
<hideElementsInCurrentOnly>false</hideElementsInCurrentOnly>
<lineWidth>1</lineWidth>
<points>
<point x="21" y="658"/>
<point x="147" y="584"/>
<point x="154" y="584"/>
<point x="21" y="421"/>
</points>
</Connector>
<Connector class="oracle.dbtools.crest.swingui.relational.TVFKRelation" oid="E62ACA8A-F2F0-3013-F7B2-D606F75FB22E" otype="FKIndexAssociation" vid_source="1EC31D68-ECB1-1966-114E-56C3CEF78BEA" vid_target="C0008D36-FDE6-30DD-D55C-6C7AC66A2892">
<hideElementsInCurrentOnly>false</hideElementsInCurrentOnly>
<lineWidth>1</lineWidth>
<points>
<point x="20" y="242"/>
<point x="325" y="308"/>
<point x="325" y="389"/>
<point x="372" y="242"/>
</points>
</Connector>
<Connector class="oracle.dbtools.crest.swingui.relational.TVFKRelation" oid="FFC93A7E-85FD-0694-0BB2-00603FAFD7AC" otype="FKIndexAssociation" vid_source="6221DCC9-8B26-520C-4D63-0BBD81214A15" vid_target="433BB5C2-B48D-40A9-10A8-23D662B06824">
<hideElementsInCurrentOnly>false</hideElementsInCurrentOnly>
<lineWidth>1</lineWidth>
<points>
<point x="21" y="808"/>
<point x="141" y="770"/>
<point x="147" y="770"/>
<point x="21" y="658"/>
</points>
</Connector>
</connectors>
</Diagram>