<?xml version = '1.0' encoding = 'UTF-8'?>
<Table class="oracle.dbtools.crest.model.design.relational.Table" directorySegmentName="seg_0" id="10A86985-48EC-C6B3-8CD5-71A664C51682" name="COUNTRIES">
<createdBy>oracle</createdBy>
<createdTime>2009-12-18 15:30:38 UTC</createdTime>
<commentInRDBMS>country table. Contains 25 rows. References with locations table.</commentInRDBMS>
<ownerDesignName>hr_schema</ownerDesignName>
<schemaObject>91BBC53F-E145-664F-70A0-ED96283330FD</schemaObject>
<columns itemClass="oracle.dbtools.crest.model.design.relational.Column">
<Column name="COUNTRY_ID" id="015CB459-C878-2004-C3BE-34EDFE0504A4">
<createdBy>oracle</createdBy>
<createdTime>2009-12-18 15:30:38 UTC</createdTime>
<commentInRDBMS>Primary key of countries table.</commentInRDBMS>
<ownerDesignName>hr_schema</ownerDesignName>
<useDomainConstraints>false</useDomainConstraints>
<use>1</use>
<logicalDatatype>LOGDT025</logicalDatatype>
<dataTypeSize>2 BYTE</dataTypeSize>
</Column>
<Column name="COUNTRY_NAME" id="D7083DBB-12E8-F9F9-067E-B080C2D67B56">
<createdBy>oracle</createdBy>
<createdTime>2009-12-18 15:30:38 UTC</createdTime>
<commentInRDBMS>Country name</commentInRDBMS>
<ownerDesignName>hr_schema</ownerDesignName>
<nullsAllowed>true</nullsAllowed>
<useDomainConstraints>false</useDomainConstraints>
<use>1</use>
<logicalDatatype>LOGDT024</logicalDatatype>
<dataTypeSize>40 BYTE</dataTypeSize>
</Column>
<Column name="REGION_ID" id="F1D7DAFC-BDA5-1E88-1CA7-FDCE429FD92C">
<createdBy>oracle</createdBy>
<createdTime>2009-12-18 15:30:38 UTC</createdTime>
<commentInRDBMS>Region ID for the country. Foreign key to region_id column in the departments table.</commentInRDBMS>
<ownerDesignName>hr_schema</ownerDesignName>
<nullsAllowed>true</nullsAllowed>
<useDomainConstraints>false</useDomainConstraints>
<use>1</use>
<logicalDatatype>LOGDT019</logicalDatatype>
<delegate>6E23BBFE-A37F-3483-1B8C-080CC0AA68AB</delegate>
<associations>
<colAssociation fkAssociation="7800CE7E-104D-0494-6732-2119D4932CAB" referredColumn="6E23BBFE-A37F-3483-1B8C-080CC0AA68AB"/>
</associations>
</Column>
</columns>
<indexes itemClass="oracle.dbtools.crest.model.design.relational.Index">
<ind_PK_UK id="6B2D0E8C-C3D3-740D-9220-5B43390A1500" name="COUNTRY_C_ID_PK">
<createdBy>oracle</createdBy>
<createdTime>2009-12-18 15:30:38 UTC</createdTime>
<ownerDesignName>hr_schema</ownerDesignName>
<pk>true</pk>
<indexState>Primary Constraint</indexState>
<indexColumnUsage>
<colUsage columnID="015CB459-C878-2004-C3BE-34EDFE0504A4"/>
</indexColumnUsage>
</ind_PK_UK>
<ind_PK_UK id="5294AC31-53EF-FBA1-32E2-6EB0B70D7C03" name="COUNTR_REG_FK">
<createdBy>oracle</createdBy>
<createdTime>2009-12-18 15:30:39 UTC</createdTime>
<ownerDesignName>hr_schema</ownerDesignName>
<indexState>Foreign Key</indexState>
<indexColumnUsage>
<colUsage columnID="F1D7DAFC-BDA5-1E88-1CA7-FDCE429FD92C"/>
</indexColumnUsage>
</ind_PK_UK>
</indexes>
</Table>