<?xml version = '1.0' encoding = 'UTF-8'?>
<Table class="oracle.dbtools.crest.model.design.relational.Table" directorySegmentName="seg_0" id="2168CBE7-8512-43AF-48C7-517B0CF601DA" name="DEPARTMENTS">
<createdBy>oracle</createdBy>
<createdTime>2009-12-18 15:30:38 UTC</createdTime>
<commentInRDBMS>Departments table that shows details of departments where employees&lt;br&gt;work. Contains 27 rows; references with locations, employees, and job_history tables.</commentInRDBMS>
<ownerDesignName>hr_schema</ownerDesignName>
<schemaObject>91BBC53F-E145-664F-70A0-ED96283330FD</schemaObject>
<columns itemClass="oracle.dbtools.crest.model.design.relational.Column">
<Column name="DEPARTMENT_ID" id="DF28A083-70FD-FDD7-AC56-B04337F67123">
<createdBy>oracle</createdBy>
<createdTime>2009-12-18 15:30:38 UTC</createdTime>
<commentInRDBMS>Primary key column of departments table.</commentInRDBMS>
<ownerDesignName>hr_schema</ownerDesignName>
<useDomainConstraints>false</useDomainConstraints>
<use>1</use>
<logicalDatatype>LOGDT019</logicalDatatype>
<dataTypePrecision>4</dataTypePrecision>
</Column>
<Column name="DEPARTMENT_NAME" id="453BE916-7F76-A511-6701-F5915743AFE2">
<createdBy>oracle</createdBy>
<createdTime>2009-12-18 15:30:38 UTC</createdTime>
<commentInRDBMS>A not null column that shows name of a department. Administration,&lt;br&gt;Marketing, Purchasing, Human Resources, Shipping, IT, Executive, Public&lt;br&gt;Relations, Sales, Finance, and Accounting. </commentInRDBMS>
<ownerDesignName>hr_schema</ownerDesignName>
<useDomainConstraints>false</useDomainConstraints>
<use>1</use>
<logicalDatatype>LOGDT024</logicalDatatype>
<dataTypeSize>30 BYTE</dataTypeSize>
</Column>
<Column name="MANAGER_ID" id="35B7AE12-E62D-2ACD-657E-2AAD9221A0D8">
<createdBy>oracle</createdBy>
<createdTime>2009-12-18 15:30:38 UTC</createdTime>
<commentInRDBMS>Manager_id of a department. Foreign key to employee_id column of employees table. The manager_id column of the employee table references this column.</commentInRDBMS>
<ownerDesignName>hr_schema</ownerDesignName>
<nullsAllowed>true</nullsAllowed>
<useDomainConstraints>false</useDomainConstraints>
<use>1</use>
<logicalDatatype>LOGDT019</logicalDatatype>
<dataTypePrecision>6</dataTypePrecision>
<delegate>51D57A81-11E6-3D7A-C6BD-23F9B2FCC0BD</delegate>
<associations>
<colAssociation fkAssociation="47F54D76-1DCC-F612-E810-E55D4879E47B" referredColumn="51D57A81-11E6-3D7A-C6BD-23F9B2FCC0BD"/>
</associations>
</Column>
<Column name="LOCATION_ID" id="2886CA64-6E41-9CEC-0CED-B1FA02A53474">
<createdBy>oracle</createdBy>
<createdTime>2009-12-18 15:30:38 UTC</createdTime>
<commentInRDBMS>Location id where a department is located. Foreign key to location_id column of locations table.</commentInRDBMS>
<ownerDesignName>hr_schema</ownerDesignName>
<nullsAllowed>true</nullsAllowed>
<useDomainConstraints>false</useDomainConstraints>
<use>1</use>
<logicalDatatype>LOGDT019</logicalDatatype>
<dataTypePrecision>4</dataTypePrecision>
<delegate>3286A712-0761-E343-8E98-D19C909F6AC8</delegate>
<associations>
<colAssociation fkAssociation="940CD603-AE77-DC89-F33B-44CCF3FCC2F2" referredColumn="3286A712-0761-E343-8E98-D19C909F6AC8"/>
</associations>
</Column>
</columns>
<indexes itemClass="oracle.dbtools.crest.model.design.relational.Index">
<ind_PK_UK id="943B23A4-CA22-86F8-106B-3A0394BA0076" name="DEPT_ID_PK">
<createdBy>oracle</createdBy>
<createdTime>2009-12-18 15:30:38 UTC</createdTime>
<ownerDesignName>hr_schema</ownerDesignName>
<pk>true</pk>
<indexState>Primary Constraint</indexState>
<indexColumnUsage>
<colUsage columnID="DF28A083-70FD-FDD7-AC56-B04337F67123"/>
</indexColumnUsage>
</ind_PK_UK>
<ind_PK_UK id="6CA7A0B0-E5FA-6324-7B59-FBC3CA285A01" name="DEPT_LOCATION_IX">
<createdBy>oracle</createdBy>
<createdTime>2009-12-18 15:30:38 UTC</createdTime>
<ownerDesignName>hr_schema</ownerDesignName>
<indexColumnUsage>
<colUsage columnID="2886CA64-6E41-9CEC-0CED-B1FA02A53474"/>
</indexColumnUsage>
</ind_PK_UK>
<ind_PK_UK id="2D54AC08-F2AF-0402-E766-010460B96295" name="DEPT_MGR_FK">
<createdBy>oracle</createdBy>
<createdTime>2009-12-18 15:30:39 UTC</createdTime>
<ownerDesignName>hr_schema</ownerDesignName>
<indexState>Foreign Key</indexState>
<indexColumnUsage>
<colUsage columnID="35B7AE12-E62D-2ACD-657E-2AAD9221A0D8"/>
</indexColumnUsage>
</ind_PK_UK>
<ind_PK_UK id="509E07CC-69FA-99FA-7608-65CC8514023F" name="DEPT_LOC_FK">
<createdBy>oracle</createdBy>
<createdTime>2009-12-18 15:30:39 UTC</createdTime>
<ownerDesignName>hr_schema</ownerDesignName>
<indexState>Foreign Key</indexState>
<indexColumnUsage>
<colUsage columnID="2886CA64-6E41-9CEC-0CED-B1FA02A53474"/>
</indexColumnUsage>
</ind_PK_UK>
</indexes>
</Table>