<?xml version = '1.0' encoding = 'UTF-8'?>
<Table class="oracle.dbtools.crest.model.design.relational.Table" directorySegmentName="seg_0" id="6F2BC1A4-E6A1-0FFC-1DF5-E47419565A76" name="JOB_HISTORY">
<createdBy>oracle</createdBy>
<createdTime>2009-12-18 15:30:38 UTC</createdTime>
<commentInRDBMS>Table that stores job history of the employees. If an employee&lt;br&gt;changes departments within the job or changes jobs within the department,&lt;br&gt;new rows get inserted into this table with old job information of the&lt;br&gt;employee. Contains a complex primary key: employee_id+start_date.&lt;br&gt;Contains 25 rows. References with jobs, employees, and departments tables.</commentInRDBMS>
<ownerDesignName>hr_schema</ownerDesignName>
<schemaObject>91BBC53F-E145-664F-70A0-ED96283330FD</schemaObject>
<columns itemClass="oracle.dbtools.crest.model.design.relational.Column">
<Column name="EMPLOYEE_ID" id="9876A59F-3711-2168-7C0A-29DF3FFE2078">
<createdBy>oracle</createdBy>
<createdTime>2009-12-18 15:30:38 UTC</createdTime>
<commentInRDBMS>A not null column in the complex primary key employee_id+start_date.&lt;br&gt;Foreign key to employee_id column of the employee table</commentInRDBMS>
<ownerDesignName>hr_schema</ownerDesignName>
<useDomainConstraints>false</useDomainConstraints>
<use>1</use>
<logicalDatatype>LOGDT019</logicalDatatype>
<dataTypePrecision>6</dataTypePrecision>
<delegate>51D57A81-11E6-3D7A-C6BD-23F9B2FCC0BD</delegate>
<associations>
<colAssociation fkAssociation="3E0C88FA-696D-CDA5-B552-2F24E238C66F" referredColumn="51D57A81-11E6-3D7A-C6BD-23F9B2FCC0BD"/>
</associations>
</Column>
<Column name="START_DATE" id="D7932A67-8FB9-4D2C-4753-9D612365D2C3">
<createdBy>oracle</createdBy>
<createdTime>2009-12-18 15:30:38 UTC</createdTime>
<commentInRDBMS>A not null column in the complex primary key employee_id+start_date.&lt;br&gt;Must be less than the end_date of the job_history table. (enforced by&lt;br&gt;constraint jhist_date_interval)</commentInRDBMS>
<ownerDesignName>hr_schema</ownerDesignName>
<useDomainConstraints>false</useDomainConstraints>
<use>1</use>
<logicalDatatype>LOGDT007</logicalDatatype>
</Column>
<Column name="END_DATE" id="598ECA8D-712A-0A83-50D6-06F4F2F6B884">
<createdBy>oracle</createdBy>
<createdTime>2009-12-18 15:30:38 UTC</createdTime>
<commentInRDBMS>Last day of the employee in this job role. A not null column. Must be&lt;br&gt;greater than the start_date of the job_history table.&lt;br&gt;(enforced by constraint jhist_date_interval)</commentInRDBMS>
<ownerDesignName>hr_schema</ownerDesignName>
<useDomainConstraints>false</useDomainConstraints>
<use>1</use>
<logicalDatatype>LOGDT007</logicalDatatype>
</Column>
<Column name="JOB_ID" id="6F7BFC07-5DC7-AB1C-C265-AF2B559077CE">
<createdBy>oracle</createdBy>
<createdTime>2009-12-18 15:30:38 UTC</createdTime>
<commentInRDBMS>Job role in which the employee worked in the past; foreign key to&lt;br&gt;job_id column in the jobs table. A not null column.</commentInRDBMS>
<ownerDesignName>hr_schema</ownerDesignName>
<useDomainConstraints>false</useDomainConstraints>
<use>1</use>
<logicalDatatype>LOGDT024</logicalDatatype>
<dataTypeSize>10 BYTE</dataTypeSize>
<delegate>F49234C5-AE6B-54B5-3478-0BDA8093FD2B</delegate>
<associations>
<colAssociation fkAssociation="CB30C348-DA8B-C860-0E10-B2A890A29689" referredColumn="F49234C5-AE6B-54B5-3478-0BDA8093FD2B"/>
</associations>
</Column>
<Column name="DEPARTMENT_ID" id="6578BE90-2BD1-3E7C-4AA9-A132B19A393D">
<createdBy>oracle</createdBy>
<createdTime>2009-12-18 15:30:38 UTC</createdTime>
<commentInRDBMS>Department id in which the employee worked in the past; foreign key to deparment_id column in the departments table</commentInRDBMS>
<ownerDesignName>hr_schema</ownerDesignName>
<nullsAllowed>true</nullsAllowed>
<useDomainConstraints>false</useDomainConstraints>
<use>1</use>
<logicalDatatype>LOGDT019</logicalDatatype>
<dataTypePrecision>4</dataTypePrecision>
<delegate>DF28A083-70FD-FDD7-AC56-B04337F67123</delegate>
<associations>
<colAssociation fkAssociation="CF9EF2A9-5A02-9D52-FD5F-C1EF375D9777" referredColumn="DF28A083-70FD-FDD7-AC56-B04337F67123"/>
</associations>
</Column>
</columns>
<indexes itemClass="oracle.dbtools.crest.model.design.relational.Index">
<ind_PK_UK id="B6634645-7236-AE07-78B6-90B1C7F22243" name="JHIST_EMP_ID_ST_DATE_PK">
<createdBy>oracle</createdBy>
<createdTime>2009-12-18 15:30:38 UTC</createdTime>
<ownerDesignName>hr_schema</ownerDesignName>
<pk>true</pk>
<indexState>Primary Constraint</indexState>
<indexColumnUsage>
<colUsage columnID="9876A59F-3711-2168-7C0A-29DF3FFE2078"/>
<colUsage columnID="D7932A67-8FB9-4D2C-4753-9D612365D2C3"/>
</indexColumnUsage>
</ind_PK_UK>
<ind_PK_UK id="722DBF87-11A5-5855-7692-B6DCAC4FFB98" name="JHIST_JOB_IX">
<createdBy>oracle</createdBy>
<createdTime>2009-12-18 15:30:38 UTC</createdTime>
<ownerDesignName>hr_schema</ownerDesignName>
<indexColumnUsage>
<colUsage columnID="6F7BFC07-5DC7-AB1C-C265-AF2B559077CE"/>
</indexColumnUsage>
</ind_PK_UK>
<ind_PK_UK id="A08A1593-EBCF-1FE7-D6CF-4048C2EAC3DB" name="JHIST_EMPLOYEE_IX">
<createdBy>oracle</createdBy>
<createdTime>2009-12-18 15:30:38 UTC</createdTime>
<ownerDesignName>hr_schema</ownerDesignName>
<indexColumnUsage>
<colUsage columnID="9876A59F-3711-2168-7C0A-29DF3FFE2078"/>
</indexColumnUsage>
</ind_PK_UK>
<ind_PK_UK id="BC5CEED0-CA15-712F-65B7-AD47FC9B32DD" name="JHIST_DEPARTMENT_IX">
<createdBy>oracle</createdBy>
<createdTime>2009-12-18 15:30:38 UTC</createdTime>
<ownerDesignName>hr_schema</ownerDesignName>
<indexColumnUsage>
<colUsage columnID="6578BE90-2BD1-3E7C-4AA9-A132B19A393D"/>
</indexColumnUsage>
</ind_PK_UK>
<ind_PK_UK id="9FB1A3F8-FEC9-DC6F-C2AE-5E245D9EB139" name="JHIST_DEPT_FK">
<createdBy>oracle</createdBy>
<createdTime>2009-12-18 15:30:39 UTC</createdTime>
<ownerDesignName>hr_schema</ownerDesignName>
<indexState>Foreign Key</indexState>
<indexColumnUsage>
<colUsage columnID="6578BE90-2BD1-3E7C-4AA9-A132B19A393D"/>
</indexColumnUsage>
</ind_PK_UK>
<ind_PK_UK id="55A07436-6557-6FED-695D-C0C68727B0E0" name="JHIST_EMP_FK">
<createdBy>oracle</createdBy>
<createdTime>2009-12-18 15:30:39 UTC</createdTime>
<ownerDesignName>hr_schema</ownerDesignName>
<indexState>Foreign Key</indexState>
<indexColumnUsage>
<colUsage columnID="9876A59F-3711-2168-7C0A-29DF3FFE2078"/>
</indexColumnUsage>
</ind_PK_UK>
<ind_PK_UK id="0B173A7F-CE4B-8F19-0B6A-73F8856181DB" name="JHIST_JOB_FK">
<createdBy>oracle</createdBy>
<createdTime>2009-12-18 15:30:39 UTC</createdTime>
<ownerDesignName>hr_schema</ownerDesignName>
<indexState>Foreign Key</indexState>
<indexColumnUsage>
<colUsage columnID="6F7BFC07-5DC7-AB1C-C265-AF2B559077CE"/>
</indexColumnUsage>
</ind_PK_UK>
</indexes>
<tableCheckConstraints itemClass="oracle.dbtools.crest.model.design.constraint.TableLevelConstraint">
<tableCheckConstraint name="JHIST_DATE_INTERVAL" directorySegmentName="seg_0" id="971FE171-ED87-3E41-719C-3B349BE2E74E">
<createdBy>oracle</createdBy>
<createdTime>2011-10-17 10:16:55 UTC</createdTime>
<ownerDesignName>hr_schema</ownerDesignName>
<rule>end_date &gt; start_date</rule>
</tableCheckConstraint>
</tableCheckConstraints>
</Table>