<?xml version = '1.0' encoding = 'UTF-8'?>
<Table class="oracle.dbtools.crest.model.design.relational.Table" directorySegmentName="seg_0" id="DC6A08B0-832F-B2FC-69CA-0F7B4160D912" name="EMPLOYEES">
<createdBy>oracle</createdBy>
<createdTime>2009-12-18 15:30:38 UTC</createdTime>
<commentInRDBMS>employees table. Contains 107 rows. References with departments,&lt;br&gt;jobs, job_history tables. Contains a self reference.</commentInRDBMS>
<ownerDesignName>hr_schema</ownerDesignName>
<schemaObject>91BBC53F-E145-664F-70A0-ED96283330FD</schemaObject>
<columns itemClass="oracle.dbtools.crest.model.design.relational.Column">
<Column name="EMPLOYEE_ID" id="51D57A81-11E6-3D7A-C6BD-23F9B2FCC0BD">
<createdBy>oracle</createdBy>
<createdTime>2009-12-18 15:30:38 UTC</createdTime>
<commentInRDBMS>Primary key of employees table.</commentInRDBMS>
<ownerDesignName>hr_schema</ownerDesignName>
<useDomainConstraints>false</useDomainConstraints>
<use>1</use>
<logicalDatatype>LOGDT019</logicalDatatype>
<dataTypePrecision>6</dataTypePrecision>
</Column>
<Column name="FIRST_NAME" id="FDD2EE20-C015-C17D-F2B0-1D0093A50251">
<createdBy>oracle</createdBy>
<createdTime>2009-12-18 15:30:38 UTC</createdTime>
<commentInRDBMS>First name of the employee. A not null column.</commentInRDBMS>
<ownerDesignName>hr_schema</ownerDesignName>
<nullsAllowed>true</nullsAllowed>
<useDomainConstraints>false</useDomainConstraints>
<use>1</use>
<logicalDatatype>LOGDT024</logicalDatatype>
<dataTypeSize>20 BYTE</dataTypeSize>
</Column>
<Column name="LAST_NAME" id="BF15C32D-BAE0-1C68-45EA-E15B5ADC0B16">
<createdBy>oracle</createdBy>
<createdTime>2009-12-18 15:30:38 UTC</createdTime>
<commentInRDBMS>Last name of the employee. A not null column.</commentInRDBMS>
<ownerDesignName>hr_schema</ownerDesignName>
<useDomainConstraints>false</useDomainConstraints>
<use>1</use>
<logicalDatatype>LOGDT024</logicalDatatype>
<dataTypeSize>25 BYTE</dataTypeSize>
</Column>
<Column name="EMAIL" id="D33D0CA6-7DEA-8772-7E9B-FD86FB79CD5B">
<createdBy>oracle</createdBy>
<createdTime>2009-12-18 15:30:38 UTC</createdTime>
<commentInRDBMS>Email id of the employee</commentInRDBMS>
<ownerDesignName>hr_schema</ownerDesignName>
<useDomainConstraints>false</useDomainConstraints>
<use>1</use>
<logicalDatatype>LOGDT024</logicalDatatype>
<dataTypeSize>25 BYTE</dataTypeSize>
</Column>
<Column name="PHONE_NUMBER" id="A1B3E632-5FF6-FD5F-98B8-FF26CFEC0DF5">
<createdBy>oracle</createdBy>
<createdTime>2009-12-18 15:30:38 UTC</createdTime>
<commentInRDBMS>Phone number of the employee; includes country code and area code</commentInRDBMS>
<ownerDesignName>hr_schema</ownerDesignName>
<nullsAllowed>true</nullsAllowed>
<useDomainConstraints>false</useDomainConstraints>
<use>1</use>
<logicalDatatype>LOGDT024</logicalDatatype>
<dataTypeSize>20 BYTE</dataTypeSize>
</Column>
<Column name="HIRE_DATE" id="591CFC0F-1D35-FA29-C263-46A382A32EF3">
<createdBy>oracle</createdBy>
<createdTime>2009-12-18 15:30:38 UTC</createdTime>
<commentInRDBMS>Date when the employee started on this job. A not null column.</commentInRDBMS>
<ownerDesignName>hr_schema</ownerDesignName>
<useDomainConstraints>false</useDomainConstraints>
<use>1</use>
<logicalDatatype>LOGDT007</logicalDatatype>
</Column>
<Column name="JOB_ID" id="8A1B8141-8CF1-E258-9F96-FCB2C7348B5E">
<createdBy>oracle</createdBy>
<createdTime>2009-12-18 15:30:38 UTC</createdTime>
<commentInRDBMS>Current job of the employee; foreign key to job_id column of the&lt;br&gt;jobs table. A not null column.</commentInRDBMS>
<ownerDesignName>hr_schema</ownerDesignName>
<useDomainConstraints>false</useDomainConstraints>
<use>1</use>
<logicalDatatype>LOGDT024</logicalDatatype>
<dataTypeSize>10 BYTE</dataTypeSize>
<delegate>F49234C5-AE6B-54B5-3478-0BDA8093FD2B</delegate>
<associations>
<colAssociation fkAssociation="10BD333C-B9A9-44A4-481B-F7E2234C81BA" referredColumn="F49234C5-AE6B-54B5-3478-0BDA8093FD2B"/>
</associations>
</Column>
<Column name="SALARY" id="D8A51B23-5994-2A13-D397-1D56DBB6B154">
<createdBy>oracle</createdBy>
<createdTime>2009-12-18 15:30:38 UTC</createdTime>
<commentInRDBMS>Monthly salary of the employee. Must be greater&lt;br&gt;than zero (enforced by constraint emp_salary_min)</commentInRDBMS>
<ownerDesignName>hr_schema</ownerDesignName>
<constraintName>EMP_SALARY_MIN</constraintName>
<nullsAllowed>true</nullsAllowed>
<useDomainConstraints>false</useDomainConstraints>
<use>1</use>
<logicalDatatype>LOGDT019</logicalDatatype>
<dataTypePrecision>8</dataTypePrecision>
<dataTypeScale>2</dataTypeScale>
<checkConstraint>
<implementationDef dbType="Oracle Database 11g" definition="salary &gt; 0"/>
</checkConstraint>
</Column>
<Column name="COMMISSION_PCT" id="B74541E0-98BC-A0DA-D264-0EAB95BC31BA">
<createdBy>oracle</createdBy>
<createdTime>2009-12-18 15:30:38 UTC</createdTime>
<commentInRDBMS>Commission percentage of the employee; Only employees in sales&lt;br&gt;department elgible for commission percentage</commentInRDBMS>
<ownerDesignName>hr_schema</ownerDesignName>
<nullsAllowed>true</nullsAllowed>
<useDomainConstraints>false</useDomainConstraints>
<use>1</use>
<logicalDatatype>LOGDT019</logicalDatatype>
<dataTypePrecision>2</dataTypePrecision>
<dataTypeScale>2</dataTypeScale>
</Column>
<Column name="MANAGER_ID" id="2AE97F27-F70A-3032-2582-DA9E50F7DB7F">
<createdBy>oracle</createdBy>
<createdTime>2009-12-18 15:30:38 UTC</createdTime>
<commentInRDBMS>Manager id of the employee; has same domain as manager_id in&lt;br&gt;departments table. Foreign key to employee_id column of employees table.&lt;br&gt;(useful for reflexive joins and CONNECT BY query)</commentInRDBMS>
<ownerDesignName>hr_schema</ownerDesignName>
<nullsAllowed>true</nullsAllowed>
<useDomainConstraints>false</useDomainConstraints>
<use>1</use>
<logicalDatatype>LOGDT019</logicalDatatype>
<dataTypePrecision>6</dataTypePrecision>
<delegate>51D57A81-11E6-3D7A-C6BD-23F9B2FCC0BD</delegate>
<associations>
<colAssociation fkAssociation="1072E05F-4F48-1AB5-FAAA-AC9746E678FC" referredColumn="51D57A81-11E6-3D7A-C6BD-23F9B2FCC0BD"/>
</associations>
</Column>
<Column name="DEPARTMENT_ID" id="C7343EE9-8E5E-B883-BFC3-F24436EE5037">
<createdBy>oracle</createdBy>
<createdTime>2009-12-18 15:30:38 UTC</createdTime>
<commentInRDBMS>Department id where employee works; foreign key to department_id&lt;br&gt;column of the departments table</commentInRDBMS>
<ownerDesignName>hr_schema</ownerDesignName>
<nullsAllowed>true</nullsAllowed>
<useDomainConstraints>false</useDomainConstraints>
<use>1</use>
<logicalDatatype>LOGDT019</logicalDatatype>
<dataTypePrecision>4</dataTypePrecision>
<delegate>DF28A083-70FD-FDD7-AC56-B04337F67123</delegate>
<associations>
<colAssociation fkAssociation="CEF4A7D2-F22D-E9B7-35C1-EB7EA7AF43B7" referredColumn="DF28A083-70FD-FDD7-AC56-B04337F67123"/>
</associations>
</Column>
</columns>
<indexes itemClass="oracle.dbtools.crest.model.design.relational.Index">
<ind_PK_UK id="A8096854-4BF3-53AC-BF1B-9C53C6C5F9BC" name="EMP_EMP_ID_PK">
<createdBy>oracle</createdBy>
<createdTime>2009-12-18 15:30:38 UTC</createdTime>
<ownerDesignName>hr_schema</ownerDesignName>
<pk>true</pk>
<indexState>Primary Constraint</indexState>
<indexColumnUsage>
<colUsage columnID="51D57A81-11E6-3D7A-C6BD-23F9B2FCC0BD"/>
</indexColumnUsage>
</ind_PK_UK>
<ind_PK_UK id="E818346C-B4C1-DDEE-7CB9-FD5D7107CA19" name="EMP_EMAIL_UK">
<createdBy>oracle</createdBy>
<createdTime>2009-12-18 15:30:38 UTC</createdTime>
<ownerDesignName>hr_schema</ownerDesignName>
<indexState>Unique Constraint</indexState>
<indexColumnUsage>
<colUsage columnID="D33D0CA6-7DEA-8772-7E9B-FD86FB79CD5B"/>
</indexColumnUsage>
</ind_PK_UK>
<ind_PK_UK id="88740CF6-9CC8-5679-7BF3-1F20A2D58551" name="EMP_DEPARTMENT_IX">
<createdBy>oracle</createdBy>
<createdTime>2009-12-18 15:30:38 UTC</createdTime>
<ownerDesignName>hr_schema</ownerDesignName>
<indexColumnUsage>
<colUsage columnID="C7343EE9-8E5E-B883-BFC3-F24436EE5037"/>
</indexColumnUsage>
</ind_PK_UK>
<ind_PK_UK id="B3BC5CEA-A301-EFD3-34A4-DB3A747ED30D" name="EMP_JOB_IX">
<createdBy>oracle</createdBy>
<createdTime>2009-12-18 15:30:38 UTC</createdTime>
<ownerDesignName>hr_schema</ownerDesignName>
<indexColumnUsage>
<colUsage columnID="8A1B8141-8CF1-E258-9F96-FCB2C7348B5E"/>
</indexColumnUsage>
</ind_PK_UK>
<ind_PK_UK id="37519BB8-C284-DDEB-BB24-B42073121EB4" name="EMP_MANAGER_IX">
<createdBy>oracle</createdBy>
<createdTime>2009-12-18 15:30:38 UTC</createdTime>
<ownerDesignName>hr_schema</ownerDesignName>
<indexColumnUsage>
<colUsage columnID="2AE97F27-F70A-3032-2582-DA9E50F7DB7F"/>
</indexColumnUsage>
</ind_PK_UK>
<ind_PK_UK id="B9EC2A14-42AE-3F07-90C7-CE654E21127B" name="EMP_NAME_IX">
<createdBy>oracle</createdBy>
<createdTime>2009-12-18 15:30:38 UTC</createdTime>
<ownerDesignName>hr_schema</ownerDesignName>
<indexColumnUsage>
<colUsage columnID="BF15C32D-BAE0-1C68-45EA-E15B5ADC0B16"/>
<colUsage columnID="FDD2EE20-C015-C17D-F2B0-1D0093A50251"/>
</indexColumnUsage>
</ind_PK_UK>
<ind_PK_UK id="A3287B4F-8681-02E8-5BB4-6743643B09FD" name="EMP_MANAGER_FK">
<createdBy>oracle</createdBy>
<createdTime>2009-12-18 15:30:39 UTC</createdTime>
<ownerDesignName>hr_schema</ownerDesignName>
<indexState>Foreign Key</indexState>
<indexColumnUsage>
<colUsage columnID="2AE97F27-F70A-3032-2582-DA9E50F7DB7F"/>
</indexColumnUsage>
</ind_PK_UK>
<ind_PK_UK id="388DF15C-EE31-4690-4E00-D690A58D9F75" name="EMP_JOB_FK">
<createdBy>oracle</createdBy>
<createdTime>2009-12-18 15:30:39 UTC</createdTime>
<ownerDesignName>hr_schema</ownerDesignName>
<indexState>Foreign Key</indexState>
<indexColumnUsage>
<colUsage columnID="8A1B8141-8CF1-E258-9F96-FCB2C7348B5E"/>
</indexColumnUsage>
</ind_PK_UK>
<ind_PK_UK id="5C8145EE-630A-CCC0-5F6A-0A0B30C7D15D" name="EMP_DEPT_FK">
<createdBy>oracle</createdBy>
<createdTime>2009-12-18 15:30:39 UTC</createdTime>
<ownerDesignName>hr_schema</ownerDesignName>
<indexState>Foreign Key</indexState>
<indexColumnUsage>
<colUsage columnID="C7343EE9-8E5E-B883-BFC3-F24436EE5037"/>
</indexColumnUsage>
</ind_PK_UK>
</indexes>
</Table>