<?xml version = '1.0' encoding = 'UTF-8'?>
<Table class="oracle.dbtools.crest.model.design.relational.Table" directorySegmentName="seg_0" id="F2AB040E-C4DA-4A90-0669-94A558E06E60" name="JOBS">
<createdBy>oracle</createdBy>
<createdTime>2009-12-18 15:30:38 UTC</createdTime>
<commentInRDBMS>jobs table with job titles and salary ranges. Contains 19 rows.&lt;br&gt;References with employees and job_history table.</commentInRDBMS>
<ownerDesignName>hr_schema</ownerDesignName>
<schemaObject>91BBC53F-E145-664F-70A0-ED96283330FD</schemaObject>
<columns itemClass="oracle.dbtools.crest.model.design.relational.Column">
<Column name="JOB_ID" id="F49234C5-AE6B-54B5-3478-0BDA8093FD2B">
<createdBy>oracle</createdBy>
<createdTime>2009-12-18 15:30:38 UTC</createdTime>
<commentInRDBMS>Primary key of jobs table.</commentInRDBMS>
<ownerDesignName>hr_schema</ownerDesignName>
<useDomainConstraints>false</useDomainConstraints>
<use>1</use>
<logicalDatatype>LOGDT024</logicalDatatype>
<dataTypeSize>10 BYTE</dataTypeSize>
</Column>
<Column name="JOB_TITLE" id="44FC78E3-3B57-EE97-B46A-27207807B96F">
<createdBy>oracle</createdBy>
<createdTime>2009-12-18 15:30:38 UTC</createdTime>
<commentInRDBMS>A not null column that shows job title, e.g. AD_VP, FI_ACCOUNTANT</commentInRDBMS>
<ownerDesignName>hr_schema</ownerDesignName>
<useDomainConstraints>false</useDomainConstraints>
<use>1</use>
<logicalDatatype>LOGDT024</logicalDatatype>
<dataTypeSize>35 BYTE</dataTypeSize>
</Column>
<Column name="MIN_SALARY" id="888730A9-5307-2D1F-2DC4-33F2B643370C">
<createdBy>oracle</createdBy>
<createdTime>2009-12-18 15:30:38 UTC</createdTime>
<commentInRDBMS>Minimum salary for a job title.</commentInRDBMS>
<ownerDesignName>hr_schema</ownerDesignName>
<nullsAllowed>true</nullsAllowed>
<useDomainConstraints>false</useDomainConstraints>
<use>1</use>
<logicalDatatype>LOGDT019</logicalDatatype>
<dataTypePrecision>6</dataTypePrecision>
</Column>
<Column name="MAX_SALARY" id="CE4EBE76-C078-807F-C954-2CC9AE6517D8">
<createdBy>oracle</createdBy>
<createdTime>2009-12-18 15:30:38 UTC</createdTime>
<commentInRDBMS>Maximum salary for a job title</commentInRDBMS>
<ownerDesignName>hr_schema</ownerDesignName>
<nullsAllowed>true</nullsAllowed>
<useDomainConstraints>false</useDomainConstraints>
<use>1</use>
<logicalDatatype>LOGDT019</logicalDatatype>
<dataTypePrecision>6</dataTypePrecision>
</Column>
</columns>
<indexes itemClass="oracle.dbtools.crest.model.design.relational.Index">
<ind_PK_UK id="F6DDA131-761A-18E1-26C3-C8A517678DD2" name="JOB_ID_PK">
<createdBy>oracle</createdBy>
<createdTime>2009-12-18 15:30:38 UTC</createdTime>
<ownerDesignName>hr_schema</ownerDesignName>
<pk>true</pk>
<indexState>Primary Constraint</indexState>
<indexColumnUsage>
<colUsage columnID="F49234C5-AE6B-54B5-3478-0BDA8093FD2B"/>
</indexColumnUsage>
</ind_PK_UK>
</indexes>
</Table>