<?xml version = '1.0' encoding = 'UTF-8'?>
<Table class="oracle.dbtools.crest.model.design.relational.Table" directorySegmentName="seg_0" id="F59CED9A-4D43-AE7B-1C14-3B7E3B448C59" name="LOCATIONS">
<createdBy>oracle</createdBy>
<createdTime>2009-12-18 15:30:38 UTC</createdTime>
<commentInRDBMS>Locations table that contains specific address of a specific office,&lt;br&gt;warehouse, and/or production site of a company. Does not store addresses /&lt;br&gt;locations of customers. Contains 23 rows; references with the&lt;br&gt;departments and countries tables. </commentInRDBMS>
<ownerDesignName>hr_schema</ownerDesignName>
<schemaObject>91BBC53F-E145-664F-70A0-ED96283330FD</schemaObject>
<columns itemClass="oracle.dbtools.crest.model.design.relational.Column">
<Column name="LOCATION_ID" id="3286A712-0761-E343-8E98-D19C909F6AC8">
<createdBy>oracle</createdBy>
<createdTime>2009-12-18 15:30:38 UTC</createdTime>
<commentInRDBMS>Primary key of locations table</commentInRDBMS>
<ownerDesignName>hr_schema</ownerDesignName>
<useDomainConstraints>false</useDomainConstraints>
<use>1</use>
<logicalDatatype>LOGDT019</logicalDatatype>
<dataTypePrecision>4</dataTypePrecision>
</Column>
<Column name="STREET_ADDRESS" id="61EE2392-5B90-C053-5E60-E99A35FE87AB">
<createdBy>oracle</createdBy>
<createdTime>2009-12-18 15:30:38 UTC</createdTime>
<commentInRDBMS>Street address of an office, warehouse, or production site of a company.&lt;br&gt;Contains building number and street name</commentInRDBMS>
<ownerDesignName>hr_schema</ownerDesignName>
<nullsAllowed>true</nullsAllowed>
<useDomainConstraints>false</useDomainConstraints>
<use>1</use>
<logicalDatatype>LOGDT024</logicalDatatype>
<dataTypeSize>40 BYTE</dataTypeSize>
</Column>
<Column name="POSTAL_CODE" id="D263FD2C-7628-F4D7-E26B-CFF917384088">
<createdBy>oracle</createdBy>
<createdTime>2009-12-18 15:30:38 UTC</createdTime>
<commentInRDBMS>Postal code of the location of an office, warehouse, or production site&lt;br&gt;of a company. </commentInRDBMS>
<ownerDesignName>hr_schema</ownerDesignName>
<nullsAllowed>true</nullsAllowed>
<useDomainConstraints>false</useDomainConstraints>
<use>1</use>
<logicalDatatype>LOGDT024</logicalDatatype>
<dataTypeSize>12 BYTE</dataTypeSize>
</Column>
<Column name="CITY" id="D81B8D1B-3EE8-F3DC-FAD9-5105601397B4">
<createdBy>oracle</createdBy>
<createdTime>2009-12-18 15:30:38 UTC</createdTime>
<commentInRDBMS>A not null column that shows city where an office, warehouse, or&lt;br&gt;production site of a company is located. </commentInRDBMS>
<ownerDesignName>hr_schema</ownerDesignName>
<useDomainConstraints>false</useDomainConstraints>
<use>1</use>
<logicalDatatype>LOGDT024</logicalDatatype>
<dataTypeSize>30 BYTE</dataTypeSize>
</Column>
<Column name="STATE_PROVINCE" id="4E8ADA62-DE84-190E-C7F4-21242916D9E5">
<createdBy>oracle</createdBy>
<createdTime>2009-12-18 15:30:38 UTC</createdTime>
<commentInRDBMS>State or Province where an office, warehouse, or production site of a&lt;br&gt;company is located.</commentInRDBMS>
<ownerDesignName>hr_schema</ownerDesignName>
<nullsAllowed>true</nullsAllowed>
<useDomainConstraints>false</useDomainConstraints>
<use>1</use>
<logicalDatatype>LOGDT024</logicalDatatype>
<dataTypeSize>25 BYTE</dataTypeSize>
</Column>
<Column name="COUNTRY_ID" id="95FDCE9B-BCC7-836C-2A01-91D2D5E322CF">
<createdBy>oracle</createdBy>
<createdTime>2009-12-18 15:30:38 UTC</createdTime>
<commentInRDBMS>Country where an office, warehouse, or production site of a company is&lt;br&gt;located. Foreign key to country_id column of the countries table.</commentInRDBMS>
<ownerDesignName>hr_schema</ownerDesignName>
<nullsAllowed>true</nullsAllowed>
<useDomainConstraints>false</useDomainConstraints>
<use>1</use>
<logicalDatatype>LOGDT025</logicalDatatype>
<dataTypeSize>2 BYTE</dataTypeSize>
<delegate>015CB459-C878-2004-C3BE-34EDFE0504A4</delegate>
<associations>
<colAssociation fkAssociation="910112C4-8177-66BB-C8E0-115E8BCBB3A2" referredColumn="015CB459-C878-2004-C3BE-34EDFE0504A4"/>
</associations>
</Column>
</columns>
<indexes itemClass="oracle.dbtools.crest.model.design.relational.Index">
<ind_PK_UK id="83E3CA90-5BDF-B278-0368-31D060941A48" name="LOC_ID_PK">
<createdBy>oracle</createdBy>
<createdTime>2009-12-18 15:30:38 UTC</createdTime>
<ownerDesignName>hr_schema</ownerDesignName>
<pk>true</pk>
<indexState>Primary Constraint</indexState>
<indexColumnUsage>
<colUsage columnID="3286A712-0761-E343-8E98-D19C909F6AC8"/>
</indexColumnUsage>
</ind_PK_UK>
<ind_PK_UK id="28AEA37C-61A2-712F-8806-D9A91F360284" name="LOC_CITY_IX">
<createdBy>oracle</createdBy>
<createdTime>2009-12-18 15:30:38 UTC</createdTime>
<ownerDesignName>hr_schema</ownerDesignName>
<indexColumnUsage>
<colUsage columnID="D81B8D1B-3EE8-F3DC-FAD9-5105601397B4"/>
</indexColumnUsage>
</ind_PK_UK>
<ind_PK_UK id="AA04C832-4234-7AB3-A00E-B95EE7A4B950" name="LOC_STATE_PROVINCE_IX">
<createdBy>oracle</createdBy>
<createdTime>2009-12-18 15:30:38 UTC</createdTime>
<ownerDesignName>hr_schema</ownerDesignName>
<indexColumnUsage>
<colUsage columnID="4E8ADA62-DE84-190E-C7F4-21242916D9E5"/>
</indexColumnUsage>
</ind_PK_UK>
<ind_PK_UK id="F3D3AA0B-C18A-B6DE-B383-063BA2F47B05" name="LOC_COUNTRY_IX">
<createdBy>oracle</createdBy>
<createdTime>2009-12-18 15:30:38 UTC</createdTime>
<ownerDesignName>hr_schema</ownerDesignName>
<indexColumnUsage>
<colUsage columnID="95FDCE9B-BCC7-836C-2A01-91D2D5E322CF"/>
</indexColumnUsage>
</ind_PK_UK>
<ind_PK_UK id="DC513F8E-F4A5-5530-1161-FE19422ACE44" name="LOC_C_ID_FK">
<createdBy>oracle</createdBy>
<createdTime>2009-12-18 15:30:39 UTC</createdTime>
<ownerDesignName>hr_schema</ownerDesignName>
<indexState>Foreign Key</indexState>
<indexColumnUsage>
<colUsage columnID="95FDCE9B-BCC7-836C-2A01-91D2D5E322CF"/>
</indexColumnUsage>
</ind_PK_UK>
</indexes>
</Table>