<?xml version = '1.0' encoding = 'UTF-8'?>
<TableProxyOraclev11g class="oracle.dbtools.crest.model.design.storage.oracle.v11g.TableProxyOraclev11g" name="JOBS" directorySegmentName="seg_0" id="01D7F57F-D731-0799-E4BB-ADE1DD00F595">
<createdBy>oracle</createdBy>
<createdTime>2011-11-14 09:52:46 UTC</createdTime>
<ownerDesignName>sol_19_01</ownerDesignName>
<schemaObject>9C030125-DA4D-FDEF-BBC0-77146F895669</schemaObject>
<logging>NO</logging>
<partitionedRowMovement>DISABLE</partitionedRowMovement>
<segment>6B91B163-FA43-5464-E875-72FAB74AB2FF</segment>
<tableSpace>111C3590-1269-D1AC-A2CF-8FC66976C4CB</tableSpace>
<columnProxies itemClass="oracle.dbtools.crest.model.design.storage.oracle.v12c.ColumnProxyOraclev12c">
<ColumnProxy name="JOB_TITLE" id="611C8373-67DB-AAC3-5329-8C9A92DF84B6">
<createdBy>oracle</createdBy>
<createdTime>2011-11-14 09:52:46 UTC</createdTime>
<ownerDesignName>sol_19_01</ownerDesignName>
</ColumnProxy>
<ColumnProxy name="MIN_SALARY" id="C7F90BBD-85FD-4B57-67F1-738F6521FB52">
<createdBy>oracle</createdBy>
<createdTime>2011-11-14 09:52:46 UTC</createdTime>
<ownerDesignName>sol_19_01</ownerDesignName>
</ColumnProxy>
<ColumnProxy name="JOB_ID" id="DCCBCCC1-E8F0-BD63-7721-096A727E5120">
<createdBy>oracle</createdBy>
<createdTime>2011-11-14 09:52:46 UTC</createdTime>
<ownerDesignName>sol_19_01</ownerDesignName>
</ColumnProxy>
<ColumnProxy name="MAX_SALARY" id="EBA37069-2238-BA9C-A67A-0CF97DE57271">
<createdBy>oracle</createdBy>
<createdTime>2011-11-14 09:52:46 UTC</createdTime>
<ownerDesignName>sol_19_01</ownerDesignName>
</ColumnProxy>
</columnProxies>
<primaryKeys>
<PrimaryKey class="oracle.dbtools.crest.model.design.storage.oracle.v10g.PKProxyOraclev10g" name="JOB_ID_PK" id="6D9F3C00-B945-35C2-D035-BFB0045F6267">
<createdBy>oracle</createdBy>
<createdTime>2011-11-14 09:52:47 UTC</createdTime>
<ownerDesignName>sol_19_01</ownerDesignName>
<schemaObject>9C030125-DA4D-FDEF-BBC0-77146F895669</schemaObject>
<indexSort>SORTED</indexSort>
</PrimaryKey>
</primaryKeys>
</TableProxyOraclev11g>