<?xml version = '1.0' encoding = 'UTF-8'?>
<TableProxyOraclev11g class="oracle.dbtools.crest.model.design.storage.oracle.v11g.TableProxyOraclev11g" name="JOB_HISTORY" directorySegmentName="seg_0" id="6A7D5A36-EFB3-AC42-36F6-176EE28443EB">
<createdBy>oracle</createdBy>
<createdTime>2011-11-14 09:52:46 UTC</createdTime>
<ownerDesignName>sol_19_01</ownerDesignName>
<schemaObject>9C030125-DA4D-FDEF-BBC0-77146F895669</schemaObject>
<logging>NO</logging>
<partitionedRowMovement>DISABLE</partitionedRowMovement>
<segment>6B91B163-FA43-5464-E875-72FAB74AB2FF</segment>
<tableSpace>111C3590-1269-D1AC-A2CF-8FC66976C4CB</tableSpace>
<indexProxies>
<IndexProxy class="oracle.dbtools.crest.model.design.storage.oracle.v10g.IndexProxyOraclev10g" name="JHIST_DEPARTMENT_IX" id="123372C2-2770-8902-8885-709CAD888443">
<createdBy>oracle</createdBy>
<createdTime>2011-11-14 09:52:47 UTC</createdTime>
<ownerDesignName>sol_19_01</ownerDesignName>
<schemaObject>9C030125-DA4D-FDEF-BBC0-77146F895669</schemaObject>
<logging>NO</logging>
<segment>B77AA5F3-BA9D-BDD2-EE89-B64E7DC074CE</segment>
<tableSpace>111C3590-1269-D1AC-A2CF-8FC66976C4CB</tableSpace>
</IndexProxy>
<IndexProxy class="oracle.dbtools.crest.model.design.storage.oracle.v10g.IndexProxyOraclev10g" name="JHIST_EMPLOYEE_IX" id="5A79D084-85D7-926B-7812-EF827A98DF55">
<createdBy>oracle</createdBy>
<createdTime>2011-11-14 09:52:47 UTC</createdTime>
<ownerDesignName>sol_19_01</ownerDesignName>
<schemaObject>9C030125-DA4D-FDEF-BBC0-77146F895669</schemaObject>
<logging>NO</logging>
<segment>B77AA5F3-BA9D-BDD2-EE89-B64E7DC074CE</segment>
<tableSpace>111C3590-1269-D1AC-A2CF-8FC66976C4CB</tableSpace>
</IndexProxy>
<IndexProxy class="oracle.dbtools.crest.model.design.storage.oracle.v10g.IndexProxyOraclev10g" name="JHIST_JOB_IX" id="6CDCB55B-0B8E-5527-CF87-9F2B435359D6">
<createdBy>oracle</createdBy>
<createdTime>2011-11-14 09:52:47 UTC</createdTime>
<ownerDesignName>sol_19_01</ownerDesignName>
<schemaObject>9C030125-DA4D-FDEF-BBC0-77146F895669</schemaObject>
<logging>NO</logging>
<segment>B77AA5F3-BA9D-BDD2-EE89-B64E7DC074CE</segment>
<tableSpace>111C3590-1269-D1AC-A2CF-8FC66976C4CB</tableSpace>
</IndexProxy>
</indexProxies>
<columnProxies itemClass="oracle.dbtools.crest.model.design.storage.oracle.v12c.ColumnProxyOraclev12c">
<ColumnProxy name="START_DATE" id="7191DA23-8722-1035-190E-7D8C5A62837A">
<createdBy>oracle</createdBy>
<createdTime>2011-11-14 09:52:46 UTC</createdTime>
<ownerDesignName>sol_19_01</ownerDesignName>
</ColumnProxy>
<ColumnProxy name="DEPARTMENT_ID" id="8999B2B8-26BD-D697-F8B7-74E8598EEAD5">
<createdBy>oracle</createdBy>
<createdTime>2011-11-14 09:52:46 UTC</createdTime>
<ownerDesignName>sol_19_01</ownerDesignName>
</ColumnProxy>
<ColumnProxy name="JOB_ID" id="9729AAE5-EE96-BF59-1847-F1B53F5CC31E">
<createdBy>oracle</createdBy>
<createdTime>2011-11-14 09:52:46 UTC</createdTime>
<ownerDesignName>sol_19_01</ownerDesignName>
</ColumnProxy>
<ColumnProxy name="EMPLOYEE_ID" id="9749D5F5-7DDD-3112-CB54-05C06DD17271">
<createdBy>oracle</createdBy>
<createdTime>2011-11-14 09:52:46 UTC</createdTime>
<ownerDesignName>sol_19_01</ownerDesignName>
</ColumnProxy>
<ColumnProxy name="END_DATE" id="A36A5516-50BA-09D4-573F-98C2C39EFE4B">
<createdBy>oracle</createdBy>
<createdTime>2011-11-14 09:52:46 UTC</createdTime>
<ownerDesignName>sol_19_01</ownerDesignName>
</ColumnProxy>
</columnProxies>
<foreignKeys>
<ForeignKey class="oracle.dbtools.crest.model.design.storage.oracle.v10g.FKProxyOraclev10g" name="JHIST_JOB_FK" id="7CF014BF-E648-EF49-0EBD-3008D7398976">
<createdBy>oracle</createdBy>
<createdTime>2011-11-14 09:52:47 UTC</createdTime>
<ownerDesignName>sol_19_01</ownerDesignName>
</ForeignKey>
<ForeignKey class="oracle.dbtools.crest.model.design.storage.oracle.v10g.FKProxyOraclev10g" name="JHIST_DEPT_FK" id="9DF6E79A-7EA1-6B4B-2475-7CD899A5CF7E">
<createdBy>oracle</createdBy>
<createdTime>2011-11-14 09:52:47 UTC</createdTime>
<ownerDesignName>sol_19_01</ownerDesignName>
</ForeignKey>
<ForeignKey class="oracle.dbtools.crest.model.design.storage.oracle.v10g.FKProxyOraclev10g" name="JHIST_EMP_FK" id="FF9F1E24-8262-D0EE-FB04-E1A7E4CC8AF4">
<createdBy>oracle</createdBy>
<createdTime>2011-11-14 09:52:47 UTC</createdTime>
<ownerDesignName>sol_19_01</ownerDesignName>
</ForeignKey>
</foreignKeys>
<primaryKeys>
<PrimaryKey class="oracle.dbtools.crest.model.design.storage.oracle.v10g.PKProxyOraclev10g" name="JHIST_EMP_ID_ST_DATE_PK" id="DD6223CD-3C03-7E67-80CC-D2CEB6427D73">
<createdBy>oracle</createdBy>
<createdTime>2011-11-14 09:52:47 UTC</createdTime>
<ownerDesignName>sol_19_01</ownerDesignName>
<schemaObject>9C030125-DA4D-FDEF-BBC0-77146F895669</schemaObject>
<indexSort>SORTED</indexSort>
</PrimaryKey>
</primaryKeys>
<tableCheckConstraints itemClass="oracle.dbtools.crest.model.design.storage.oracle.TableCheckConstraintOracle">
<TableCheckConstraint name="JHIST_DATE_INTERVAL" id="6A9C74AF-9179-EFC4-FB7E-A21D273329A2">
<createdBy>oracle</createdBy>
<createdTime>2011-11-14 09:52:47 UTC</createdTime>
<ownerDesignName>sol_19_01</ownerDesignName>
</TableCheckConstraint>
</tableCheckConstraints>
</TableProxyOraclev11g>