<?xml version = '1.0' encoding = 'UTF-8'?>
<TableProxyOraclev11g class="oracle.dbtools.crest.model.design.storage.oracle.v11g.TableProxyOraclev11g" name="DEPARTMENTS" directorySegmentName="seg_0" id="8922B3E0-D0F5-7CCD-E8EC-9387A97B3E90">
<createdBy>oracle</createdBy>
<createdTime>2011-11-14 09:52:46 UTC</createdTime>
<ownerDesignName>sol_19_01</ownerDesignName>
<schemaObject>9C030125-DA4D-FDEF-BBC0-77146F895669</schemaObject>
<logging>NO</logging>
<partitionedRowMovement>DISABLE</partitionedRowMovement>
<segment>6B91B163-FA43-5464-E875-72FAB74AB2FF</segment>
<tableSpace>111C3590-1269-D1AC-A2CF-8FC66976C4CB</tableSpace>
<indexProxies>
<IndexProxy class="oracle.dbtools.crest.model.design.storage.oracle.v10g.IndexProxyOraclev10g" name="DEPT_LOCATION_IX" id="AB7C02CB-B744-2566-450D-16F7D66ED239">
<createdBy>oracle</createdBy>
<createdTime>2011-11-14 09:52:47 UTC</createdTime>
<ownerDesignName>sol_19_01</ownerDesignName>
<schemaObject>9C030125-DA4D-FDEF-BBC0-77146F895669</schemaObject>
<logging>NO</logging>
<segment>B77AA5F3-BA9D-BDD2-EE89-B64E7DC074CE</segment>
<tableSpace>111C3590-1269-D1AC-A2CF-8FC66976C4CB</tableSpace>
</IndexProxy>
</indexProxies>
<columnProxies itemClass="oracle.dbtools.crest.model.design.storage.oracle.v12c.ColumnProxyOraclev12c">
<ColumnProxy name="LOCATION_ID" id="249E0DBE-C79B-9837-3D9F-E16181552E95">
<createdBy>oracle</createdBy>
<createdTime>2011-11-14 09:52:46 UTC</createdTime>
<ownerDesignName>sol_19_01</ownerDesignName>
</ColumnProxy>
<ColumnProxy name="DEPARTMENT_NAME" id="410B6E07-4610-3E61-51E2-9336D8ABA0E8">
<createdBy>oracle</createdBy>
<createdTime>2011-11-14 09:52:46 UTC</createdTime>
<ownerDesignName>sol_19_01</ownerDesignName>
</ColumnProxy>
<ColumnProxy name="MANAGER_ID" id="5FDFFE70-58D0-2182-F29E-7A80CCAC8B39">
<createdBy>oracle</createdBy>
<createdTime>2011-11-14 09:52:46 UTC</createdTime>
<ownerDesignName>sol_19_01</ownerDesignName>
</ColumnProxy>
<ColumnProxy name="DEPARTMENT_ID" id="81AA7977-1F3A-248C-0DD1-ABC7EE010E96">
<createdBy>oracle</createdBy>
<createdTime>2011-11-14 09:52:46 UTC</createdTime>
<ownerDesignName>sol_19_01</ownerDesignName>
</ColumnProxy>
</columnProxies>
<foreignKeys>
<ForeignKey class="oracle.dbtools.crest.model.design.storage.oracle.v10g.FKProxyOraclev10g" name="DEPT_MGR_FK" id="8C7E6E67-FBC1-CCCE-096E-CFCF86336EA2">
<createdBy>oracle</createdBy>
<createdTime>2011-11-14 09:52:47 UTC</createdTime>
<ownerDesignName>sol_19_01</ownerDesignName>
</ForeignKey>
<ForeignKey class="oracle.dbtools.crest.model.design.storage.oracle.v10g.FKProxyOraclev10g" name="DEPT_LOC_FK" id="9E3A3814-7E04-578F-8C3A-40C3AB0C7F05">
<createdBy>oracle</createdBy>
<createdTime>2011-11-14 09:52:47 UTC</createdTime>
<ownerDesignName>sol_19_01</ownerDesignName>
</ForeignKey>
</foreignKeys>
<primaryKeys>
<PrimaryKey class="oracle.dbtools.crest.model.design.storage.oracle.v10g.PKProxyOraclev10g" name="DEPT_ID_PK" id="535999B2-7CF6-CABC-87A0-ED9AE70C5F0F">
<createdBy>oracle</createdBy>
<createdTime>2011-11-14 09:52:47 UTC</createdTime>
<ownerDesignName>sol_19_01</ownerDesignName>
<schemaObject>9C030125-DA4D-FDEF-BBC0-77146F895669</schemaObject>
<indexSort>SORTED</indexSort>
</PrimaryKey>
</primaryKeys>
</TableProxyOraclev11g>