<?xml version = '1.0' encoding = 'UTF-8'?>
<TableProxyOraclev11g class="oracle.dbtools.crest.model.design.storage.oracle.v11g.TableProxyOraclev11g" name="EMPLOYEES" directorySegmentName="seg_0" id="BFE0AFBC-5FAA-935D-FAAB-82DEE0543442">
<createdBy>oracle</createdBy>
<createdTime>2011-11-14 09:52:46 UTC</createdTime>
<ownerDesignName>sol_19_01</ownerDesignName>
<schemaObject>9C030125-DA4D-FDEF-BBC0-77146F895669</schemaObject>
<logging>NO</logging>
<partitionedRowMovement>DISABLE</partitionedRowMovement>
<segment>6B91B163-FA43-5464-E875-72FAB74AB2FF</segment>
<tableSpace>111C3590-1269-D1AC-A2CF-8FC66976C4CB</tableSpace>
<indexProxies>
<IndexProxy class="oracle.dbtools.crest.model.design.storage.oracle.v10g.IndexProxyOraclev10g" name="EMP_NAME_IX" id="0D659589-1E2E-89A5-4250-4D4F96A763A3">
<createdBy>oracle</createdBy>
<createdTime>2011-11-14 09:52:47 UTC</createdTime>
<ownerDesignName>sol_19_01</ownerDesignName>
<schemaObject>9C030125-DA4D-FDEF-BBC0-77146F895669</schemaObject>
<logging>NO</logging>
<segment>B77AA5F3-BA9D-BDD2-EE89-B64E7DC074CE</segment>
<tableSpace>111C3590-1269-D1AC-A2CF-8FC66976C4CB</tableSpace>
</IndexProxy>
<IndexProxy class="oracle.dbtools.crest.model.design.storage.oracle.v10g.IndexProxyOraclev10g" name="EMP_MANAGER_IX" id="6E61B8F7-F1C3-631A-0399-B40BB3C80AAC">
<createdBy>oracle</createdBy>
<createdTime>2011-11-14 09:52:47 UTC</createdTime>
<ownerDesignName>sol_19_01</ownerDesignName>
<schemaObject>9C030125-DA4D-FDEF-BBC0-77146F895669</schemaObject>
<logging>NO</logging>
<segment>B77AA5F3-BA9D-BDD2-EE89-B64E7DC074CE</segment>
<tableSpace>111C3590-1269-D1AC-A2CF-8FC66976C4CB</tableSpace>
</IndexProxy>
<IndexProxy class="oracle.dbtools.crest.model.design.storage.oracle.v10g.IndexProxyOraclev10g" name="EMP_JOB_IX" id="92603CBE-F74F-7465-365B-14CF22F44143">
<createdBy>oracle</createdBy>
<createdTime>2011-11-14 09:52:47 UTC</createdTime>
<ownerDesignName>sol_19_01</ownerDesignName>
<schemaObject>9C030125-DA4D-FDEF-BBC0-77146F895669</schemaObject>
<logging>NO</logging>
<segment>B77AA5F3-BA9D-BDD2-EE89-B64E7DC074CE</segment>
<tableSpace>111C3590-1269-D1AC-A2CF-8FC66976C4CB</tableSpace>
</IndexProxy>
<IndexProxy class="oracle.dbtools.crest.model.design.storage.oracle.v10g.IndexProxyOraclev10g" name="EMP_DEPARTMENT_IX" id="FD0F7FBF-C60F-3778-A274-2C1B143D888C">
<createdBy>oracle</createdBy>
<createdTime>2011-11-14 09:52:47 UTC</createdTime>
<ownerDesignName>sol_19_01</ownerDesignName>
<schemaObject>9C030125-DA4D-FDEF-BBC0-77146F895669</schemaObject>
<logging>NO</logging>
<segment>B77AA5F3-BA9D-BDD2-EE89-B64E7DC074CE</segment>
<tableSpace>111C3590-1269-D1AC-A2CF-8FC66976C4CB</tableSpace>
</IndexProxy>
</indexProxies>
<columnProxies itemClass="oracle.dbtools.crest.model.design.storage.oracle.v12c.ColumnProxyOraclev12c">
<ColumnProxy name="COMMISSION_PCT" id="2A85045E-6CBE-08CA-14C8-B0FEF61B6654">
<createdBy>oracle</createdBy>
<createdTime>2011-11-14 09:52:46 UTC</createdTime>
<ownerDesignName>sol_19_01</ownerDesignName>
</ColumnProxy>
<ColumnProxy name="PHONE_NUMBER" id="2BF2CC5D-F75C-FED9-0D94-53F763672986">
<createdBy>oracle</createdBy>
<createdTime>2011-11-14 09:52:46 UTC</createdTime>
<ownerDesignName>sol_19_01</ownerDesignName>
</ColumnProxy>
<ColumnProxy name="JOB_ID" id="32C386FD-02D0-5BAE-0158-F7C41B68B994">
<createdBy>oracle</createdBy>
<createdTime>2011-11-14 09:52:46 UTC</createdTime>
<ownerDesignName>sol_19_01</ownerDesignName>
</ColumnProxy>
<ColumnProxy name="LAST_NAME" id="370705DC-A3DA-B0F2-9F91-1A9A6AF08876">
<createdBy>oracle</createdBy>
<createdTime>2011-11-14 09:52:46 UTC</createdTime>
<ownerDesignName>sol_19_01</ownerDesignName>
</ColumnProxy>
<ColumnProxy name="EMPLOYEE_ID" id="563B1F0D-5FDF-28A5-F1ED-51600E5C017F">
<createdBy>oracle</createdBy>
<createdTime>2011-11-14 09:52:46 UTC</createdTime>
<ownerDesignName>sol_19_01</ownerDesignName>
</ColumnProxy>
<ColumnProxy name="EMAIL" id="5DC6F383-52B6-3D60-1F18-898A56CFF04B">
<createdBy>oracle</createdBy>
<createdTime>2011-11-14 09:52:46 UTC</createdTime>
<ownerDesignName>sol_19_01</ownerDesignName>
</ColumnProxy>
<ColumnProxy name="HIRE_DATE" id="7EC228B4-7CE2-2BCB-CF1B-4F4A9D95D14E">
<createdBy>oracle</createdBy>
<createdTime>2011-11-14 09:52:46 UTC</createdTime>
<ownerDesignName>sol_19_01</ownerDesignName>
</ColumnProxy>
<ColumnProxy name="FIRST_NAME" id="AC6CFFF2-188D-6591-4ADA-4284C63EC34F">
<createdBy>oracle</createdBy>
<createdTime>2011-11-14 09:52:46 UTC</createdTime>
<ownerDesignName>sol_19_01</ownerDesignName>
</ColumnProxy>
<ColumnProxy name="SALARY" id="B3C6502A-3EFE-C6DE-3737-D453F9B9C224">
<createdBy>oracle</createdBy>
<createdTime>2011-11-14 09:52:46 UTC</createdTime>
<ownerDesignName>sol_19_01</ownerDesignName>
</ColumnProxy>
<ColumnProxy name="DEPARTMENT_ID" id="DD129A63-656F-A1F6-F21C-3F83D369BD69">
<createdBy>oracle</createdBy>
<createdTime>2011-11-14 09:52:46 UTC</createdTime>
<ownerDesignName>sol_19_01</ownerDesignName>
</ColumnProxy>
<ColumnProxy name="MANAGER_ID" id="E1A80839-D3D2-9C52-20B6-A9A15158EBF6">
<createdBy>oracle</createdBy>
<createdTime>2011-11-14 09:52:46 UTC</createdTime>
<ownerDesignName>sol_19_01</ownerDesignName>
</ColumnProxy>
</columnProxies>
<foreignKeys>
<ForeignKey class="oracle.dbtools.crest.model.design.storage.oracle.v10g.FKProxyOraclev10g" name="EMP_JOB_FK" id="12AE198A-EE9B-36EF-FB34-A9F16CF45CE2">
<createdBy>oracle</createdBy>
<createdTime>2011-11-14 09:52:47 UTC</createdTime>
<ownerDesignName>sol_19_01</ownerDesignName>
</ForeignKey>
<ForeignKey class="oracle.dbtools.crest.model.design.storage.oracle.v10g.FKProxyOraclev10g" name="EMP_MANAGER_FK" id="88CF2F86-DB54-E8C2-CD76-9EB9789526C6">
<createdBy>oracle</createdBy>
<createdTime>2011-11-14 09:52:47 UTC</createdTime>
<ownerDesignName>sol_19_01</ownerDesignName>
</ForeignKey>
<ForeignKey class="oracle.dbtools.crest.model.design.storage.oracle.v10g.FKProxyOraclev10g" name="EMP_DEPT_FK" id="DB46956B-DA50-6532-F7BB-3F0FC1A25A99">
<createdBy>oracle</createdBy>
<createdTime>2011-11-14 09:52:47 UTC</createdTime>
<ownerDesignName>sol_19_01</ownerDesignName>
</ForeignKey>
</foreignKeys>
<primaryKeys>
<PrimaryKey class="oracle.dbtools.crest.model.design.storage.oracle.v10g.PKProxyOraclev10g" name="EMP_EMP_ID_PK" id="EF4FFB93-EE84-A5AC-7BAD-B89D6F884F5C">
<createdBy>oracle</createdBy>
<createdTime>2011-11-14 09:52:47 UTC</createdTime>
<ownerDesignName>sol_19_01</ownerDesignName>
<schemaObject>9C030125-DA4D-FDEF-BBC0-77146F895669</schemaObject>
<indexSort>SORTED</indexSort>
</PrimaryKey>
</primaryKeys>
<uniqueKeys>
<UniqueKey class="oracle.dbtools.crest.model.design.storage.oracle.v10g.UniqueOraclev10g" name="EMP_EMAIL_UK" id="F7C0EF4B-0871-688F-2C9B-6897FDDE29BF">
<createdBy>oracle</createdBy>
<createdTime>2011-11-14 09:52:47 UTC</createdTime>
<ownerDesignName>sol_19_01</ownerDesignName>
<schemaObject>9C030125-DA4D-FDEF-BBC0-77146F895669</schemaObject>
<indexSort>SORTED</indexSort>
</UniqueKey>
</uniqueKeys>
</TableProxyOraclev11g>