<?xml version = '1.0' encoding = 'UTF-8'?>
<TableProxyOraclev11g class="oracle.dbtools.crest.model.design.storage.oracle.v11g.TableProxyOraclev11g" name="LOCATIONS" directorySegmentName="seg_0" id="C1253BC7-8C4F-A116-9933-A6B677CD0665">
<createdBy>oracle</createdBy>
<createdTime>2011-11-14 09:52:46 UTC</createdTime>
<ownerDesignName>sol_19_01</ownerDesignName>
<schemaObject>9C030125-DA4D-FDEF-BBC0-77146F895669</schemaObject>
<logging>NO</logging>
<partitionedRowMovement>DISABLE</partitionedRowMovement>
<segment>6B91B163-FA43-5464-E875-72FAB74AB2FF</segment>
<tableSpace>111C3590-1269-D1AC-A2CF-8FC66976C4CB</tableSpace>
<indexProxies>
<IndexProxy class="oracle.dbtools.crest.model.design.storage.oracle.v10g.IndexProxyOraclev10g" name="LOC_COUNTRY_IX" id="2E26DA26-21DB-77BD-9A8D-0CCA658D64D5">
<createdBy>oracle</createdBy>
<createdTime>2011-11-14 09:52:47 UTC</createdTime>
<ownerDesignName>sol_19_01</ownerDesignName>
<schemaObject>9C030125-DA4D-FDEF-BBC0-77146F895669</schemaObject>
<logging>NO</logging>
<segment>B77AA5F3-BA9D-BDD2-EE89-B64E7DC074CE</segment>
<tableSpace>111C3590-1269-D1AC-A2CF-8FC66976C4CB</tableSpace>
</IndexProxy>
<IndexProxy class="oracle.dbtools.crest.model.design.storage.oracle.v10g.IndexProxyOraclev10g" name="LOC_CITY_IX" id="CD4DB400-0B09-58EF-1CEC-477651CE1A93">
<createdBy>oracle</createdBy>
<createdTime>2011-11-14 09:52:47 UTC</createdTime>
<ownerDesignName>sol_19_01</ownerDesignName>
<schemaObject>9C030125-DA4D-FDEF-BBC0-77146F895669</schemaObject>
<logging>NO</logging>
<segment>B77AA5F3-BA9D-BDD2-EE89-B64E7DC074CE</segment>
<tableSpace>111C3590-1269-D1AC-A2CF-8FC66976C4CB</tableSpace>
</IndexProxy>
<IndexProxy class="oracle.dbtools.crest.model.design.storage.oracle.v10g.IndexProxyOraclev10g" name="LOC_STATE_PROVINCE_IX" id="ED0151D2-04A3-B789-1944-06B796CACC5E">
<createdBy>oracle</createdBy>
<createdTime>2011-11-14 09:52:47 UTC</createdTime>
<ownerDesignName>sol_19_01</ownerDesignName>
<schemaObject>9C030125-DA4D-FDEF-BBC0-77146F895669</schemaObject>
<logging>NO</logging>
<segment>B77AA5F3-BA9D-BDD2-EE89-B64E7DC074CE</segment>
<tableSpace>111C3590-1269-D1AC-A2CF-8FC66976C4CB</tableSpace>
</IndexProxy>
</indexProxies>
<columnProxies itemClass="oracle.dbtools.crest.model.design.storage.oracle.v12c.ColumnProxyOraclev12c">
<ColumnProxy name="LOCATION_ID" id="26B8DB3C-9ADB-3CC4-77A1-10B495364EE0">
<createdBy>oracle</createdBy>
<createdTime>2011-11-14 09:52:46 UTC</createdTime>
<ownerDesignName>sol_19_01</ownerDesignName>
</ColumnProxy>
<ColumnProxy name="CITY" id="43ACD05F-9A22-0DCC-EBE4-93FB56D2E381">
<createdBy>oracle</createdBy>
<createdTime>2011-11-14 09:52:46 UTC</createdTime>
<ownerDesignName>sol_19_01</ownerDesignName>
</ColumnProxy>
<ColumnProxy name="STATE_PROVINCE" id="5AF69C00-0300-5082-9A01-B1F154664F6A">
<createdBy>oracle</createdBy>
<createdTime>2011-11-14 09:52:46 UTC</createdTime>
<ownerDesignName>sol_19_01</ownerDesignName>
</ColumnProxy>
<ColumnProxy name="COUNTRY_ID" id="AB5C1F53-5B5B-1B5B-AE82-E50BE66C4C14">
<createdBy>oracle</createdBy>
<createdTime>2011-11-14 09:52:46 UTC</createdTime>
<ownerDesignName>sol_19_01</ownerDesignName>
</ColumnProxy>
<ColumnProxy name="STREET_ADDRESS" id="AF17BEEF-2D6B-7889-33D1-72D43E55B9D1">
<createdBy>oracle</createdBy>
<createdTime>2011-11-14 09:52:46 UTC</createdTime>
<ownerDesignName>sol_19_01</ownerDesignName>
</ColumnProxy>
<ColumnProxy name="POSTAL_CODE" id="F7117F4E-7D50-4B25-F4CA-4A6AFDE7A6B7">
<createdBy>oracle</createdBy>
<createdTime>2011-11-14 09:52:46 UTC</createdTime>
<ownerDesignName>sol_19_01</ownerDesignName>
</ColumnProxy>
</columnProxies>
<foreignKeys>
<ForeignKey class="oracle.dbtools.crest.model.design.storage.oracle.v10g.FKProxyOraclev10g" name="LOC_C_ID_FK" id="5040C5B2-D62A-FB3D-9A14-200F97845AE3">
<createdBy>oracle</createdBy>
<createdTime>2011-11-14 09:52:47 UTC</createdTime>
<ownerDesignName>sol_19_01</ownerDesignName>
</ForeignKey>
</foreignKeys>
<primaryKeys>
<PrimaryKey class="oracle.dbtools.crest.model.design.storage.oracle.v10g.PKProxyOraclev10g" name="LOC_ID_PK" id="27C325E8-BDEE-928D-AB19-D8D4822C364A">
<createdBy>oracle</createdBy>
<createdTime>2011-11-14 09:52:47 UTC</createdTime>
<ownerDesignName>sol_19_01</ownerDesignName>
<schemaObject>9C030125-DA4D-FDEF-BBC0-77146F895669</schemaObject>
<indexSort>SORTED</indexSort>
</PrimaryKey>
</primaryKeys>
</TableProxyOraclev11g>