<?xml version = '1.0' encoding = 'UTF-8'?>
<FKIndexAssociation class="oracle.dbtools.crest.model.design.relational.FKIndexAssociation" directorySegmentName="seg_0" id="1C1FF0EB-BDC1-4F02-AB1B-63230820BA54" name="Relation_4">
<createdBy>oracle</createdBy>
<createdTime>2014-02-14 01:22:15 UTC</createdTime>
<generatorID>707796A2-A169-1D04-9F63-F3556BF55946</generatorID>
<ownerDesignName>sol_17_01</ownerDesignName>
<containerWithKeyObject>18784517-E8F6-3735-1798-0297E6BF25CC</containerWithKeyObject>
<deleteRule>NO ACTION</deleteRule>
<localFKIndex>AD3DD20C-4637-1624-80A7-52410B9D3EA4</localFKIndex>
<keyObject>1177A813-F967-A78A-FD95-48C52669428F</keyObject>
<mandatory>true</mandatory>
<transferable>true</transferable>
<columnDependencyConstraintGenerateInDDL>true</columnDependencyConstraintGenerateInDDL>
</FKIndexAssociation>