<?xml version = '1.0' encoding = 'UTF-8'?>
<FKIndexAssociation class="oracle.dbtools.crest.model.design.relational.FKIndexAssociation" directorySegmentName="seg_0" id="3D0FF77A-2ED5-F84E-C6E8-108BF950C15D" name="FK_ASS_1">
<createdBy>oracle</createdBy>
<createdTime>2014-02-14 01:22:15 UTC</createdTime>
<generatorID>F70067C0-4964-5F22-E063-C9F7B87C2A24</generatorID>
<ownerDesignName>sol_17_01</ownerDesignName>
<arc>C6055DDC-1CF4-F8A4-7660-18580A7E3ED4</arc>
<containerWithKeyObject>B05EF8A7-38B9-2465-166B-D5F9ABD5F4FF</containerWithKeyObject>
<deleteRule>NO ACTION</deleteRule>
<localFKIndex>000AA8D4-5201-E0B1-7470-428A6E50F45D</localFKIndex>
<keyObject>1177A813-F967-A78A-FD95-48C52669428F</keyObject>
<mandatory>true</mandatory>
<transferable>true</transferable>
<columnDependencyConstraintGenerateInDDL>true</columnDependencyConstraintGenerateInDDL>
</FKIndexAssociation>