<?xml version = '1.0' encoding = 'UTF-8'?>
<FKIndexAssociation class="oracle.dbtools.crest.model.design.relational.FKIndexAssociation" directorySegmentName="seg_0" id="5C17A8E9-DA9B-BB27-D662-E87580D24E30" name="Relation_3">
<createdBy>oracle</createdBy>
<createdTime>2014-02-14 01:22:15 UTC</createdTime>
<generatorID>697E6E88-1486-04C2-7FC3-5ED24808A00A</generatorID>
<ownerDesignName>sol_17_01</ownerDesignName>
<arc>029EDAF5-A3F1-C405-D67F-3D659E059167</arc>
<containerWithKeyObject>18784517-E8F6-3735-1798-0297E6BF25CC</containerWithKeyObject>
<deleteRule>NO ACTION</deleteRule>
<localFKIndex>6FA7345A-A121-A768-5E89-425FE57D8131</localFKIndex>
<keyObject>CD7D0B98-3507-124E-71CD-2F972652B0DD</keyObject>
<mandatory>false</mandatory>
<transferable>true</transferable>
<columnDependencyConstraintGenerateInDDL>true</columnDependencyConstraintGenerateInDDL>
</FKIndexAssociation>