<?xml version = '1.0' encoding = 'UTF-8'?>
<FKIndexAssociation class="oracle.dbtools.crest.model.design.relational.FKIndexAssociation" directorySegmentName="seg_0" id="72B270FD-FA38-F1DB-5ACB-AEDBC3D5F825" name="Relation_5">
<createdBy>oracle</createdBy>
<createdTime>2014-02-14 01:22:15 UTC</createdTime>
<generatorID>16A781C6-5C12-9B34-F91C-B00C73C8BEDF</generatorID>
<ownerDesignName>sol_17_01</ownerDesignName>
<containerWithKeyObject>4A29C079-8175-E990-2D99-A5191B4EDC2A</containerWithKeyObject>
<deleteRule>NO ACTION</deleteRule>
<localFKIndex>81245272-40F5-B56C-0F4E-87F250222F6F</localFKIndex>
<keyObject>3BDA325D-4D49-5786-A637-E58CB7ED0CED</keyObject>
<mandatory>true</mandatory>
<transferable>true</transferable>
<columnDependencyConstraintGenerateInDDL>true</columnDependencyConstraintGenerateInDDL>
</FKIndexAssociation>