<?xml version = '1.0' encoding = 'UTF-8'?>
<Diagram class="oracle.dbtools.crest.swingui.logical.DPVLogical" name="Logical" id="FDA9903E-A814-8C75-76DD-1F03478DA41E">
<createdBy>oracle</createdBy>
<createdTime>2009-12-15 12:26:58 UTC</createdTime>
<autoRoute>false</autoRoute>
<boxInbox>true</boxInbox>
<showLegend>false</showLegend>
<showLabels>true</showLabels>
<showRelAttributes>false</showRelAttributes>
<showGrid>false</showGrid>
<diagramColor>-1</diagramColor>
<display>false</display>
<notation>0</notation>
<objectViews>
<OView class="oracle.dbtools.crest.swingui.logical.TVEntity" oid="0FD32AA4-C18D-34D7-A786-054DAC0BE3EF" otype="Entity" vid="48F5C535-AFF9-B562-EF61-6174AC00F508">
<hideElementsInCurrentOnly>false</hideElementsInCurrentOnly>
<bounds x="74" y="169" width="179" height="130"/>
<useDefaultColor>false</useDefaultColor>
<backgroundColor>-5971457</backgroundColor>
<foregroundColor>-16776961</foregroundColor>
</OView>
<OView class="oracle.dbtools.crest.swingui.logical.TVEntity" oid="15E9A95F-2A81-16CB-DB34-3440B952EE7E" otype="Entity" vid="4B200BAC-C198-F169-3AD7-94D404B363A9">
<hideElementsInCurrentOnly>false</hideElementsInCurrentOnly>
<bounds x="234" y="381" width="200" height="108"/>
<useDefaultColor>false</useDefaultColor>
<backgroundColor>-5971457</backgroundColor>
<foregroundColor>-16776961</foregroundColor>
</OView>
<OView class="oracle.dbtools.crest.swingui.logical.TVEntity" oid="5FD89C59-D6BB-B9E6-4317-5FCCAD4F6476" otype="Entity" vid="42DB568F-F102-01ED-742A-DA474D497CD5">
<hideElementsInCurrentOnly>false</hideElementsInCurrentOnly>
<bounds x="493" y="488" width="169" height="74"/>
<useDefaultColor>false</useDefaultColor>
<backgroundColor>-5971457</backgroundColor>
<foregroundColor>-16776961</foregroundColor>
</OView>
<OView class="oracle.dbtools.crest.swingui.logical.TVEntity" oid="61A32928-F2A8-830C-9363-8F033C7EEF2B" otype="Entity" vid="70F7D00C-6465-45F8-766E-C8B149D3CBDF">
<hideElementsInCurrentOnly>false</hideElementsInCurrentOnly>
<bounds x="62" y="471" width="120" height="71"/>
<useDefaultColor>false</useDefaultColor>
<backgroundColor>-5971457</backgroundColor>
<foregroundColor>-16776961</foregroundColor>
</OView>
<OView class="oracle.dbtools.crest.swingui.logical.TVEntity" oid="7042EEB2-9AAD-73A4-32F3-D26941A03D10" otype="Entity" vid="1149E244-3352-33A0-9B5B-E53834F37EAF">
<hideElementsInCurrentOnly>false</hideElementsInCurrentOnly>
<bounds x="433" y="80" width="178" height="102"/>
<useDefaultColor>false</useDefaultColor>
<backgroundColor>-5971457</backgroundColor>
<foregroundColor>-16776961</foregroundColor>
</OView>
<OView class="oracle.dbtools.crest.swingui.logical.TVEntity" oid="8530C4E5-1326-E7D5-7378-5DB03BEAFAD9" otype="Entity" vid="5D1A8EB0-884B-987E-D60E-5EDF66BE1FF4">
<hideElementsInCurrentOnly>false</hideElementsInCurrentOnly>
<bounds x="539" y="213" width="118" height="68"/>
<useDefaultColor>false</useDefaultColor>
<backgroundColor>-5971457</backgroundColor>
<foregroundColor>-16776961</foregroundColor>
</OView>
<OView class="oracle.dbtools.crest.swingui.logical.TVEntity" oid="8BDE1348-5E76-D5BE-9F6D-9BD6858B56C1" otype="Entity" vid="B5533C9E-9743-3236-755E-AFDBBB4877DE">
<hideElementsInCurrentOnly>false</hideElementsInCurrentOnly>
<bounds x="42" y="369" width="141" height="60"/>
<useDefaultColor>false</useDefaultColor>
<backgroundColor>-5971457</backgroundColor>
<foregroundColor>-16776961</foregroundColor>
</OView>
<OView class="oracle.dbtools.crest.swingui.logical.TVEntity" oid="9B94C46E-736E-EFEA-FA9C-0416E1058489" otype="Entity" vid="0E7C318D-4EAD-99E8-1F3F-9E2AFD309B64">
<hideElementsInCurrentOnly>false</hideElementsInCurrentOnly>
<bounds x="138" y="30" width="233" height="102"/>
<useDefaultColor>false</useDefaultColor>
<backgroundColor>-5971457</backgroundColor>
<foregroundColor>-16776961</foregroundColor>
</OView>
<OView class="oracle.dbtools.crest.swingui.logical.TVEntity" oid="A9E2F8D2-462B-25E6-9968-B2CA068A9039" otype="Entity" vid="46806D85-3DD4-343A-78F7-BFDE9F76DF11">
<hideElementsInCurrentOnly>false</hideElementsInCurrentOnly>
<bounds x="489" y="324" width="170" height="85"/>
<useDefaultColor>false</useDefaultColor>
<backgroundColor>-5971457</backgroundColor>
<foregroundColor>-16776961</foregroundColor>
</OView>
<OView class="oracle.dbtools.crest.swingui.logical.TVEntity" oid="D2CA86A5-C161-C601-04A5-D01A98898199" otype="Entity" vid="97D95C9E-4369-DB71-DA35-B5F99627DDAE">
<hideElementsInCurrentOnly>false</hideElementsInCurrentOnly>
<bounds x="323" y="221" width="149" height="80"/>
<useDefaultColor>false</useDefaultColor>
<backgroundColor>-5971457</backgroundColor>
<foregroundColor>-16776961</foregroundColor>
</OView>
</objectViews>
<connectors>
<Connector class="oracle.dbtools.crest.swingui.logical.TVRelation" oid="204FBB8E-CB06-E8EF-C8CE-2955354EDB3A" otype="Relation" vid_source="70F7D00C-6465-45F8-766E-C8B149D3CBDF" vid_target="B5533C9E-9743-3236-755E-AFDBBB4877DE">
<hideElementsInCurrentOnly>false</hideElementsInCurrentOnly>
<useDefaultColor>false</useDefaultColor>
<backgroundColor>-16777216</backgroundColor>
<lineWidth>1</lineWidth>
<sourceLabel class="oracle.dbtools.crest.model.design.Label">
<site>0</site>
<labelBounds x="125" y="460" width="39" height="20"/>
<fonts itemClass="oracle.dbtools.crest.model.design.FontObjectWr">
<FontObject>
<foType>Text</foType>
<colorRGB>-16777216</colorRGB>
</FontObject>
</fonts>
</sourceLabel>
<targetLabel class="oracle.dbtools.crest.model.design.Label">
<site>2</site>
<labelBounds x="125" y="428" width="73" height="20"/>
<fonts itemClass="oracle.dbtools.crest.model.design.FontObjectWr">
<FontObject>
<foType>Text</foType>
<colorRGB>-16777216</colorRGB>
</FontObject>
</fonts>
</targetLabel>
<points>
<point x="122" y="471"/>
<point x="122" y="429"/>
</points>
</Connector>
<Connector class="oracle.dbtools.crest.swingui.logical.TVRelation" oid="404E6EEE-DB88-C6CA-55AC-BBBCB11650B3" otype="Relation" vid_source="97D95C9E-4369-DB71-DA35-B5F99627DDAE" vid_target="48F5C535-AFF9-B562-EF61-6174AC00F508">
<hideElementsInCurrentOnly>false</hideElementsInCurrentOnly>
<useDefaultColor>false</useDefaultColor>
<backgroundColor>-16777216</backgroundColor>
<lineWidth>1</lineWidth>
<sourceLabel class="oracle.dbtools.crest.model.design.Label">
<site>0</site>
<labelBounds x="305" y="263" width="36" height="20"/>
<fonts itemClass="oracle.dbtools.crest.model.design.FontObjectWr">
<FontObject>
<foType>Text</foType>
<colorRGB>-16777216</colorRGB>
</FontObject>
</fonts>
</sourceLabel>
<targetLabel class="oracle.dbtools.crest.model.design.Label">
<site>2</site>
<labelBounds x="259" y="263" width="45" height="20"/>
<fonts itemClass="oracle.dbtools.crest.model.design.FontObjectWr">
<FontObject>
<foType>Text</foType>
<colorRGB>-16777216</colorRGB>
</FontObject>
</fonts>
</targetLabel>
<points>
<point x="323" y="260"/>
<point x="253" y="260"/>
</points>
</Connector>
<Connector class="oracle.dbtools.crest.swingui.logical.TVRelation" oid="456DB50B-32A1-598B-CA36-867E2B4A49B6" otype="Relation" vid_source="4B200BAC-C198-F169-3AD7-94D404B363A9" vid_target="48F5C535-AFF9-B562-EF61-6174AC00F508">
<hideElementsInCurrentOnly>false</hideElementsInCurrentOnly>
<useDefaultColor>false</useDefaultColor>
<backgroundColor>-16777216</backgroundColor>
<lineWidth>1</lineWidth>
<sourceLabel class="oracle.dbtools.crest.model.design.Label">
<site>0</site>
<labelBounds x="263" y="359" width="46" height="20"/>
<fonts itemClass="oracle.dbtools.crest.model.design.FontObjectWr">
<FontObject>
<foType>Text</foType>
<colorRGB>-16777216</colorRGB>
</FontObject>
</fonts>
</sourceLabel>
<targetLabel class="oracle.dbtools.crest.model.design.Label">
<site>2</site>
<labelBounds x="153" y="309" width="53" height="20"/>
<fonts itemClass="oracle.dbtools.crest.model.design.FontObjectWr">
<FontObject>
<foType>Text</foType>
<colorRGB>-16777216</colorRGB>
</FontObject>
</fonts>
</targetLabel>
<points>
<point x="303" y="381"/>
<point x="260" y="340"/>
<point x="150" y="340"/>
<point x="184" y="299"/>
</points>
</Connector>
<Connector class="oracle.dbtools.crest.swingui.logical.TVRelation" oid="593359B4-6EFA-2174-4B47-AE513D0F0E67" otype="Relation" vid_source="1149E244-3352-33A0-9B5B-E53834F37EAF" vid_target="48F5C535-AFF9-B562-EF61-6174AC00F508">
<hideElementsInCurrentOnly>false</hideElementsInCurrentOnly>
<useDefaultColor>false</useDefaultColor>
<backgroundColor>-16777216</backgroundColor>
<lineWidth>1</lineWidth>
<sourceLabel class="oracle.dbtools.crest.model.design.Label">
<site>0</site>
<labelBounds x="473" y="189" width="51" height="20"/>
<fonts itemClass="oracle.dbtools.crest.model.design.FontObjectWr">
<FontObject>
<foType>Text</foType>
<colorRGB>-16777216</colorRGB>
</FontObject>
</fonts>
</sourceLabel>
<targetLabel class="oracle.dbtools.crest.model.design.Label">
<site>2</site>
<labelBounds x="311" y="198" width="70" height="20"/>
<fonts itemClass="oracle.dbtools.crest.model.design.FontObjectWr">
<FontObject>
<foType>Text</foType>
<colorRGB>-16777216</colorRGB>
</FontObject>
</fonts>
</targetLabel>
<points>
<point x="433" y="112"/>
<point x="470" y="210"/>
<point x="153" y="169"/>
</points>
</Connector>
<Connector class="oracle.dbtools.crest.swingui.logical.TVRelation" oid="635F91C1-B12A-CBD4-002F-3EA5E7F3125B" otype="Relation" vid_source="46806D85-3DD4-343A-78F7-BFDE9F76DF11" vid_target="48F5C535-AFF9-B562-EF61-6174AC00F508">
<hideElementsInCurrentOnly>false</hideElementsInCurrentOnly>
<useDefaultColor>false</useDefaultColor>
<backgroundColor>-16777216</backgroundColor>
<lineWidth>1</lineWidth>
<sourceLabel class="oracle.dbtools.crest.model.design.Label">
<site>0</site>
<labelBounds x="415" y="333" width="67" height="20"/>
<fonts itemClass="oracle.dbtools.crest.model.design.FontObjectWr">
<FontObject>
<foType>Text</foType>
<colorRGB>-16777216</colorRGB>
</FontObject>
</fonts>
</sourceLabel>
<targetLabel class="oracle.dbtools.crest.model.design.Label">
<site>2</site>
<labelBounds x="240" y="310" width="45" height="20"/>
<fonts itemClass="oracle.dbtools.crest.model.design.FontObjectWr">
<FontObject>
<foType>Text</foType>
<colorRGB>-16777216</colorRGB>
</FontObject>
</fonts>
</targetLabel>
<points>
<point x="489" y="361"/>
<point x="240" y="330"/>
<point x="144" y="299"/>
</points>
</Connector>
<Connector class="oracle.dbtools.crest.swingui.logical.TVRelation" oid="948FB387-CC90-FE61-7912-E43D9C0A4706" otype="Relation" vid_source="4B200BAC-C198-F169-3AD7-94D404B363A9" vid_target="B5533C9E-9743-3236-755E-AFDBBB4877DE">
<hideElementsInCurrentOnly>false</hideElementsInCurrentOnly>
<useDefaultColor>false</useDefaultColor>
<backgroundColor>-16777216</backgroundColor>
<lineWidth>1</lineWidth>
<sourceLabel class="oracle.dbtools.crest.model.design.Label">
<site>0</site>
<labelBounds x="221" y="408" width="45" height="20"/>
<fonts itemClass="oracle.dbtools.crest.model.design.FontObjectWr">
<FontObject>
<foType>Text</foType>
<colorRGB>-16777216</colorRGB>
</FontObject>
</fonts>
</sourceLabel>
<targetLabel class="oracle.dbtools.crest.model.design.Label">
<site>2</site>
<labelBounds x="184" y="408" width="68" height="20"/>
<fonts itemClass="oracle.dbtools.crest.model.design.FontObjectWr">
<FontObject>
<foType>Text</foType>
<colorRGB>-16777216</colorRGB>
</FontObject>
</fonts>
</targetLabel>
<points>
<point x="234" y="405"/>
<point x="183" y="405"/>
</points>
</Connector>
<Connector class="oracle.dbtools.crest.swingui.logical.TVRelation" oid="C1D3D3A8-FAF7-36B6-8349-927969E22AC2" otype="Relation" vid_source="5D1A8EB0-884B-987E-D60E-5EDF66BE1FF4" vid_target="46806D85-3DD4-343A-78F7-BFDE9F76DF11">
<hideElementsInCurrentOnly>false</hideElementsInCurrentOnly>
<useDefaultColor>false</useDefaultColor>
<backgroundColor>-16777216</backgroundColor>
<lineWidth>1</lineWidth>
<sourceLabel class="oracle.dbtools.crest.model.design.Label">
<site>0</site>
<labelBounds x="601" y="280" width="45" height="20"/>
<fonts itemClass="oracle.dbtools.crest.model.design.FontObjectWr">
<FontObject>
<foType>Text</foType>
<colorRGB>-16777216</colorRGB>
</FontObject>
</fonts>
</sourceLabel>
<targetLabel class="oracle.dbtools.crest.model.design.Label">
<site>2</site>
<labelBounds x="601" y="313" width="78" height="20"/>
<fonts itemClass="oracle.dbtools.crest.model.design.FontObjectWr">
<FontObject>
<foType>Text</foType>
<colorRGB>-16777216</colorRGB>
</FontObject>
</fonts>
</targetLabel>
<points>
<point x="598" y="281"/>
<point x="598" y="324"/>
</points>
</Connector>
<Connector class="oracle.dbtools.crest.swingui.logical.TVRelation" oid="D7DD1A13-82F0-9148-4F8D-84328F13ECBD" otype="Relation" vid_source="0E7C318D-4EAD-99E8-1F3F-9E2AFD309B64" vid_target="1149E244-3352-33A0-9B5B-E53834F37EAF">
<hideElementsInCurrentOnly>false</hideElementsInCurrentOnly>
<lineWidth>1</lineWidth>
<points>
<point x="371" y="106"/>
<point x="433" y="106"/>
</points>
</Connector>
<Connector class="oracle.dbtools.crest.swingui.logical.TVRelation" oid="ECD5D45F-CED9-2A31-5871-01842E5D99CF" otype="Relation" vid_source="42DB568F-F102-01ED-742A-DA474D497CD5" vid_target="4B200BAC-C198-F169-3AD7-94D404B363A9">
<hideElementsInCurrentOnly>false</hideElementsInCurrentOnly>
<useDefaultColor>false</useDefaultColor>
<backgroundColor>-16777216</backgroundColor>
<lineWidth>1</lineWidth>
<sourceLabel class="oracle.dbtools.crest.model.design.Label">
<site>0</site>
<labelBounds x="450" y="521" width="53" height="20"/>
<fonts itemClass="oracle.dbtools.crest.model.design.FontObjectWr">
<FontObject>
<foType>Text</foType>
<colorRGB>-16777216</colorRGB>
</FontObject>
</fonts>
</sourceLabel>
<targetLabel class="oracle.dbtools.crest.model.design.Label">
<site>2</site>
<labelBounds x="368" y="500" width="72" height="20"/>
<fonts itemClass="oracle.dbtools.crest.model.design.FontObjectWr">
<FontObject>
<foType>Text</foType>
<colorRGB>-16777216</colorRGB>
</FontObject>
</fonts>
</targetLabel>
<points>
<point x="552" y="488"/>
<point x="368" y="518"/>
<point x="313" y="489"/>
</points>
</Connector>
<Connector class="oracle.dbtools.crest.swingui.logical.TVRelation" oid="FE4C8154-2F2B-9385-AB82-6E393B341B29" otype="Relation" vid_source="42DB568F-F102-01ED-742A-DA474D497CD5" vid_target="46806D85-3DD4-343A-78F7-BFDE9F76DF11">
<hideElementsInCurrentOnly>false</hideElementsInCurrentOnly>
<useDefaultColor>false</useDefaultColor>
<backgroundColor>-16777216</backgroundColor>
<lineWidth>1</lineWidth>
<sourceLabel class="oracle.dbtools.crest.model.design.Label">
<site>0</site>
<labelBounds x="555" y="468" width="46" height="20"/>
<fonts itemClass="oracle.dbtools.crest.model.design.FontObjectWr">
<FontObject>
<foType>Text</foType>
<colorRGB>-16777216</colorRGB>
</FontObject>
</fonts>
</sourceLabel>
<targetLabel class="oracle.dbtools.crest.model.design.Label">
<site>2</site>
<labelBounds x="555" y="417" width="66" height="20"/>
<fonts itemClass="oracle.dbtools.crest.model.design.FontObjectWr">
<FontObject>
<foType>Text</foType>
<colorRGB>-16777216</colorRGB>
</FontObject>
</fonts>
</targetLabel>
<points>
<point x="552" y="488"/>
<point x="552" y="409"/>
</points>
</Connector>
</connectors>
<arcs>
<Arc class="oracle.dbtools.crest.swingui.logical.TVArc" oid="96D65F06-8DB3-6E25-2828-6D1C582A990C" otype="Arc" vid="392AF48D-4884-7E32-F745-3617F231473C">
<hideElementsInCurrentOnly>false</hideElementsInCurrentOnly>
<bounds x="54" y="149" width="219" height="170"/>
</Arc>
</arcs>
</Diagram>