<?xml version = '1.0' encoding = 'UTF-8'?>
<Relation class="oracle.dbtools.crest.model.design.logical.Relation" name="Relation_5" directorySegmentName="seg_0" id="16A781C6-5C12-9B34-F91C-B00C73C8BEDF">
<createdBy>oracle</createdBy>
<createdTime>2009-12-08 15:11:00 UTC</createdTime>
<ownerDesignName>sol_13_01</ownerDesignName>
<engineerTo>
<item key="8AE5E53E-8372-8DFA-5DED-F0FF639897E2" value="true"/>
</engineerTo>
<sourcePk>556105E5-7D9C-835C-A1A0-AD27C97FAC98</sourcePk>
<identifying>false</identifying>
<nameOnSource>attached to</nameOnSource>
<nameOnTarget>categorized as</nameOnTarget>
<optionalSource>true</optionalSource>
<optionalTarget>false</optionalTarget>
<sourceCardinality>1</sourceCardinality>
<sourceEntity>3CB299B3-3FB4-22E2-351F-7880ED7F0D3A</sourceEntity>
<targetCardinalityString>*</targetCardinalityString>
<targetEntity>E6958574-63BB-DAAB-B042-CB0F42D6833A</targetEntity>
<transferable>true</transferable>
</Relation>