<?xml version = '1.0' encoding = 'UTF-8'?>
<Relation class="oracle.dbtools.crest.model.design.logical.Relation" name="Relation_7" directorySegmentName="seg_0" id="388D7135-077E-6B40-CC37-AFF29E6107C0">
<createdBy>oracle</createdBy>
<createdTime>2009-12-08 15:11:14 UTC</createdTime>
<ownerDesignName>sol_13_01</ownerDesignName>
<engineerTo>
<item key="8AE5E53E-8372-8DFA-5DED-F0FF639897E2" value="true"/>
</engineerTo>
<sourcePk>0F1EDB45-F4A2-E4D6-61C2-AFA83AC6D10D</sourcePk>
<identifying>false</identifying>
<nameOnSource>the drop-off point for</nameOnSource>
<nameOnTarget>destined for</nameOnTarget>
<optionalSource>true</optionalSource>
<optionalTarget>false</optionalTarget>
<sourceCardinality>1</sourceCardinality>
<sourceEntity>EF13EC74-7B77-A761-5AAF-695083F94641</sourceEntity>
<targetCardinalityString>*</targetCardinalityString>
<targetEntity>143FEAB2-F549-4D0D-864A-9CE4A2BB05F7</targetEntity>
<transferable>true</transferable>
</Relation>