<?xml version = '1.0' encoding = 'UTF-8'?>
<Relation class="oracle.dbtools.crest.model.design.logical.Relation" name="Relation_3" directorySegmentName="seg_0" id="697E6E88-1486-04C2-7FC3-5ED24808A00A">
<createdBy>oracle</createdBy>
<createdTime>2009-12-08 15:10:39 UTC</createdTime>
<ownerDesignName>sol_13_01</ownerDesignName>
<engineerTo>
<item key="8AE5E53E-8372-8DFA-5DED-F0FF639897E2" value="true"/>
</engineerTo>
<sourcePk>2C5CC6C1-5E01-C9AC-1FBC-0769C6385883</sourcePk>
<arc>7CBC4CB6-EFCD-D0DB-C01E-C65D79B752AD</arc>
<identifying>false</identifying>
<nameOnSource>be involved with</nameOnSource>
<nameOnTarget>associated with</nameOnTarget>
<optionalSource>true</optionalSource>
<optionalTarget>false</optionalTarget>
<sourceCardinality>1</sourceCardinality>
<sourceEntity>6A54C8FD-DEAD-F4D3-A240-62FCF5817489</sourceEntity>
<targetCardinalityString>*</targetCardinalityString>
<targetEntity>143FEAB2-F549-4D0D-864A-9CE4A2BB05F7</targetEntity>
<transferable>true</transferable>
</Relation>