<?xml version = '1.0' encoding = 'UTF-8'?>
<Relation class="oracle.dbtools.crest.model.design.logical.Relation" name="Relation_8" directorySegmentName="seg_0" id="C7224D5A-69D5-D23E-8057-C7A24DB04704">
<createdBy>oracle</createdBy>
<createdTime>2009-12-08 15:11:19 UTC</createdTime>
<ownerDesignName>sol_13_01</ownerDesignName>
<engineerTo>
<item key="8AE5E53E-8372-8DFA-5DED-F0FF639897E2" value="true"/>
</engineerTo>
<sourcePk>0F1EDB45-F4A2-E4D6-61C2-AFA83AC6D10D</sourcePk>
<identifying>false</identifying>
<nameOnSource>store</nameOnSource>
<nameOnTarget>stored at</nameOnTarget>
<optionalSource>true</optionalSource>
<optionalTarget>false</optionalTarget>
<sourceCardinality>1</sourceCardinality>
<sourceEntity>EF13EC74-7B77-A761-5AAF-695083F94641</sourceEntity>
<targetCardinalityString>*</targetCardinalityString>
<targetEntity>E6958574-63BB-DAAB-B042-CB0F42D6833A</targetEntity>
<transferable>true</transferable>
</Relation>