<?xml version = '1.0' encoding = 'UTF-8'?>
<Note class="oracle.dbtools.crest.model.design.Note" name="Note_1" directorySegmentName="seg_0" id="75084721-E07C-7C62-1A48-BE6BF9EB9992">
<createdBy>smharper</createdBy>
<createdTime>2011-01-07 09:18:59 UTC</createdTime>
<comment>      SQL Developer Data Modeler 4.0 &lt;br&gt;   ORDER ENTRY (OE)  Relational Model&lt;br&gt;==================================&lt;br&gt;This relational model is based on the import of the OE Sample Schema.</comment>
<ownerDesignName>OE_Sample</ownerDesignName>
</Note>