<?xml version = '1.0' encoding = 'UTF-8'?>
<Relation class="oracle.dbtools.crest.model.design.logical.Relation" name="Relation_2" directorySegmentName="seg_0" id="603C999A-F041-DD1A-7695-DCD039B9D0B0">
<createdBy>oracle</createdBy>
<createdTime>2009-12-01 22:04:25 UTC</createdTime>
<ownerDesignName>sol_12_01_a</ownerDesignName>
<engineerTo>
<item key="B51C06AB-33A0-2C3F-5CA7-E75171D56A70" value="true"/>
</engineerTo>
<sourcePk>2001371D-AF01-CFD5-FF07-2D4C36CC4D65</sourcePk>
<identifying>true</identifying>
<nameOnSource>assigned</nameOnSource>
<nameOnTarget>includes</nameOnTarget>
<optionalSource>true</optionalSource>
<optionalTarget>false</optionalTarget>
<sourceCardinality>1</sourceCardinality>
<sourceEntity>6BD48D4D-C42F-8C9D-E0CB-8F44103CB672</sourceEntity>
<targetCardinalityString>*</targetCardinalityString>
<targetEntity>D65CDEC7-E791-7A65-AB93-B82ACCE1E4EC</targetEntity>
<transferable>true</transferable>
</Relation>