<?xml version = '1.0' encoding = 'UTF-8'?>
<Relation class="oracle.dbtools.crest.model.design.logical.Relation" name="Relation_3" directorySegmentName="seg_0" id="B0DF4D1A-2F9E-CEB1-25E0-3D8715975DF8">
<createdBy>oracle</createdBy>
<createdTime>2009-12-01 22:04:29 UTC</createdTime>
<ownerDesignName>sol_12_01_a</ownerDesignName>
<engineerTo>
<item key="B51C06AB-33A0-2C3F-5CA7-E75171D56A70" value="true"/>
</engineerTo>
<sourcePk>75F32CA7-9ED3-6377-4CE4-D55F0009A74A</sourcePk>
<identifying>true</identifying>
<nameOnSource>consist of</nameOnSource>
<nameOnTarget>for</nameOnTarget>
<optionalSource>true</optionalSource>
<optionalTarget>false</optionalTarget>
<sourceCardinality>1</sourceCardinality>
<sourceEntity>03AA80C1-F439-D523-F5E8-CBC314E85462</sourceEntity>
<targetCardinalityString>*</targetCardinalityString>
<targetEntity>D65CDEC7-E791-7A65-AB93-B82ACCE1E4EC</targetEntity>
<transferable>true</transferable>
</Relation>