<?xml version = '1.0' encoding = 'UTF-8'?>
<Entity class="oracle.dbtools.crest.model.design.logical.Entity" directorySegmentName="seg_0" id="3891E9B5-9F40-7A15-8142-C556514B7AD4" name="JOB_HISTORY">
<createdBy>oracle</createdBy>
<createdTime>2011-11-14 09:54:30 UTC</createdTime>
<commentInRDBMS>Table that stores job history of the employees. If an employee&lt;br/&gt;changes departments within the job or changes jobs within the department,&lt;br/&gt;new rows get inserted into this table with old job information of the&lt;br/&gt;employee. Contains a complex primary key: employee_id+start_date.&lt;br/&gt;Contains 25 rows. References with jobs, employees, and departments tables.</commentInRDBMS>
<generatorID>6A7D5A36-EFB3-AC42-36F6-176EE28443EB</generatorID>
<ownerDesignName>sol_19_01</ownerDesignName>
<engineerTo>
<item key="2C593812-CBA1-65FE-F9AA-5B6F4EFA8912" value="true"/>
<item key="26422F9F-4DF2-FEC0-08AE-5485848DD93C" value="true"/>
</engineerTo>
<adequatelyNormalized>NO</adequatelyNormalized>
<expectedVolumes>0</expectedVolumes>
<fwdEngineeringStrategyName>Single Table</fwdEngineeringStrategyName>
<growthPercent>0</growthPercent>
<growthType>Year</growthType>
<maxVolumes>9999999</maxVolumes>
<minVolumes>0</minVolumes>
<normalForm>Third</normalForm>
<attributes itemClass="oracle.dbtools.crest.model.design.logical.Attribute">
<Attribute name="EMPLOYEE_ID" id="0F107B42-7D3A-C7A1-48E3-600299592B11">
<createdBy>oracle</createdBy>
<createdTime>2011-11-14 09:54:30 UTC</createdTime>
<commentInRDBMS>A not null column in the complex primary key employee_id+start_date.&lt;br/&gt;Foreign key to employee_id column of the employee table</commentInRDBMS>
<generatorID>970EF68C-708C-1DA8-7385-944796283240</generatorID>
<ownerDesignName>sol_19_01</ownerDesignName>
<engineerTo>
<item key="2C593812-CBA1-65FE-F9AA-5B6F4EFA8912" value="true"/>
<item key="26422F9F-4DF2-FEC0-08AE-5485848DD93C" value="true"/>
</engineerTo>
<referedAttribute>44D6EC71-9353-E400-4399-113950A57264</referedAttribute>
<useDomainConstraints>false</useDomainConstraints>
<use>1</use>
<logicalDatatype>LOGDT019</logicalDatatype>
<dataTypePrecision>6</dataTypePrecision>
<dataTypeScale>0</dataTypeScale>
</Attribute>
<Attribute name="START_DATE" id="61A9BE16-F223-A77F-0FDA-CF9D89B8D4B7">
<createdBy>oracle</createdBy>
<createdTime>2011-11-14 09:54:30 UTC</createdTime>
<commentInRDBMS>A not null column in the complex primary key employee_id+start_date.&lt;br/&gt;Must be less than the end_date of the job_history table. (enforced by&lt;br/&gt;constraint jhist_date_interval)</commentInRDBMS>
<generatorID>7191DA23-8722-1035-190E-7D8C5A62837A</generatorID>
<ownerDesignName>sol_19_01</ownerDesignName>
<engineerTo>
<item key="2C593812-CBA1-65FE-F9AA-5B6F4EFA8912" value="true"/>
<item key="26422F9F-4DF2-FEC0-08AE-5485848DD93C" value="true"/>
</engineerTo>
<useDomainConstraints>false</useDomainConstraints>
<use>1</use>
<logicalDatatype>LOGDT007</logicalDatatype>
<dataTypeSize>7</dataTypeSize>
</Attribute>
<Attribute name="END_DATE" id="4B3CD158-2C32-02CB-B0AB-99682386C329">
<createdBy>oracle</createdBy>
<createdTime>2011-11-14 09:54:30 UTC</createdTime>
<commentInRDBMS>Last day of the employee in this job role. A not null column. Must be&lt;br/&gt;greater than the start_date of the job_history table.&lt;br/&gt;(enforced by constraint jhist_date_interval)</commentInRDBMS>
<generatorID>A36A5516-50BA-09D4-573F-98C2C39EFE4B</generatorID>
<ownerDesignName>sol_19_01</ownerDesignName>
<engineerTo>
<item key="2C593812-CBA1-65FE-F9AA-5B6F4EFA8912" value="true"/>
<item key="26422F9F-4DF2-FEC0-08AE-5485848DD93C" value="true"/>
</engineerTo>
<useDomainConstraints>false</useDomainConstraints>
<use>1</use>
<logicalDatatype>LOGDT007</logicalDatatype>
<dataTypeSize>7</dataTypeSize>
</Attribute>
<Attribute name="JOB_ID" id="200255E9-0A47-FEAD-C92E-542756088802">
<createdBy>oracle</createdBy>
<createdTime>2011-11-14 09:54:30 UTC</createdTime>
<commentInRDBMS>Job role in which the employee worked in the past; foreign key to&lt;br/&gt;job_id column in the jobs table. A not null column.</commentInRDBMS>
<generatorID>8DFCC093-6768-E08E-FA48-1FCE643EA37F</generatorID>
<ownerDesignName>sol_19_01</ownerDesignName>
<engineerTo>
<item key="2C593812-CBA1-65FE-F9AA-5B6F4EFA8912" value="true"/>
<item key="26422F9F-4DF2-FEC0-08AE-5485848DD93C" value="true"/>
</engineerTo>
<referedAttribute>BBE228B5-6B28-62AF-F3F8-C383048BF293</referedAttribute>
<useDomainConstraints>false</useDomainConstraints>
<use>1</use>
<logicalDatatype>LOGDT024</logicalDatatype>
<dataTypeSize>10 BYTE</dataTypeSize>
</Attribute>
<Attribute name="DEPARTMENT_ID" id="D7DD4C23-F48F-BAC6-7D31-AC1AC7E8AA8E">
<createdBy>oracle</createdBy>
<createdTime>2011-11-14 09:54:30 UTC</createdTime>
<commentInRDBMS>Department id in which the employee worked in the past; foreign key to deparment_id column in the departments table</commentInRDBMS>
<generatorID>8302B540-5DD3-23E7-E7BC-DE0C6C63A7BE</generatorID>
<ownerDesignName>sol_19_01</ownerDesignName>
<engineerTo>
<item key="2C593812-CBA1-65FE-F9AA-5B6F4EFA8912" value="true"/>
<item key="26422F9F-4DF2-FEC0-08AE-5485848DD93C" value="true"/>
</engineerTo>
<nullsAllowed>true</nullsAllowed>
<referedAttribute>4CD1E999-4CFE-3A44-0C1E-9DE9A121EB02</referedAttribute>
<useDomainConstraints>false</useDomainConstraints>
<use>1</use>
<logicalDatatype>LOGDT019</logicalDatatype>
<dataTypePrecision>4</dataTypePrecision>
<dataTypeScale>0</dataTypeScale>
</Attribute>
</attributes>
<identifiers itemClass="oracle.dbtools.crest.model.design.logical.CandidateKey">
<identifier id="7D343CB2-A126-5046-7CC2-C892B2860441" name="JHIST_EMP_ID_ST_DATE_PK">
<createdBy>oracle</createdBy>
<createdTime>2011-11-14 09:54:30 UTC</createdTime>
<generatorID>DD6223CD-3C03-7E67-80CC-D2CEB6427D73</generatorID>
<ownerDesignName>sol_19_01</ownerDesignName>
<engineerTo>
<item key="2C593812-CBA1-65FE-F9AA-5B6F4EFA8912" value="true"/>
<item key="26422F9F-4DF2-FEC0-08AE-5485848DD93C" value="true"/>
</engineerTo>
<pk>true</pk>
<usedAttributes>
<attributeRef>0F107B42-7D3A-C7A1-48E3-600299592B11</attributeRef>
<attributeRef>61A9BE16-F223-A77F-0FDA-CF9D89B8D4B7</attributeRef>
</usedAttributes>
</identifier>
</identifiers>
</Entity>