<?xml version = '1.0' encoding = 'UTF-8'?>
<Entity class="oracle.dbtools.crest.model.design.logical.Entity" directorySegmentName="seg_0" id="80BD1D78-50A9-837E-0E18-923B058D7EAC" name="EMPLOYEES">
<createdBy>oracle</createdBy>
<createdTime>2011-11-14 09:54:30 UTC</createdTime>
<commentInRDBMS>employees table. Contains 107 rows. References with departments,&lt;br/&gt;jobs, job_history tables. Contains a self reference.</commentInRDBMS>
<generatorID>BFE0AFBC-5FAA-935D-FAAB-82DEE0543442</generatorID>
<ownerDesignName>sol_19_01</ownerDesignName>
<engineerTo>
<item key="2C593812-CBA1-65FE-F9AA-5B6F4EFA8912" value="true"/>
<item key="26422F9F-4DF2-FEC0-08AE-5485848DD93C" value="true"/>
</engineerTo>
<adequatelyNormalized>NO</adequatelyNormalized>
<expectedVolumes>0</expectedVolumes>
<fwdEngineeringStrategyName>Single Table</fwdEngineeringStrategyName>
<growthPercent>0</growthPercent>
<growthType>Year</growthType>
<maxVolumes>9999999</maxVolumes>
<minVolumes>0</minVolumes>
<normalForm>Third</normalForm>
<attributes itemClass="oracle.dbtools.crest.model.design.logical.Attribute">
<Attribute name="EMPLOYEE_ID" id="44D6EC71-9353-E400-4399-113950A57264">
<createdBy>oracle</createdBy>
<createdTime>2011-11-14 09:54:30 UTC</createdTime>
<commentInRDBMS>Primary key of employees table.</commentInRDBMS>
<generatorID>563B1F0D-5FDF-28A5-F1ED-51600E5C017F</generatorID>
<ownerDesignName>sol_19_01</ownerDesignName>
<engineerTo>
<item key="2C593812-CBA1-65FE-F9AA-5B6F4EFA8912" value="true"/>
<item key="26422F9F-4DF2-FEC0-08AE-5485848DD93C" value="true"/>
</engineerTo>
<useDomainConstraints>false</useDomainConstraints>
<use>1</use>
<logicalDatatype>LOGDT019</logicalDatatype>
<dataTypePrecision>6</dataTypePrecision>
<dataTypeScale>0</dataTypeScale>
</Attribute>
<Attribute name="FIRST_NAME" id="F8DE11B8-47BB-425F-FAD6-65098544B3B5">
<createdBy>oracle</createdBy>
<createdTime>2011-11-14 09:54:30 UTC</createdTime>
<commentInRDBMS>First name of the employee. A not null column.</commentInRDBMS>
<generatorID>AC6CFFF2-188D-6591-4ADA-4284C63EC34F</generatorID>
<ownerDesignName>sol_19_01</ownerDesignName>
<engineerTo>
<item key="2C593812-CBA1-65FE-F9AA-5B6F4EFA8912" value="true"/>
<item key="26422F9F-4DF2-FEC0-08AE-5485848DD93C" value="true"/>
</engineerTo>
<nullsAllowed>true</nullsAllowed>
<useDomainConstraints>false</useDomainConstraints>
<use>1</use>
<logicalDatatype>LOGDT024</logicalDatatype>
<dataTypeSize>20 BYTE</dataTypeSize>
</Attribute>
<Attribute name="LAST_NAME" id="65A1F74B-BCE6-5894-8A14-D7C7B9D0682A">
<createdBy>oracle</createdBy>
<createdTime>2011-11-14 09:54:30 UTC</createdTime>
<commentInRDBMS>Last name of the employee. A not null column.</commentInRDBMS>
<generatorID>370705DC-A3DA-B0F2-9F91-1A9A6AF08876</generatorID>
<ownerDesignName>sol_19_01</ownerDesignName>
<engineerTo>
<item key="2C593812-CBA1-65FE-F9AA-5B6F4EFA8912" value="true"/>
<item key="26422F9F-4DF2-FEC0-08AE-5485848DD93C" value="true"/>
</engineerTo>
<useDomainConstraints>false</useDomainConstraints>
<use>1</use>
<logicalDatatype>LOGDT024</logicalDatatype>
<dataTypeSize>25 BYTE</dataTypeSize>
</Attribute>
<Attribute name="HIRE_DATE" id="5DAEAEFA-B199-57EC-3E9E-C189D4F63BF2">
<createdBy>oracle</createdBy>
<createdTime>2011-11-14 09:54:30 UTC</createdTime>
<commentInRDBMS>Date when the employee started on this job. A not null column.</commentInRDBMS>
<generatorID>7EC228B4-7CE2-2BCB-CF1B-4F4A9D95D14E</generatorID>
<ownerDesignName>sol_19_01</ownerDesignName>
<engineerTo>
<item key="2C593812-CBA1-65FE-F9AA-5B6F4EFA8912" value="true"/>
<item key="26422F9F-4DF2-FEC0-08AE-5485848DD93C" value="true"/>
</engineerTo>
<useDomainConstraints>false</useDomainConstraints>
<use>1</use>
<logicalDatatype>LOGDT007</logicalDatatype>
</Attribute>
<Attribute name="EMAIL" id="72CD5483-8BEB-A1E2-42A7-381F6C5F05E8">
<createdBy>oracle</createdBy>
<createdTime>2011-11-14 09:54:30 UTC</createdTime>
<commentInRDBMS>Email id of the employee</commentInRDBMS>
<generatorID>5DC6F383-52B6-3D60-1F18-898A56CFF04B</generatorID>
<ownerDesignName>sol_19_01</ownerDesignName>
<engineerTo>
<item key="2C593812-CBA1-65FE-F9AA-5B6F4EFA8912" value="true"/>
<item key="26422F9F-4DF2-FEC0-08AE-5485848DD93C" value="true"/>
</engineerTo>
<useDomainConstraints>false</useDomainConstraints>
<use>1</use>
<logicalDatatype>LOGDT024</logicalDatatype>
<dataTypeSize>25 BYTE</dataTypeSize>
</Attribute>
<Attribute name="PHONE_NUMBER" id="852F77E7-B27A-C8E0-4FDC-79BEC8908247">
<createdBy>oracle</createdBy>
<createdTime>2011-11-14 09:54:30 UTC</createdTime>
<commentInRDBMS>Phone number of the employee; includes country code and area code</commentInRDBMS>
<generatorID>2BF2CC5D-F75C-FED9-0D94-53F763672986</generatorID>
<ownerDesignName>sol_19_01</ownerDesignName>
<engineerTo>
<item key="2C593812-CBA1-65FE-F9AA-5B6F4EFA8912" value="true"/>
<item key="26422F9F-4DF2-FEC0-08AE-5485848DD93C" value="true"/>
</engineerTo>
<nullsAllowed>true</nullsAllowed>
<useDomainConstraints>false</useDomainConstraints>
<use>1</use>
<logicalDatatype>LOGDT024</logicalDatatype>
<dataTypeSize>20 BYTE</dataTypeSize>
</Attribute>
<Attribute name="JOB_ID" id="AC8F3DCA-94C4-643C-B2D2-FD61CCE97473">
<createdBy>oracle</createdBy>
<createdTime>2011-11-14 09:54:30 UTC</createdTime>
<commentInRDBMS>Current job of the employee; foreign key to job_id column of the&lt;br/&gt;jobs table. A not null column.</commentInRDBMS>
<generatorID>1EFE48E1-FADF-E74C-2E39-4A329A9E7389</generatorID>
<ownerDesignName>sol_19_01</ownerDesignName>
<engineerTo>
<item key="2C593812-CBA1-65FE-F9AA-5B6F4EFA8912" value="true"/>
<item key="26422F9F-4DF2-FEC0-08AE-5485848DD93C" value="true"/>
</engineerTo>
<referedAttribute>BBE228B5-6B28-62AF-F3F8-C383048BF293</referedAttribute>
<useDomainConstraints>false</useDomainConstraints>
<use>1</use>
<logicalDatatype>LOGDT024</logicalDatatype>
<dataTypeSize>10 BYTE</dataTypeSize>
</Attribute>
<Attribute name="SALARY" id="C65046EB-E315-6ECD-1779-FE02468CCD20">
<createdBy>oracle</createdBy>
<createdTime>2011-11-14 09:54:30 UTC</createdTime>
<commentInRDBMS>Monthly salary of the employee. Must be greater&lt;br/&gt;than zero (enforced by constraint emp_salary_min)</commentInRDBMS>
<generatorID>B3C6502A-3EFE-C6DE-3737-D453F9B9C224</generatorID>
<ownerDesignName>sol_19_01</ownerDesignName>
<engineerTo>
<item key="2C593812-CBA1-65FE-F9AA-5B6F4EFA8912" value="true"/>
<item key="26422F9F-4DF2-FEC0-08AE-5485848DD93C" value="true"/>
</engineerTo>
<constraintName>EMP_SALARY_MIN</constraintName>
<nullsAllowed>true</nullsAllowed>
<useDomainConstraints>false</useDomainConstraints>
<use>1</use>
<logicalDatatype>LOGDT019</logicalDatatype>
<dataTypePrecision>8</dataTypePrecision>
<dataTypeScale>2</dataTypeScale>
<checkConstraint>
<implementationDef dbType="Oracle Database 11g" definition="salary &gt; 0"/>
</checkConstraint>
</Attribute>
<Attribute name="COMMISSION_PCT" id="CFE364A9-3E5B-E27E-35A2-371CDB720DBB">
<createdBy>oracle</createdBy>
<createdTime>2011-11-14 09:54:30 UTC</createdTime>
<commentInRDBMS>Commission percentage of the employee; Only employees in sales&lt;br/&gt;department elgible for commission percentage</commentInRDBMS>
<generatorID>2A85045E-6CBE-08CA-14C8-B0FEF61B6654</generatorID>
<ownerDesignName>sol_19_01</ownerDesignName>
<engineerTo>
<item key="2C593812-CBA1-65FE-F9AA-5B6F4EFA8912" value="true"/>
<item key="26422F9F-4DF2-FEC0-08AE-5485848DD93C" value="true"/>
</engineerTo>
<nullsAllowed>true</nullsAllowed>
<useDomainConstraints>false</useDomainConstraints>
<use>1</use>
<logicalDatatype>LOGDT019</logicalDatatype>
<dataTypePrecision>2</dataTypePrecision>
<dataTypeScale>2</dataTypeScale>
</Attribute>
<Attribute name="EMPLOYEE_ID1" id="43ED0B96-DB59-9997-AE36-6C05E48D5691">
<createdBy>oracle</createdBy>
<createdTime>2011-11-14 09:54:30 UTC</createdTime>
<commentInRDBMS>Manager id of the employee; has same domain as manager_id in&lt;br/&gt;departments table. Foreign key to employee_id column of employees table.&lt;br/&gt;(useful for reflexive joins and CONNECT BY query)</commentInRDBMS>
<generatorID>ED2E3021-4797-F711-FD93-FA42F930B57A</generatorID>
<ownerDesignName>sol_19_01</ownerDesignName>
<engineerTo>
<item key="2C593812-CBA1-65FE-F9AA-5B6F4EFA8912" value="true"/>
<item key="26422F9F-4DF2-FEC0-08AE-5485848DD93C" value="true"/>
</engineerTo>
<nullsAllowed>true</nullsAllowed>
<referedAttribute>44D6EC71-9353-E400-4399-113950A57264</referedAttribute>
<useDomainConstraints>false</useDomainConstraints>
<use>1</use>
<logicalDatatype>LOGDT019</logicalDatatype>
<dataTypePrecision>6</dataTypePrecision>
<dataTypeScale>0</dataTypeScale>
</Attribute>
<Attribute name="DEPARTMENT_ID" id="F93CD5E7-3877-C5B2-2F9E-88C122B4455C">
<createdBy>oracle</createdBy>
<createdTime>2011-11-14 09:54:30 UTC</createdTime>
<commentInRDBMS>Department id where employee works; foreign key to department_id&lt;br/&gt;column of the departments table</commentInRDBMS>
<generatorID>9275E559-11AE-8840-6FAD-6C2E0855E60B</generatorID>
<ownerDesignName>sol_19_01</ownerDesignName>
<engineerTo>
<item key="2C593812-CBA1-65FE-F9AA-5B6F4EFA8912" value="true"/>
<item key="26422F9F-4DF2-FEC0-08AE-5485848DD93C" value="true"/>
</engineerTo>
<nullsAllowed>true</nullsAllowed>
<referedAttribute>4CD1E999-4CFE-3A44-0C1E-9DE9A121EB02</referedAttribute>
<useDomainConstraints>false</useDomainConstraints>
<use>1</use>
<logicalDatatype>LOGDT019</logicalDatatype>
<dataTypePrecision>4</dataTypePrecision>
<dataTypeScale>0</dataTypeScale>
</Attribute>
</attributes>
<identifiers itemClass="oracle.dbtools.crest.model.design.logical.CandidateKey">
<identifier id="E54762FB-61C2-D279-8296-E1ECA4DB0C49" name="EMP_EMAIL_UK">
<createdBy>oracle</createdBy>
<createdTime>2011-11-14 09:54:30 UTC</createdTime>
<generatorID>F7C0EF4B-0871-688F-2C9B-6897FDDE29BF</generatorID>
<ownerDesignName>sol_19_01</ownerDesignName>
<engineerTo>
<item key="2C593812-CBA1-65FE-F9AA-5B6F4EFA8912" value="true"/>
<item key="26422F9F-4DF2-FEC0-08AE-5485848DD93C" value="true"/>
</engineerTo>
<usedAttributes>
<attributeRef>72CD5483-8BEB-A1E2-42A7-381F6C5F05E8</attributeRef>
</usedAttributes>
</identifier>
<identifier id="525A8C03-5243-F5E2-20DD-62EA25D5CE71" name="EMP_EMP_ID_PK">
<createdBy>oracle</createdBy>
<createdTime>2011-11-14 09:54:30 UTC</createdTime>
<generatorID>EF4FFB93-EE84-A5AC-7BAD-B89D6F884F5C</generatorID>
<ownerDesignName>sol_19_01</ownerDesignName>
<engineerTo>
<item key="2C593812-CBA1-65FE-F9AA-5B6F4EFA8912" value="true"/>
<item key="26422F9F-4DF2-FEC0-08AE-5485848DD93C" value="true"/>
</engineerTo>
<pk>true</pk>
<usedAttributes>
<attributeRef>44D6EC71-9353-E400-4399-113950A57264</attributeRef>
</usedAttributes>
</identifier>
</identifiers>
</Entity>