<?xml version = '1.0' encoding = 'UTF-8'?>
<Entity class="oracle.dbtools.crest.model.design.logical.Entity" directorySegmentName="seg_0" id="91C8E099-3E8F-DAA5-7976-B4C01A3EE99C" name="JOBS">
<createdBy>oracle</createdBy>
<createdTime>2011-11-14 09:54:30 UTC</createdTime>
<commentInRDBMS>jobs table with job titles and salary ranges. Contains 19 rows.&lt;br/&gt;References with employees and job_history table.</commentInRDBMS>
<generatorID>01D7F57F-D731-0799-E4BB-ADE1DD00F595</generatorID>
<ownerDesignName>sol_19_01</ownerDesignName>
<engineerTo>
<item key="2C593812-CBA1-65FE-F9AA-5B6F4EFA8912" value="true"/>
<item key="26422F9F-4DF2-FEC0-08AE-5485848DD93C" value="true"/>
</engineerTo>
<adequatelyNormalized>NO</adequatelyNormalized>
<expectedVolumes>0</expectedVolumes>
<fwdEngineeringStrategyName>Single Table</fwdEngineeringStrategyName>
<growthPercent>0</growthPercent>
<growthType>Year</growthType>
<maxVolumes>9999999</maxVolumes>
<minVolumes>0</minVolumes>
<normalForm>Third</normalForm>
<attributes itemClass="oracle.dbtools.crest.model.design.logical.Attribute">
<Attribute name="JOB_ID" id="BBE228B5-6B28-62AF-F3F8-C383048BF293">
<createdBy>oracle</createdBy>
<createdTime>2011-11-14 09:54:30 UTC</createdTime>
<commentInRDBMS>Primary key of jobs table.</commentInRDBMS>
<generatorID>DCCBCCC1-E8F0-BD63-7721-096A727E5120</generatorID>
<ownerDesignName>sol_19_01</ownerDesignName>
<engineerTo>
<item key="2C593812-CBA1-65FE-F9AA-5B6F4EFA8912" value="true"/>
<item key="26422F9F-4DF2-FEC0-08AE-5485848DD93C" value="true"/>
</engineerTo>
<useDomainConstraints>false</useDomainConstraints>
<use>1</use>
<logicalDatatype>LOGDT024</logicalDatatype>
<dataTypeSize>10 BYTE</dataTypeSize>
</Attribute>
<Attribute name="JOB_TITLE" id="E34E9F47-F8DA-DB0C-592A-41BD7930CC48">
<createdBy>oracle</createdBy>
<createdTime>2011-11-14 09:54:30 UTC</createdTime>
<commentInRDBMS>A not null column that shows job title, e.g. AD_VP, FI_ACCOUNTANT</commentInRDBMS>
<generatorID>611C8373-67DB-AAC3-5329-8C9A92DF84B6</generatorID>
<ownerDesignName>sol_19_01</ownerDesignName>
<engineerTo>
<item key="2C593812-CBA1-65FE-F9AA-5B6F4EFA8912" value="true"/>
<item key="26422F9F-4DF2-FEC0-08AE-5485848DD93C" value="true"/>
</engineerTo>
<useDomainConstraints>false</useDomainConstraints>
<use>1</use>
<logicalDatatype>LOGDT024</logicalDatatype>
<dataTypeSize>35 BYTE</dataTypeSize>
</Attribute>
<Attribute name="MIN_SALARY" id="F1C1F793-E25B-8D83-C22D-1E8B6FEB0F60">
<createdBy>oracle</createdBy>
<createdTime>2011-11-14 09:54:30 UTC</createdTime>
<commentInRDBMS>Minimum salary for a job title.</commentInRDBMS>
<generatorID>C7F90BBD-85FD-4B57-67F1-738F6521FB52</generatorID>
<ownerDesignName>sol_19_01</ownerDesignName>
<engineerTo>
<item key="2C593812-CBA1-65FE-F9AA-5B6F4EFA8912" value="true"/>
<item key="26422F9F-4DF2-FEC0-08AE-5485848DD93C" value="true"/>
</engineerTo>
<nullsAllowed>true</nullsAllowed>
<useDomainConstraints>false</useDomainConstraints>
<use>1</use>
<logicalDatatype>LOGDT019</logicalDatatype>
<dataTypePrecision>6</dataTypePrecision>
</Attribute>
<Attribute name="MAX_SALARY" id="877E38BB-AEC3-2BD0-E777-38A80982C76F">
<createdBy>oracle</createdBy>
<createdTime>2011-11-14 09:54:30 UTC</createdTime>
<commentInRDBMS>Maximum salary for a job title</commentInRDBMS>
<generatorID>EBA37069-2238-BA9C-A67A-0CF97DE57271</generatorID>
<ownerDesignName>sol_19_01</ownerDesignName>
<engineerTo>
<item key="2C593812-CBA1-65FE-F9AA-5B6F4EFA8912" value="true"/>
<item key="26422F9F-4DF2-FEC0-08AE-5485848DD93C" value="true"/>
</engineerTo>
<nullsAllowed>true</nullsAllowed>
<useDomainConstraints>false</useDomainConstraints>
<use>1</use>
<logicalDatatype>LOGDT019</logicalDatatype>
<dataTypePrecision>6</dataTypePrecision>
</Attribute>
</attributes>
<identifiers itemClass="oracle.dbtools.crest.model.design.logical.CandidateKey">
<identifier id="020FB30F-44EE-4EEA-4CD9-D590D620EEDB" name="JOB_ID_PK">
<createdBy>oracle</createdBy>
<createdTime>2011-11-14 09:54:30 UTC</createdTime>
<generatorID>6D9F3C00-B945-35C2-D035-BFB0045F6267</generatorID>
<ownerDesignName>sol_19_01</ownerDesignName>
<engineerTo>
<item key="2C593812-CBA1-65FE-F9AA-5B6F4EFA8912" value="true"/>
<item key="26422F9F-4DF2-FEC0-08AE-5485848DD93C" value="true"/>
</engineerTo>
<pk>true</pk>
<usedAttributes>
<attributeRef>BBE228B5-6B28-62AF-F3F8-C383048BF293</attributeRef>
</usedAttributes>
</identifier>
</identifiers>
</Entity>