<?xml version = '1.0' encoding = 'UTF-8'?>
<Entity class="oracle.dbtools.crest.model.design.logical.Entity" directorySegmentName="seg_0" id="A6423129-C813-E977-E000-CD6DB7CAAA12" name="DEPARTMENTS">
<createdBy>oracle</createdBy>
<createdTime>2011-11-14 09:54:30 UTC</createdTime>
<commentInRDBMS>Departments table that shows details of departments where employees&lt;br/&gt;work. Contains 27 rows; references with locations, employees, and job_history tables.</commentInRDBMS>
<generatorID>8922B3E0-D0F5-7CCD-E8EC-9387A97B3E90</generatorID>
<ownerDesignName>sol_19_01</ownerDesignName>
<engineerTo>
<item key="2C593812-CBA1-65FE-F9AA-5B6F4EFA8912" value="true"/>
<item key="26422F9F-4DF2-FEC0-08AE-5485848DD93C" value="true"/>
</engineerTo>
<adequatelyNormalized>NO</adequatelyNormalized>
<expectedVolumes>0</expectedVolumes>
<fwdEngineeringStrategyName>Single Table</fwdEngineeringStrategyName>
<growthPercent>0</growthPercent>
<growthType>Year</growthType>
<maxVolumes>9999999</maxVolumes>
<minVolumes>0</minVolumes>
<normalForm>Third</normalForm>
<attributes itemClass="oracle.dbtools.crest.model.design.logical.Attribute">
<Attribute name="DEPARTMENT_ID" id="4CD1E999-4CFE-3A44-0C1E-9DE9A121EB02">
<createdBy>oracle</createdBy>
<createdTime>2011-11-14 09:54:30 UTC</createdTime>
<commentInRDBMS>Primary key column of departments table.</commentInRDBMS>
<generatorID>81AA7977-1F3A-248C-0DD1-ABC7EE010E96</generatorID>
<ownerDesignName>sol_19_01</ownerDesignName>
<engineerTo>
<item key="2C593812-CBA1-65FE-F9AA-5B6F4EFA8912" value="true"/>
<item key="26422F9F-4DF2-FEC0-08AE-5485848DD93C" value="true"/>
</engineerTo>
<useDomainConstraints>false</useDomainConstraints>
<use>1</use>
<logicalDatatype>LOGDT019</logicalDatatype>
<dataTypePrecision>4</dataTypePrecision>
<dataTypeScale>0</dataTypeScale>
</Attribute>
<Attribute name="DEPARTMENT_NAME" id="2911833D-D398-DF4F-87DF-E3806A7262D1">
<createdBy>oracle</createdBy>
<createdTime>2011-11-14 09:54:30 UTC</createdTime>
<commentInRDBMS>A not null column that shows name of a department. Administration,&lt;br/&gt;Marketing, Purchasing, Human Resources, Shipping, IT, Executive, Public&lt;br/&gt;Relations, Sales, Finance, and Accounting. </commentInRDBMS>
<generatorID>410B6E07-4610-3E61-51E2-9336D8ABA0E8</generatorID>
<ownerDesignName>sol_19_01</ownerDesignName>
<engineerTo>
<item key="2C593812-CBA1-65FE-F9AA-5B6F4EFA8912" value="true"/>
<item key="26422F9F-4DF2-FEC0-08AE-5485848DD93C" value="true"/>
</engineerTo>
<useDomainConstraints>false</useDomainConstraints>
<use>1</use>
<logicalDatatype>LOGDT024</logicalDatatype>
<dataTypeSize>30 BYTE</dataTypeSize>
</Attribute>
<Attribute name="EMPLOYEE_ID" id="31ACEDE4-E2A4-D24F-D851-857DA01825FD">
<createdBy>oracle</createdBy>
<createdTime>2011-11-14 09:54:30 UTC</createdTime>
<commentInRDBMS>Manager_id of a department. Foreign key to employee_id column of employees table. The manager_id column of the employee table references this column.</commentInRDBMS>
<generatorID>14CF6A4D-D3E0-DA96-E693-5565A3A46DE0</generatorID>
<ownerDesignName>sol_19_01</ownerDesignName>
<engineerTo>
<item key="2C593812-CBA1-65FE-F9AA-5B6F4EFA8912" value="true"/>
<item key="26422F9F-4DF2-FEC0-08AE-5485848DD93C" value="true"/>
</engineerTo>
<nullsAllowed>true</nullsAllowed>
<referedAttribute>44D6EC71-9353-E400-4399-113950A57264</referedAttribute>
<useDomainConstraints>false</useDomainConstraints>
<use>1</use>
<logicalDatatype>LOGDT019</logicalDatatype>
<dataTypePrecision>6</dataTypePrecision>
<dataTypeScale>0</dataTypeScale>
</Attribute>
<Attribute name="LOCATION_ID" id="6333C57C-BB66-9A22-27B5-E9BBA17C3DC6">
<createdBy>oracle</createdBy>
<createdTime>2011-11-14 09:54:30 UTC</createdTime>
<commentInRDBMS>Location id where a department is located. Foreign key to location_id column of locations table.</commentInRDBMS>
<generatorID>9DC35E3F-932E-9FEA-431A-5D2DF23B156D</generatorID>
<ownerDesignName>sol_19_01</ownerDesignName>
<engineerTo>
<item key="2C593812-CBA1-65FE-F9AA-5B6F4EFA8912" value="true"/>
<item key="26422F9F-4DF2-FEC0-08AE-5485848DD93C" value="true"/>
</engineerTo>
<nullsAllowed>true</nullsAllowed>
<referedAttribute>A210E17C-6922-CEEE-81DA-8F373CA198C1</referedAttribute>
<useDomainConstraints>false</useDomainConstraints>
<use>1</use>
<logicalDatatype>LOGDT019</logicalDatatype>
<dataTypePrecision>4</dataTypePrecision>
</Attribute>
<Attribute name="Cost Center" id="2BC0221F-3899-7325-EC3B-BEF6C7875C01">
<createdBy>oracle</createdBy>
<createdTime>2011-11-14 10:05:20 UTC</createdTime>
<ownerDesignName>sol_19_01</ownerDesignName>
<engineerTo>
<item key="2C593812-CBA1-65FE-F9AA-5B6F4EFA8912" value="true"/>
<item key="26422F9F-4DF2-FEC0-08AE-5485848DD93C" value="true"/>
</engineerTo>
<nullsAllowed>true</nullsAllowed>
<useDomainConstraints>false</useDomainConstraints>
<use>1</use>
<logicalDatatype>LOGDT019</logicalDatatype>
<dataTypePrecision>4</dataTypePrecision>
<dataTypeScale>0</dataTypeScale>
</Attribute>
</attributes>
<identifiers itemClass="oracle.dbtools.crest.model.design.logical.CandidateKey">
<identifier id="D7F194E8-90DF-4773-4339-5546BDFD502B" name="DEPT_ID_PK">
<createdBy>oracle</createdBy>
<createdTime>2011-11-14 09:54:30 UTC</createdTime>
<generatorID>535999B2-7CF6-CABC-87A0-ED9AE70C5F0F</generatorID>
<ownerDesignName>sol_19_01</ownerDesignName>
<engineerTo>
<item key="2C593812-CBA1-65FE-F9AA-5B6F4EFA8912" value="true"/>
<item key="26422F9F-4DF2-FEC0-08AE-5485848DD93C" value="true"/>
</engineerTo>
<pk>true</pk>
<usedAttributes>
<attributeRef>4CD1E999-4CFE-3A44-0C1E-9DE9A121EB02</attributeRef>
</usedAttributes>
</identifier>
</identifiers>
</Entity>