<?xml version = '1.0' encoding = 'UTF-8'?>
<Entity class="oracle.dbtools.crest.model.design.logical.Entity" directorySegmentName="seg_0" id="D448A679-7F4C-083F-2C66-4D5B9D2E18BE" name="LOCATIONS">
<createdBy>oracle</createdBy>
<createdTime>2011-11-14 09:54:30 UTC</createdTime>
<commentInRDBMS>Locations table that contains specific address of a specific office,&lt;br/&gt;warehouse, and/or production site of a company. Does not store addresses /&lt;br/&gt;locations of customers. Contains 23 rows; references with the&lt;br/&gt;departments and countries tables. </commentInRDBMS>
<generatorID>C1253BC7-8C4F-A116-9933-A6B677CD0665</generatorID>
<ownerDesignName>sol_19_01</ownerDesignName>
<engineerTo>
<item key="2C593812-CBA1-65FE-F9AA-5B6F4EFA8912" value="true"/>
<item key="26422F9F-4DF2-FEC0-08AE-5485848DD93C" value="true"/>
</engineerTo>
<adequatelyNormalized>NO</adequatelyNormalized>
<expectedVolumes>0</expectedVolumes>
<fwdEngineeringStrategyName>Single Table</fwdEngineeringStrategyName>
<growthPercent>0</growthPercent>
<growthType>Year</growthType>
<maxVolumes>9999999</maxVolumes>
<minVolumes>0</minVolumes>
<normalForm>Third</normalForm>
<attributes itemClass="oracle.dbtools.crest.model.design.logical.Attribute">
<Attribute name="LOCATION_ID" id="A210E17C-6922-CEEE-81DA-8F373CA198C1">
<createdBy>oracle</createdBy>
<createdTime>2011-11-14 09:54:30 UTC</createdTime>
<commentInRDBMS>Primary key of locations table</commentInRDBMS>
<generatorID>26B8DB3C-9ADB-3CC4-77A1-10B495364EE0</generatorID>
<ownerDesignName>sol_19_01</ownerDesignName>
<engineerTo>
<item key="2C593812-CBA1-65FE-F9AA-5B6F4EFA8912" value="true"/>
<item key="26422F9F-4DF2-FEC0-08AE-5485848DD93C" value="true"/>
</engineerTo>
<useDomainConstraints>false</useDomainConstraints>
<use>1</use>
<logicalDatatype>LOGDT019</logicalDatatype>
<dataTypePrecision>4</dataTypePrecision>
</Attribute>
<Attribute name="STREET_ADDRESS" id="BD699EC9-3678-D87A-94D2-52E3D26F5107">
<createdBy>oracle</createdBy>
<createdTime>2011-11-14 09:54:30 UTC</createdTime>
<commentInRDBMS>Street address of an office, warehouse, or production site of a company.&lt;br/&gt;Contains building number and street name</commentInRDBMS>
<generatorID>AF17BEEF-2D6B-7889-33D1-72D43E55B9D1</generatorID>
<ownerDesignName>sol_19_01</ownerDesignName>
<engineerTo>
<item key="2C593812-CBA1-65FE-F9AA-5B6F4EFA8912" value="true"/>
<item key="26422F9F-4DF2-FEC0-08AE-5485848DD93C" value="true"/>
</engineerTo>
<nullsAllowed>true</nullsAllowed>
<useDomainConstraints>false</useDomainConstraints>
<use>1</use>
<logicalDatatype>LOGDT024</logicalDatatype>
<dataTypeSize>40 BYTE</dataTypeSize>
</Attribute>
<Attribute name="POSTAL_CODE" id="49F44BE7-19D0-2267-007B-4F189875921F">
<createdBy>oracle</createdBy>
<createdTime>2011-11-14 09:54:30 UTC</createdTime>
<commentInRDBMS>Postal code of the location of an office, warehouse, or production site&lt;br/&gt;of a company. </commentInRDBMS>
<generatorID>F7117F4E-7D50-4B25-F4CA-4A6AFDE7A6B7</generatorID>
<ownerDesignName>sol_19_01</ownerDesignName>
<engineerTo>
<item key="2C593812-CBA1-65FE-F9AA-5B6F4EFA8912" value="true"/>
<item key="26422F9F-4DF2-FEC0-08AE-5485848DD93C" value="true"/>
</engineerTo>
<nullsAllowed>true</nullsAllowed>
<useDomainConstraints>false</useDomainConstraints>
<use>1</use>
<logicalDatatype>LOGDT024</logicalDatatype>
<dataTypeSize>12 BYTE</dataTypeSize>
</Attribute>
<Attribute name="CITY" id="B18E10C6-50DE-532A-F73D-3C6C86E7E860">
<createdBy>oracle</createdBy>
<createdTime>2011-11-14 09:54:30 UTC</createdTime>
<commentInRDBMS>A not null column that shows city where an office, warehouse, or&lt;br/&gt;production site of a company is located. </commentInRDBMS>
<generatorID>43ACD05F-9A22-0DCC-EBE4-93FB56D2E381</generatorID>
<ownerDesignName>sol_19_01</ownerDesignName>
<engineerTo>
<item key="2C593812-CBA1-65FE-F9AA-5B6F4EFA8912" value="true"/>
<item key="26422F9F-4DF2-FEC0-08AE-5485848DD93C" value="true"/>
</engineerTo>
<useDomainConstraints>false</useDomainConstraints>
<use>1</use>
<logicalDatatype>LOGDT024</logicalDatatype>
<dataTypeSize>30 BYTE</dataTypeSize>
</Attribute>
<Attribute name="STATE_PROVINCE" id="B4684F22-211D-95AD-B753-C01E73702A2B">
<createdBy>oracle</createdBy>
<createdTime>2011-11-14 09:54:30 UTC</createdTime>
<commentInRDBMS>State or Province where an office, warehouse, or production site of a&lt;br/&gt;company is located.</commentInRDBMS>
<generatorID>5AF69C00-0300-5082-9A01-B1F154664F6A</generatorID>
<ownerDesignName>sol_19_01</ownerDesignName>
<engineerTo>
<item key="2C593812-CBA1-65FE-F9AA-5B6F4EFA8912" value="true"/>
<item key="26422F9F-4DF2-FEC0-08AE-5485848DD93C" value="true"/>
</engineerTo>
<nullsAllowed>true</nullsAllowed>
<useDomainConstraints>false</useDomainConstraints>
<use>1</use>
<logicalDatatype>LOGDT024</logicalDatatype>
<dataTypeSize>25 BYTE</dataTypeSize>
</Attribute>
<Attribute name="COUNTRY_ID" id="16C2080D-4DB7-D15F-D842-DCD18296D902">
<createdBy>oracle</createdBy>
<createdTime>2011-11-14 09:54:30 UTC</createdTime>
<commentInRDBMS>Country where an office, warehouse, or production site of a company is&lt;br/&gt;located. Foreign key to country_id column of the countries table.</commentInRDBMS>
<generatorID>ABB9CCC2-4A66-E875-261A-DA145C8B7276</generatorID>
<ownerDesignName>sol_19_01</ownerDesignName>
<engineerTo>
<item key="2C593812-CBA1-65FE-F9AA-5B6F4EFA8912" value="true"/>
<item key="26422F9F-4DF2-FEC0-08AE-5485848DD93C" value="true"/>
</engineerTo>
<nullsAllowed>true</nullsAllowed>
<referedAttribute>B6BDE289-86D7-D0AA-2570-DDB5B3EF1188</referedAttribute>
<useDomainConstraints>false</useDomainConstraints>
<use>1</use>
<logicalDatatype>LOGDT025</logicalDatatype>
<dataTypeSize>2 BYTE</dataTypeSize>
</Attribute>
</attributes>
<identifiers itemClass="oracle.dbtools.crest.model.design.logical.CandidateKey">
<identifier id="61B4D8BE-E828-B58A-669F-116A1A155F97" name="LOC_ID_PK">
<createdBy>oracle</createdBy>
<createdTime>2011-11-14 09:54:30 UTC</createdTime>
<generatorID>27C325E8-BDEE-928D-AB19-D8D4822C364A</generatorID>
<ownerDesignName>sol_19_01</ownerDesignName>
<engineerTo>
<item key="2C593812-CBA1-65FE-F9AA-5B6F4EFA8912" value="true"/>
<item key="26422F9F-4DF2-FEC0-08AE-5485848DD93C" value="true"/>
</engineerTo>
<pk>true</pk>
<usedAttributes>
<attributeRef>A210E17C-6922-CEEE-81DA-8F373CA198C1</attributeRef>
</usedAttributes>
</identifier>
</identifiers>
</Entity>