<?xml version = '1.0' encoding = 'UTF-8'?>
<Entity class="oracle.dbtools.crest.model.design.logical.Entity" directorySegmentName="seg_0" id="DE663A99-8C4C-73D9-009B-ED6932C92FA7" name="DEPENDENTS">
<createdBy>oracle</createdBy>
<createdTime>2011-11-14 10:00:00 UTC</createdTime>
<ownerDesignName>sol_19_01</ownerDesignName>
<engineerTo>
<item key="2C593812-CBA1-65FE-F9AA-5B6F4EFA8912" value="true"/>
<item key="26422F9F-4DF2-FEC0-08AE-5485848DD93C" value="true"/>
</engineerTo>
<adequatelyNormalized>NO</adequatelyNormalized>
<expectedVolumes>0</expectedVolumes>
<fwdEngineeringStrategyName>Single Table</fwdEngineeringStrategyName>
<growthPercent>0</growthPercent>
<growthType>Year</growthType>
<maxVolumes>9999999</maxVolumes>
<minVolumes>0</minVolumes>
<normalForm>Third</normalForm>
<attributes itemClass="oracle.dbtools.crest.model.design.logical.Attribute">
<Attribute name="ID" id="0EAC1837-C30F-29C7-314A-41B477F2D636">
<createdBy>oracle</createdBy>
<createdTime>2011-11-14 10:00:42 UTC</createdTime>
<ownerDesignName>sol_19_01</ownerDesignName>
<engineerTo>
<item key="2C593812-CBA1-65FE-F9AA-5B6F4EFA8912" value="true"/>
<item key="26422F9F-4DF2-FEC0-08AE-5485848DD93C" value="true"/>
</engineerTo>
<use>0</use>
<logicalDatatype>LOGDT019</logicalDatatype>
<domain>75944096-B87A-E700-F1D9-AA3A0B9500A8</domain>
</Attribute>
<Attribute name="Name" id="734CF5D9-C5CB-8F42-0E6F-9562398AB44D">
<createdBy>oracle</createdBy>
<createdTime>2011-11-14 10:01:14 UTC</createdTime>
<ownerDesignName>sol_19_01</ownerDesignName>
<engineerTo>
<item key="2C593812-CBA1-65FE-F9AA-5B6F4EFA8912" value="true"/>
<item key="26422F9F-4DF2-FEC0-08AE-5485848DD93C" value="true"/>
</engineerTo>
<nullsAllowed>true</nullsAllowed>
<use>0</use>
<logicalDatatype>LOGDT024</logicalDatatype>
<domain>05380779-AA6B-F6D6-E4A9-D8438B965B01</domain>
</Attribute>
<Attribute name="Birthdate" id="8C80D128-1C79-2714-A3B4-559EA3A8B7A8">
<createdBy>oracle</createdBy>
<createdTime>2011-11-14 10:02:10 UTC</createdTime>
<ownerDesignName>sol_19_01</ownerDesignName>
<engineerTo>
<item key="2C593812-CBA1-65FE-F9AA-5B6F4EFA8912" value="true"/>
<item key="26422F9F-4DF2-FEC0-08AE-5485848DD93C" value="true"/>
</engineerTo>
<nullsAllowed>true</nullsAllowed>
<useDomainConstraints>false</useDomainConstraints>
<use>1</use>
<logicalDatatype>LOGDT007</logicalDatatype>
</Attribute>
<Attribute name="EMPLOYEE_ID" id="C82D0811-18EC-7C3A-C19D-3787EC6D9A30">
<createdBy>oracle</createdBy>
<createdTime>2011-11-14 10:03:39 UTC</createdTime>
<generatorID>1C860810-6E11-BDA7-910D-0B4B99546D5A</generatorID>
<ownerDesignName>sol_19_01</ownerDesignName>
<engineerTo>
<item key="2C593812-CBA1-65FE-F9AA-5B6F4EFA8912" value="true"/>
<item key="26422F9F-4DF2-FEC0-08AE-5485848DD93C" value="true"/>
</engineerTo>
<referedAttribute>44D6EC71-9353-E400-4399-113950A57264</referedAttribute>
<useDomainConstraints>false</useDomainConstraints>
<use>1</use>
<logicalDatatype>LOGDT019</logicalDatatype>
<dataTypePrecision>6</dataTypePrecision>
<dataTypeScale>0</dataTypeScale>
</Attribute>
</attributes>
<identifiers itemClass="oracle.dbtools.crest.model.design.logical.CandidateKey">
<identifier id="541CE668-9048-2986-D1EA-64912F56B8AB" name="DEPENDENTS_PK">
<createdBy>oracle</createdBy>
<createdTime>2011-11-14 10:02:46 UTC</createdTime>
<ownerDesignName>sol_19_01</ownerDesignName>
<engineerTo>
<item key="2C593812-CBA1-65FE-F9AA-5B6F4EFA8912" value="true"/>
<item key="26422F9F-4DF2-FEC0-08AE-5485848DD93C" value="true"/>
</engineerTo>
<pk>true</pk>
<usedAttributes>
<attributeRef>0EAC1837-C30F-29C7-314A-41B477F2D636</attributeRef>
<attributeRef>C82D0811-18EC-7C3A-C19D-3787EC6D9A30</attributeRef>
</usedAttributes>
</identifier>
</identifiers>
</Entity>