<?xml version = '1.0' encoding = 'UTF-8'?>
<FKIndexAssociation class="oracle.dbtools.crest.model.design.relational.FKIndexAssociation" directorySegmentName="seg_0" id="2563F683-7D47-3D67-03A4-8E4632A33776" name="EMP_MANAGER_FK">
<sourceConnName>hr_orcl</sourceConnName>
<sourceObjSchema>HR</sourceObjSchema>
<sourceObjName>EMP_MANAGER_FK</sourceObjName>
<createdBy>oracle</createdBy>
<createdTime>2011-11-14 09:52:47 UTC</createdTime>
<ownerDesignName>sol_19_01</ownerDesignName>
<containerWithKeyObject>BFE0AFBC-5FAA-935D-FAAB-82DEE0543442</containerWithKeyObject>
<deleteRule>NO ACTION</deleteRule>
<localFKIndex>88CF2F86-DB54-E8C2-CD76-9EB9789526C6</localFKIndex>
<keyObject>EF4FFB93-EE84-A5AC-7BAD-B89D6F884F5C</keyObject>
<mandatory>false</mandatory>
<transferable>true</transferable>
<columnDependencyConstraintGenerateInDDL>true</columnDependencyConstraintGenerateInDDL>
</FKIndexAssociation>