<?xml version = '1.0' encoding = 'UTF-8'?>
<FKIndexAssociation class="oracle.dbtools.crest.model.design.relational.FKIndexAssociation" directorySegmentName="seg_0" id="37C4E0A5-3E7F-6DC6-78C6-BC850AC65DBD" name="JHIST_JOB_FK">
<sourceConnName>hr_orcl</sourceConnName>
<sourceObjSchema>HR</sourceObjSchema>
<sourceObjName>JHIST_JOB_FK</sourceObjName>
<createdBy>oracle</createdBy>
<createdTime>2011-11-14 09:52:47 UTC</createdTime>
<ownerDesignName>sol_19_01</ownerDesignName>
<containerWithKeyObject>6A7D5A36-EFB3-AC42-36F6-176EE28443EB</containerWithKeyObject>
<deleteRule>NO ACTION</deleteRule>
<localFKIndex>7CF014BF-E648-EF49-0EBD-3008D7398976</localFKIndex>
<keyObject>6D9F3C00-B945-35C2-D035-BFB0045F6267</keyObject>
<mandatory>true</mandatory>
<transferable>true</transferable>
<columnDependencyConstraintGenerateInDDL>true</columnDependencyConstraintGenerateInDDL>
</FKIndexAssociation>