<?xml version = '1.0' encoding = 'UTF-8'?>
<FKIndexAssociation class="oracle.dbtools.crest.model.design.relational.FKIndexAssociation" directorySegmentName="seg_0" id="41BC346C-19DB-A81F-DF06-9CAF3682CF25" name="JHIST_EMP_FK">
<sourceConnName>hr_orcl</sourceConnName>
<sourceObjSchema>HR</sourceObjSchema>
<sourceObjName>JHIST_EMP_FK</sourceObjName>
<createdBy>oracle</createdBy>
<createdTime>2011-11-14 09:52:47 UTC</createdTime>
<ownerDesignName>sol_19_01</ownerDesignName>
<containerWithKeyObject>6A7D5A36-EFB3-AC42-36F6-176EE28443EB</containerWithKeyObject>
<deleteRule>NO ACTION</deleteRule>
<localFKIndex>FF9F1E24-8262-D0EE-FB04-E1A7E4CC8AF4</localFKIndex>
<keyObject>EF4FFB93-EE84-A5AC-7BAD-B89D6F884F5C</keyObject>
<mandatory>true</mandatory>
<transferable>true</transferable>
<columnDependencyConstraintGenerateInDDL>true</columnDependencyConstraintGenerateInDDL>
</FKIndexAssociation>