<?xml version = '1.0' encoding = 'UTF-8'?>
<FKIndexAssociation class="oracle.dbtools.crest.model.design.relational.FKIndexAssociation" directorySegmentName="seg_0" id="559A3B81-707B-E8B3-73F2-257A18A7BAD0" name="DEPT_MGR_FK">
<sourceConnName>hr_orcl</sourceConnName>
<sourceObjSchema>HR</sourceObjSchema>
<sourceObjName>DEPT_MGR_FK</sourceObjName>
<createdBy>oracle</createdBy>
<createdTime>2011-11-14 09:52:47 UTC</createdTime>
<ownerDesignName>sol_19_01</ownerDesignName>
<containerWithKeyObject>8922B3E0-D0F5-7CCD-E8EC-9387A97B3E90</containerWithKeyObject>
<deleteRule>NO ACTION</deleteRule>
<localFKIndex>8C7E6E67-FBC1-CCCE-096E-CFCF86336EA2</localFKIndex>
<keyObject>EF4FFB93-EE84-A5AC-7BAD-B89D6F884F5C</keyObject>
<mandatory>false</mandatory>
<transferable>true</transferable>
<columnDependencyConstraintGenerateInDDL>true</columnDependencyConstraintGenerateInDDL>
</FKIndexAssociation>