<?xml version = '1.0' encoding = 'UTF-8'?>
<FKIndexAssociation class="oracle.dbtools.crest.model.design.relational.FKIndexAssociation" directorySegmentName="seg_0" id="6D16D30B-EEAB-0692-4B81-1A3325E6EC6F" name="EMP_JOB_FK">
<sourceConnName>hr_orcl</sourceConnName>
<sourceObjSchema>HR</sourceObjSchema>
<sourceObjName>EMP_JOB_FK</sourceObjName>
<createdBy>oracle</createdBy>
<createdTime>2011-11-14 09:52:47 UTC</createdTime>
<ownerDesignName>sol_19_01</ownerDesignName>
<containerWithKeyObject>BFE0AFBC-5FAA-935D-FAAB-82DEE0543442</containerWithKeyObject>
<deleteRule>NO ACTION</deleteRule>
<localFKIndex>12AE198A-EE9B-36EF-FB34-A9F16CF45CE2</localFKIndex>
<keyObject>6D9F3C00-B945-35C2-D035-BFB0045F6267</keyObject>
<mandatory>true</mandatory>
<transferable>true</transferable>
<columnDependencyConstraintGenerateInDDL>true</columnDependencyConstraintGenerateInDDL>
</FKIndexAssociation>