<?xml version = '1.0' encoding = 'UTF-8'?>
<FKIndexAssociation class="oracle.dbtools.crest.model.design.relational.FKIndexAssociation" directorySegmentName="seg_0" id="74EE2001-F76E-D5A8-BE2D-20D5475CEB63" name="DEPT_LOC_FK">
<sourceConnName>hr_orcl</sourceConnName>
<sourceObjSchema>HR</sourceObjSchema>
<sourceObjName>DEPT_LOC_FK</sourceObjName>
<createdBy>oracle</createdBy>
<createdTime>2011-11-14 09:52:47 UTC</createdTime>
<ownerDesignName>sol_19_01</ownerDesignName>
<containerWithKeyObject>8922B3E0-D0F5-7CCD-E8EC-9387A97B3E90</containerWithKeyObject>
<deleteRule>NO ACTION</deleteRule>
<localFKIndex>9E3A3814-7E04-578F-8C3A-40C3AB0C7F05</localFKIndex>
<keyObject>27C325E8-BDEE-928D-AB19-D8D4822C364A</keyObject>
<mandatory>false</mandatory>
<transferable>true</transferable>
<columnDependencyConstraintGenerateInDDL>true</columnDependencyConstraintGenerateInDDL>
</FKIndexAssociation>