<?xml version = '1.0' encoding = 'UTF-8'?>
<FKIndexAssociation class="oracle.dbtools.crest.model.design.relational.FKIndexAssociation" directorySegmentName="seg_0" id="9AA06AC6-7D6A-C00A-40F2-E5FC359C5BA2" name="JHIST_DEPT_FK">
<sourceConnName>hr_orcl</sourceConnName>
<sourceObjSchema>HR</sourceObjSchema>
<sourceObjName>JHIST_DEPT_FK</sourceObjName>
<createdBy>oracle</createdBy>
<createdTime>2011-11-14 09:52:47 UTC</createdTime>
<ownerDesignName>sol_19_01</ownerDesignName>
<containerWithKeyObject>6A7D5A36-EFB3-AC42-36F6-176EE28443EB</containerWithKeyObject>
<deleteRule>NO ACTION</deleteRule>
<localFKIndex>9DF6E79A-7EA1-6B4B-2475-7CD899A5CF7E</localFKIndex>
<keyObject>535999B2-7CF6-CABC-87A0-ED9AE70C5F0F</keyObject>
<mandatory>false</mandatory>
<transferable>true</transferable>
<columnDependencyConstraintGenerateInDDL>true</columnDependencyConstraintGenerateInDDL>
</FKIndexAssociation>