<?xml version = '1.0' encoding = 'UTF-8'?>
<FKIndexAssociation class="oracle.dbtools.crest.model.design.relational.FKIndexAssociation" directorySegmentName="seg_0" id="BF7116A8-94ED-F999-E5F8-F8C076EBC695" name="LOC_C_ID_FK">
<sourceConnName>hr_orcl</sourceConnName>
<sourceObjSchema>HR</sourceObjSchema>
<sourceObjName>LOC_C_ID_FK</sourceObjName>
<createdBy>oracle</createdBy>
<createdTime>2011-11-14 09:52:47 UTC</createdTime>
<ownerDesignName>sol_19_01</ownerDesignName>
<containerWithKeyObject>C1253BC7-8C4F-A116-9933-A6B677CD0665</containerWithKeyObject>
<deleteRule>NO ACTION</deleteRule>
<localFKIndex>5040C5B2-D62A-FB3D-9A14-200F97845AE3</localFKIndex>
<keyObject>ECF8B200-9BB7-3462-2F58-A2F2A3E64C52</keyObject>
<mandatory>false</mandatory>
<transferable>true</transferable>
<columnDependencyConstraintGenerateInDDL>true</columnDependencyConstraintGenerateInDDL>
</FKIndexAssociation>