<?xml version = '1.0' encoding = 'UTF-8'?>
<FKIndexAssociation class="oracle.dbtools.crest.model.design.relational.FKIndexAssociation" directorySegmentName="seg_0" id="E62ACA8A-F2F0-3013-F7B2-D606F75FB22E" name="EMP_DEPT_FK">
<sourceConnName>hr_orcl</sourceConnName>
<sourceObjSchema>HR</sourceObjSchema>
<sourceObjName>EMP_DEPT_FK</sourceObjName>
<createdBy>oracle</createdBy>
<createdTime>2011-11-14 09:52:47 UTC</createdTime>
<ownerDesignName>sol_19_01</ownerDesignName>
<containerWithKeyObject>BFE0AFBC-5FAA-935D-FAAB-82DEE0543442</containerWithKeyObject>
<deleteRule>NO ACTION</deleteRule>
<localFKIndex>DB46956B-DA50-6532-F7BB-3F0FC1A25A99</localFKIndex>
<keyObject>535999B2-7CF6-CABC-87A0-ED9AE70C5F0F</keyObject>
<mandatory>false</mandatory>
<transferable>true</transferable>
<columnDependencyConstraintGenerateInDDL>true</columnDependencyConstraintGenerateInDDL>
</FKIndexAssociation>