<?xml version = '1.0' encoding = 'UTF-8'?>
<FKIndexAssociation class="oracle.dbtools.crest.model.design.relational.FKIndexAssociation" directorySegmentName="seg_0" id="FFC93A7E-85FD-0694-0BB2-00603FAFD7AC" name="COUNTR_REG_FK">
<sourceConnName>hr_orcl</sourceConnName>
<sourceObjSchema>HR</sourceObjSchema>
<sourceObjName>COUNTR_REG_FK</sourceObjName>
<createdBy>oracle</createdBy>
<createdTime>2011-11-14 09:52:47 UTC</createdTime>
<ownerDesignName>sol_19_01</ownerDesignName>
<containerWithKeyObject>899B33D1-929D-7AAB-0518-357998432A49</containerWithKeyObject>
<deleteRule>NO ACTION</deleteRule>
<localFKIndex>13003582-8295-F95B-457D-5860338A0795</localFKIndex>
<keyObject>E181BBB5-5C95-9F32-D7C7-A26D5D52A6F3</keyObject>
<mandatory>false</mandatory>
<transferable>true</transferable>
<columnDependencyConstraintGenerateInDDL>true</columnDependencyConstraintGenerateInDDL>
</FKIndexAssociation>